code_file,Model Abstraction Pattern,Classical Models,Preprocessing Text and Numerical Data
https://github.com/HasinthakaPiyumal/AI-Pattern-Mining-Project/blob/main/notebooks/result/repo_callgraph_clusters/3DOD_thesis/cluster_0.py,NO,YES,NO
https://github.com/HasinthakaPiyumal/AI-Pattern-Mining-Project/blob/main/notebooks/result/repo_callgraph_clusters/3DOD_thesis/cluster_1.py,NO,NO,NO
https://github.com/HasinthakaPiyumal/AI-Pattern-Mining-Project/blob/main/notebooks/result/repo_callgraph_clusters/3DOD_thesis/cluster_10.py,NO,YES,NO
https://github.com/HasinthakaPiyumal/AI-Pattern-Mining-Project/blob/main/notebooks/result/repo_callgraph_clusters/3DOD_thesis/cluster_4.py,NO,YES,NO
https://github.com/HasinthakaPiyumal/AI-Pattern-Mining-Project/blob/main/notebooks/result/repo_callgraph_clusters/3DOD_thesis/cluster_5.py,NO,YES,NO
https://github.com/HasinthakaPiyumal/AI-Pattern-Mining-Project/blob/main/notebooks/result/repo_callgraph_clusters/3DOD_thesis/cluster_8.py,NO,YES,NO
https://github.com/HasinthakaPiyumal/AI-Pattern-Mining-Project/blob/main/notebooks/result/repo_callgraph_clusters/3DOD_thesis/cluster_9.py,NO,YES,YES
https://github.com/HasinthakaPiyumal/AI-Pattern-Mining-Project/blob/main/notebooks/result/repo_callgraph_clusters/AIlice/cluster_0.py,NO,NO,NO
https://github.com/HasinthakaPiyumal/AI-Pattern-Mining-Project/blob/main/notebooks/result/repo_callgraph_clusters/AIlice/cluster_1.py,YES,NO,NO
https://github.com/HasinthakaPiyumal/AI-Pattern-Mining-Project/blob/main/notebooks/result/repo_callgraph_clusters/AIlice/cluster_10.py,YES,NO,NO
https://github.com/HasinthakaPiyumal/AI-Pattern-Mining-Project/blob/main/notebooks/result/repo_callgraph_clusters/AIlice/cluster_11.py,NO,NO,NO
https://github.com/HasinthakaPiyumal/AI-Pattern-Mining-Project/blob/main/notebooks/result/repo_callgraph_clusters/AIlice/cluster_14.py,NO,NO,NO
https://github.com/HasinthakaPiyumal/AI-Pattern-Mining-Project/blob/main/notebooks/result/repo_callgraph_clusters/AIlice/cluster_15.py,NO,NO,NO
https://github.com/HasinthakaPiyumal/AI-Pattern-Mining-Project/blob/main/notebooks/result/repo_callgraph_clusters/AIlice/cluster_16.py,NO,NO,NO
https://github.com/HasinthakaPiyumal/AI-Pattern-Mining-Project/blob/main/notebooks/result/repo_callgraph_clusters/AIlice/cluster_17.py,NO,NO,NO
https://github.com/HasinthakaPiyumal/AI-Pattern-Mining-Project/blob/main/notebooks/result/repo_callgraph_clusters/AIlice/cluster_19.py,NO,NO,NO
https://github.com/HasinthakaPiyumal/AI-Pattern-Mining-Project/blob/main/notebooks/result/repo_callgraph_clusters/AIlice/cluster_2.py,NO,NO,NO
https://github.com/HasinthakaPiyumal/AI-Pattern-Mining-Project/blob/main/notebooks/result/repo_callgraph_clusters/AIlice/cluster_21.py,NO,NO,NO
https://github.com/HasinthakaPiyumal/AI-Pattern-Mining-Project/blob/main/notebooks/result/repo_callgraph_clusters/AIlice/cluster_22.py,NO,NO,NO
https://github.com/HasinthakaPiyumal/AI-Pattern-Mining-Project/blob/main/notebooks/result/repo_callgraph_clusters/AIlice/cluster_23.py,NO,NO,NO
https://github.com/HasinthakaPiyumal/AI-Pattern-Mining-Project/blob/main/notebooks/result/repo_callgraph_clusters/AIlice/cluster_24.py,NO,NO,NO
https://github.com/HasinthakaPiyumal/AI-Pattern-Mining-Project/blob/main/notebooks/result/repo_callgraph_clusters/AIlice/cluster_25.py,NO,NO,NO
https://github.com/HasinthakaPiyumal/AI-Pattern-Mining-Project/blob/main/notebooks/result/repo_callgraph_clusters/AIlice/cluster_26.py,NO,NO,NO
https://github.com/HasinthakaPiyumal/AI-Pattern-Mining-Project/blob/main/notebooks/result/repo_callgraph_clusters/AIlice/cluster_27.py,NO,NO,NO
https://github.com/HasinthakaPiyumal/AI-Pattern-Mining-Project/blob/main/notebooks/result/repo_callgraph_clusters/AIlice/cluster_28.py,YES,NO,NO
https://github.com/HasinthakaPiyumal/AI-Pattern-Mining-Project/blob/main/notebooks/result/repo_callgraph_clusters/AIlice/cluster_29.py,NO,NO,NO
https://github.com/HasinthakaPiyumal/AI-Pattern-Mining-Project/blob/main/notebooks/result/repo_callgraph_clusters/AIlice/cluster_3.py,NO,NO,NO
https://github.com/HasinthakaPiyumal/AI-Pattern-Mining-Project/blob/main/notebooks/result/repo_callgraph_clusters/AIlice/cluster_30.py,NO,NO,NO
https://github.com/HasinthakaPiyumal/AI-Pattern-Mining-Project/blob/main/notebooks/result/repo_callgraph_clusters/AIlice/cluster_32.py,YES,NO,NO
https://github.com/HasinthakaPiyumal/AI-Pattern-Mining-Project/blob/main/notebooks/result/repo_callgraph_clusters/AIlice/cluster_33.py,YES,NO,NO
https://github.com/HasinthakaPiyumal/AI-Pattern-Mining-Project/blob/main/notebooks/result/repo_callgraph_clusters/AIlice/cluster_34.py,YES,NO,NO
https://github.com/HasinthakaPiyumal/AI-Pattern-Mining-Project/blob/main/notebooks/result/repo_callgraph_clusters/AIlice/cluster_35.py,NO,NO,NO
https://github.com/HasinthakaPiyumal/AI-Pattern-Mining-Project/blob/main/notebooks/result/repo_callgraph_clusters/AIlice/cluster_36.py,NO,NO,NO
https://github.com/HasinthakaPiyumal/AI-Pattern-Mining-Project/blob/main/notebooks/result/repo_callgraph_clusters/AIlice/cluster_37.py,NO,NO,NO
https://github.com/HasinthakaPiyumal/AI-Pattern-Mining-Project/blob/main/notebooks/result/repo_callgraph_clusters/AIlice/cluster_38.py,NO,NO,NO
https://github.com/HasinthakaPiyumal/AI-Pattern-Mining-Project/blob/main/notebooks/result/repo_callgraph_clusters/AIlice/cluster_4.py,YES,NO,NO
https://github.com/HasinthakaPiyumal/AI-Pattern-Mining-Project/blob/main/notebooks/result/repo_callgraph_clusters/AIlice/cluster_5.py,NO,NO,NO
https://github.com/HasinthakaPiyumal/AI-Pattern-Mining-Project/blob/main/notebooks/result/repo_callgraph_clusters/AIlice/cluster_6.py,YES,NO,NO
https://github.com/HasinthakaPiyumal/AI-Pattern-Mining-Project/blob/main/notebooks/result/repo_callgraph_clusters/AIlice/cluster_7.py,YES,NO,NO
https://github.com/HasinthakaPiyumal/AI-Pattern-Mining-Project/blob/main/notebooks/result/repo_callgraph_clusters/AIlice/cluster_8.py,YES,NO,NO
https://github.com/HasinthakaPiyumal/AI-Pattern-Mining-Project/blob/main/notebooks/result/repo_callgraph_clusters/AIlice/cluster_9.py,NO,NO,NO
https://github.com/HasinthakaPiyumal/AI-Pattern-Mining-Project/blob/main/notebooks/result/repo_callgraph_clusters/AgentBench/cluster_10.py,NO,NO,NO
https://github.com/HasinthakaPiyumal/AI-Pattern-Mining-Project/blob/main/notebooks/result/repo_callgraph_clusters/AgentBench/cluster_11.py,NO,NO,NO
https://github.com/HasinthakaPiyumal/AI-Pattern-Mining-Project/blob/main/notebooks/result/repo_callgraph_clusters/AgentBench/cluster_18.py,NO,NO,NO
https://github.com/HasinthakaPiyumal/AI-Pattern-Mining-Project/blob/main/notebooks/result/repo_callgraph_clusters/AgentBench/cluster_19.py,NO,NO,NO
https://github.com/HasinthakaPiyumal/AI-Pattern-Mining-Project/blob/main/notebooks/result/repo_callgraph_clusters/AgentBench/cluster_20.py,NO,NO,NO
https://github.com/HasinthakaPiyumal/AI-Pattern-Mining-Project/blob/main/notebooks/result/repo_callgraph_clusters/AgentBench/cluster_3.py,NO,NO,NO
https://github.com/HasinthakaPiyumal/AI-Pattern-Mining-Project/blob/main/notebooks/result/repo_callgraph_clusters/AgentBench/cluster_4.py,NO,NO,NO
https://github.com/HasinthakaPiyumal/AI-Pattern-Mining-Project/blob/main/notebooks/result/repo_callgraph_clusters/AgentBench/cluster_5.py,NO,NO,NO
https://github.com/HasinthakaPiyumal/AI-Pattern-Mining-Project/blob/main/notebooks/result/repo_callgraph_clusters/AgentBench/cluster_7.py,NO,NO,NO
https://github.com/HasinthakaPiyumal/AI-Pattern-Mining-Project/blob/main/notebooks/result/repo_callgraph_clusters/AgentBench/cluster_8.py,NO,NO,NO
https://github.com/HasinthakaPiyumal/AI-Pattern-Mining-Project/blob/main/notebooks/result/repo_callgraph_clusters/AgentBench/cluster_9.py,NO,NO,NO
https://github.com/HasinthakaPiyumal/AI-Pattern-Mining-Project/blob/main/notebooks/result/repo_callgraph_clusters/ArxivDigest/cluster_0.py,NO,NO,NO
https://github.com/HasinthakaPiyumal/AI-Pattern-Mining-Project/blob/main/notebooks/result/repo_callgraph_clusters/Automatic_Speech_Recognition/cluster_0.py,NO,NO,NO
https://github.com/HasinthakaPiyumal/AI-Pattern-Mining-Project/blob/main/notebooks/result/repo_callgraph_clusters/Automatic_Speech_Recognition/cluster_1.py,NO,YES,NO
https://github.com/HasinthakaPiyumal/AI-Pattern-Mining-Project/blob/main/notebooks/result/repo_callgraph_clusters/Automatic_Speech_Recognition/cluster_10.py,NO,NO,NO
https://github.com/HasinthakaPiyumal/AI-Pattern-Mining-Project/blob/main/notebooks/result/repo_callgraph_clusters/Automatic_Speech_Recognition/cluster_12.py,NO,YES,NO
https://github.com/HasinthakaPiyumal/AI-Pattern-Mining-Project/blob/main/notebooks/result/repo_callgraph_clusters/Automatic_Speech_Recognition/cluster_14.py,NO,NO,NO
https://github.com/HasinthakaPiyumal/AI-Pattern-Mining-Project/blob/main/notebooks/result/repo_callgraph_clusters/Automatic_Speech_Recognition/cluster_17.py,NO,NO,NO
https://github.com/HasinthakaPiyumal/AI-Pattern-Mining-Project/blob/main/notebooks/result/repo_callgraph_clusters/Automatic_Speech_Recognition/cluster_18.py,NO,NO,NO
https://github.com/HasinthakaPiyumal/AI-Pattern-Mining-Project/blob/main/notebooks/result/repo_callgraph_clusters/Automatic_Speech_Recognition/cluster_4.py,NO,YES,NO
https://github.com/HasinthakaPiyumal/AI-Pattern-Mining-Project/blob/main/notebooks/result/repo_callgraph_clusters/Automatic_Speech_Recognition/cluster_5.py,NO,YES,NO
https://github.com/HasinthakaPiyumal/AI-Pattern-Mining-Project/blob/main/notebooks/result/repo_callgraph_clusters/Automatic_Speech_Recognition/cluster_6.py,NO,NO,NO
https://github.com/HasinthakaPiyumal/AI-Pattern-Mining-Project/blob/main/notebooks/result/repo_callgraph_clusters/Automatic_Speech_Recognition/cluster_7.py,NO,NO,NO
https://github.com/HasinthakaPiyumal/AI-Pattern-Mining-Project/blob/main/notebooks/result/repo_callgraph_clusters/Automatic_Speech_Recognition/cluster_9.py,NO,YES,NO
https://github.com/HasinthakaPiyumal/AI-Pattern-Mining-Project/blob/main/notebooks/result/repo_callgraph_clusters/Autonomous-Driving-in-Carla-using-Deep-Reinforcement-Learning/cluster_0.py,NO,YES,NO
https://github.com/HasinthakaPiyumal/AI-Pattern-Mining-Project/blob/main/notebooks/result/repo_callgraph_clusters/Autonomous-Driving-in-Carla-using-Deep-Reinforcement-Learning/cluster_1.py,NO,YES,NO
https://github.com/HasinthakaPiyumal/AI-Pattern-Mining-Project/blob/main/notebooks/result/repo_callgraph_clusters/Autonomous-Driving-in-Carla-using-Deep-Reinforcement-Learning/cluster_2.py,NO,NO,NO
https://github.com/HasinthakaPiyumal/AI-Pattern-Mining-Project/blob/main/notebooks/result/repo_callgraph_clusters/Autonomous-Driving-in-Carla-using-Deep-Reinforcement-Learning/cluster_4.py,NO,YES,NO
https://github.com/HasinthakaPiyumal/AI-Pattern-Mining-Project/blob/main/notebooks/result/repo_callgraph_clusters/Autonomous-Driving-in-Carla-using-Deep-Reinforcement-Learning/cluster_5.py,NO,NO,NO
https://github.com/HasinthakaPiyumal/AI-Pattern-Mining-Project/blob/main/notebooks/result/repo_callgraph_clusters/Autonomous-Driving-in-Carla-using-Deep-Reinforcement-Learning/cluster_6.py,NO,NO,NO
https://github.com/HasinthakaPiyumal/AI-Pattern-Mining-Project/blob/main/notebooks/result/repo_callgraph_clusters/Autonomous-Driving-in-Carla-using-Deep-Reinforcement-Learning/cluster_7.py,NO,YES,NO
https://github.com/HasinthakaPiyumal/AI-Pattern-Mining-Project/blob/main/notebooks/result/repo_callgraph_clusters/Autonomous-Driving-in-Carla-using-Deep-Reinforcement-Learning/cluster_8.py,NO,NO,NO
https://github.com/HasinthakaPiyumal/AI-Pattern-Mining-Project/blob/main/notebooks/result/repo_callgraph_clusters/BruteForceAI/cluster_1.py,NO,NO,NO
https://github.com/HasinthakaPiyumal/AI-Pattern-Mining-Project/blob/main/notebooks/result/repo_callgraph_clusters/BruteForceAI/cluster_2.py,NO,NO,NO
https://github.com/HasinthakaPiyumal/AI-Pattern-Mining-Project/blob/main/notebooks/result/repo_callgraph_clusters/BruteForceAI/cluster_3.py,NO,NO,NO
https://github.com/HasinthakaPiyumal/AI-Pattern-Mining-Project/blob/main/notebooks/result/repo_callgraph_clusters/CAAFE/cluster_1.py,NO,NO,NO
https://github.com/HasinthakaPiyumal/AI-Pattern-Mining-Project/blob/main/notebooks/result/repo_callgraph_clusters/CAAFE/cluster_2.py,NO,NO,NO
https://github.com/HasinthakaPiyumal/AI-Pattern-Mining-Project/blob/main/notebooks/result/repo_callgraph_clusters/CAAFE/cluster_3.py,NO,NO,NO
https://github.com/HasinthakaPiyumal/AI-Pattern-Mining-Project/blob/main/notebooks/result/repo_callgraph_clusters/CAAFE/cluster_6.py,NO,NO,NO
https://github.com/HasinthakaPiyumal/AI-Pattern-Mining-Project/blob/main/notebooks/result/repo_callgraph_clusters/CAAFE/cluster_7.py,NO,YES,NO
https://github.com/HasinthakaPiyumal/AI-Pattern-Mining-Project/blob/main/notebooks/result/repo_callgraph_clusters/CAAFE/cluster_8.py,NO,NO,NO
https://github.com/HasinthakaPiyumal/AI-Pattern-Mining-Project/blob/main/notebooks/result/repo_callgraph_clusters/ChatSim/cluster_0.py,NO,NO,NO
https://github.com/HasinthakaPiyumal/AI-Pattern-Mining-Project/blob/main/notebooks/result/repo_callgraph_clusters/ChatSim/cluster_1.py,NO,NO,NO
https://github.com/HasinthakaPiyumal/AI-Pattern-Mining-Project/blob/main/notebooks/result/repo_callgraph_clusters/ChatSim/cluster_10.py,NO,NO,NO
https://github.com/HasinthakaPiyumal/AI-Pattern-Mining-Project/blob/main/notebooks/result/repo_callgraph_clusters/ChatSim/cluster_100.py,NO,NO,NO
https://github.com/HasinthakaPiyumal/AI-Pattern-Mining-Project/blob/main/notebooks/result/repo_callgraph_clusters/ChatSim/cluster_101.py,NO,NO,NO
https://github.com/HasinthakaPiyumal/AI-Pattern-Mining-Project/blob/main/notebooks/result/repo_callgraph_clusters/ChatSim/cluster_102.py,NO,NO,NO
https://github.com/HasinthakaPiyumal/AI-Pattern-Mining-Project/blob/main/notebooks/result/repo_callgraph_clusters/ChatSim/cluster_103.py,NO,NO,NO
https://github.com/HasinthakaPiyumal/AI-Pattern-Mining-Project/blob/main/notebooks/result/repo_callgraph_clusters/ChatSim/cluster_105.py,NO,NO,NO
https://github.com/HasinthakaPiyumal/AI-Pattern-Mining-Project/blob/main/notebooks/result/repo_callgraph_clusters/ChatSim/cluster_106.py,NO,NO,NO
https://github.com/HasinthakaPiyumal/AI-Pattern-Mining-Project/blob/main/notebooks/result/repo_callgraph_clusters/ChatSim/cluster_11.py,NO,NO,NO
https://github.com/HasinthakaPiyumal/AI-Pattern-Mining-Project/blob/main/notebooks/result/repo_callgraph_clusters/ChatSim/cluster_112.py,NO,YES,NO
https://github.com/HasinthakaPiyumal/AI-Pattern-Mining-Project/blob/main/notebooks/result/repo_callgraph_clusters/ChatSim/cluster_113.py,NO,YES,NO
https://github.com/HasinthakaPiyumal/AI-Pattern-Mining-Project/blob/main/notebooks/result/repo_callgraph_clusters/ChatSim/cluster_114.py,NO,NO,NO
https://github.com/HasinthakaPiyumal/AI-Pattern-Mining-Project/blob/main/notebooks/result/repo_callgraph_clusters/ChatSim/cluster_115.py,NO,YES,NO
https://github.com/HasinthakaPiyumal/AI-Pattern-Mining-Project/blob/main/notebooks/result/repo_callgraph_clusters/ChatSim/cluster_116.py,NO,NO,NO
https://github.com/HasinthakaPiyumal/AI-Pattern-Mining-Project/blob/main/notebooks/result/repo_callgraph_clusters/ChatSim/cluster_12.py,NO,NO,NO
https://github.com/HasinthakaPiyumal/AI-Pattern-Mining-Project/blob/main/notebooks/result/repo_callgraph_clusters/ChatSim/cluster_120.py,NO,NO,NO
https://github.com/HasinthakaPiyumal/AI-Pattern-Mining-Project/blob/main/notebooks/result/repo_callgraph_clusters/ChatSim/cluster_125.py,NO,NO,NO
https://github.com/HasinthakaPiyumal/AI-Pattern-Mining-Project/blob/main/notebooks/result/repo_callgraph_clusters/ChatSim/cluster_126.py,NO,YES,NO
https://github.com/HasinthakaPiyumal/AI-Pattern-Mining-Project/blob/main/notebooks/result/repo_callgraph_clusters/ChatSim/cluster_131.py,NO,YES,NO
https://github.com/HasinthakaPiyumal/AI-Pattern-Mining-Project/blob/main/notebooks/result/repo_callgraph_clusters/ChatSim/cluster_132.py,NO,NO,NO
https://github.com/HasinthakaPiyumal/AI-Pattern-Mining-Project/blob/main/notebooks/result/repo_callgraph_clusters/ChatSim/cluster_135.py,NO,NO,NO
https://github.com/HasinthakaPiyumal/AI-Pattern-Mining-Project/blob/main/notebooks/result/repo_callgraph_clusters/ChatSim/cluster_136.py,NO,YES,NO
https://github.com/HasinthakaPiyumal/AI-Pattern-Mining-Project/blob/main/notebooks/result/repo_callgraph_clusters/ChatSim/cluster_137.py,NO,YES,NO
https://github.com/HasinthakaPiyumal/AI-Pattern-Mining-Project/blob/main/notebooks/result/repo_callgraph_clusters/ChatSim/cluster_138.py,NO,YES,NO
https://github.com/HasinthakaPiyumal/AI-Pattern-Mining-Project/blob/main/notebooks/result/repo_callgraph_clusters/ChatSim/cluster_139.py,NO,YES,NO
https://github.com/HasinthakaPiyumal/AI-Pattern-Mining-Project/blob/main/notebooks/result/repo_callgraph_clusters/ChatSim/cluster_140.py,NO,YES,NO
https://github.com/HasinthakaPiyumal/AI-Pattern-Mining-Project/blob/main/notebooks/result/repo_callgraph_clusters/ChatSim/cluster_141.py,NO,NO,NO
https://github.com/HasinthakaPiyumal/AI-Pattern-Mining-Project/blob/main/notebooks/result/repo_callgraph_clusters/ChatSim/cluster_143.py,NO,NO,NO
https://github.com/HasinthakaPiyumal/AI-Pattern-Mining-Project/blob/main/notebooks/result/repo_callgraph_clusters/ChatSim/cluster_144.py,NO,YES,NO
https://github.com/HasinthakaPiyumal/AI-Pattern-Mining-Project/blob/main/notebooks/result/repo_callgraph_clusters/ChatSim/cluster_145.py,NO,NO,NO
https://github.com/HasinthakaPiyumal/AI-Pattern-Mining-Project/blob/main/notebooks/result/repo_callgraph_clusters/ChatSim/cluster_146.py,NO,NO,NO
https://github.com/HasinthakaPiyumal/AI-Pattern-Mining-Project/blob/main/notebooks/result/repo_callgraph_clusters/ChatSim/cluster_147.py,NO,YES,NO
https://github.com/HasinthakaPiyumal/AI-Pattern-Mining-Project/blob/main/notebooks/result/repo_callgraph_clusters/ChatSim/cluster_148.py,NO,YES,NO
https://github.com/HasinthakaPiyumal/AI-Pattern-Mining-Project/blob/main/notebooks/result/repo_callgraph_clusters/ChatSim/cluster_149.py,NO,YES,NO
https://github.com/HasinthakaPiyumal/AI-Pattern-Mining-Project/blob/main/notebooks/result/repo_callgraph_clusters/ChatSim/cluster_15.py,NO,YES,NO
https://github.com/HasinthakaPiyumal/AI-Pattern-Mining-Project/blob/main/notebooks/result/repo_callgraph_clusters/ChatSim/cluster_150.py,NO,YES,NO
https://github.com/HasinthakaPiyumal/AI-Pattern-Mining-Project/blob/main/notebooks/result/repo_callgraph_clusters/ChatSim/cluster_151.py,NO,YES,NO
https://github.com/HasinthakaPiyumal/AI-Pattern-Mining-Project/blob/main/notebooks/result/repo_callgraph_clusters/ChatSim/cluster_153.py,NO,NO,NO
https://github.com/HasinthakaPiyumal/AI-Pattern-Mining-Project/blob/main/notebooks/result/repo_callgraph_clusters/ChatSim/cluster_154.py,NO,NO,NO
https://github.com/HasinthakaPiyumal/AI-Pattern-Mining-Project/blob/main/notebooks/result/repo_callgraph_clusters/ChatSim/cluster_156.py,NO,NO,NO
https://github.com/HasinthakaPiyumal/AI-Pattern-Mining-Project/blob/main/notebooks/result/repo_callgraph_clusters/ChatSim/cluster_161.py,NO,NO,NO
https://github.com/HasinthakaPiyumal/AI-Pattern-Mining-Project/blob/main/notebooks/result/repo_callgraph_clusters/ChatSim/cluster_19.py,NO,NO,NO
https://github.com/HasinthakaPiyumal/AI-Pattern-Mining-Project/blob/main/notebooks/result/repo_callgraph_clusters/ChatSim/cluster_2.py,NO,NO,NO
https://github.com/HasinthakaPiyumal/AI-Pattern-Mining-Project/blob/main/notebooks/result/repo_callgraph_clusters/ChatSim/cluster_20.py,NO,NO,NO
https://github.com/HasinthakaPiyumal/AI-Pattern-Mining-Project/blob/main/notebooks/result/repo_callgraph_clusters/ChatSim/cluster_21.py,NO,NO,NO
https://github.com/HasinthakaPiyumal/AI-Pattern-Mining-Project/blob/main/notebooks/result/repo_callgraph_clusters/ChatSim/cluster_22.py,NO,YES,NO
https://github.com/HasinthakaPiyumal/AI-Pattern-Mining-Project/blob/main/notebooks/result/repo_callgraph_clusters/ChatSim/cluster_24.py,NO,NO,NO
https://github.com/HasinthakaPiyumal/AI-Pattern-Mining-Project/blob/main/notebooks/result/repo_callgraph_clusters/ChatSim/cluster_25.py,NO,YES,NO
https://github.com/HasinthakaPiyumal/AI-Pattern-Mining-Project/blob/main/notebooks/result/repo_callgraph_clusters/ChatSim/cluster_26.py,NO,NO,NO
https://github.com/HasinthakaPiyumal/AI-Pattern-Mining-Project/blob/main/notebooks/result/repo_callgraph_clusters/ChatSim/cluster_27.py,NO,NO,NO
https://github.com/HasinthakaPiyumal/AI-Pattern-Mining-Project/blob/main/notebooks/result/repo_callgraph_clusters/ChatSim/cluster_28.py,NO,NO,NO
https://github.com/HasinthakaPiyumal/AI-Pattern-Mining-Project/blob/main/notebooks/result/repo_callgraph_clusters/ChatSim/cluster_29.py,NO,NO,NO
https://github.com/HasinthakaPiyumal/AI-Pattern-Mining-Project/blob/main/notebooks/result/repo_callgraph_clusters/ChatSim/cluster_31.py,NO,YES,NO
https://github.com/HasinthakaPiyumal/AI-Pattern-Mining-Project/blob/main/notebooks/result/repo_callgraph_clusters/ChatSim/cluster_34.py,NO,YES,NO
https://github.com/HasinthakaPiyumal/AI-Pattern-Mining-Project/blob/main/notebooks/result/repo_callgraph_clusters/ChatSim/cluster_35.py,NO,YES,NO
https://github.com/HasinthakaPiyumal/AI-Pattern-Mining-Project/blob/main/notebooks/result/repo_callgraph_clusters/ChatSim/cluster_36.py,NO,NO,NO
https://github.com/HasinthakaPiyumal/AI-Pattern-Mining-Project/blob/main/notebooks/result/repo_callgraph_clusters/ChatSim/cluster_37.py,NO,NO,NO
https://github.com/HasinthakaPiyumal/AI-Pattern-Mining-Project/blob/main/notebooks/result/repo_callgraph_clusters/ChatSim/cluster_38.py,NO,YES,NO
https://github.com/HasinthakaPiyumal/AI-Pattern-Mining-Project/blob/main/notebooks/result/repo_callgraph_clusters/ChatSim/cluster_4.py,NO,YES,NO
https://github.com/HasinthakaPiyumal/AI-Pattern-Mining-Project/blob/main/notebooks/result/repo_callgraph_clusters/ChatSim/cluster_40.py,NO,YES,NO
https://github.com/HasinthakaPiyumal/AI-Pattern-Mining-Project/blob/main/notebooks/result/repo_callgraph_clusters/ChatSim/cluster_43.py,NO,NO,NO
https://github.com/HasinthakaPiyumal/AI-Pattern-Mining-Project/blob/main/notebooks/result/repo_callgraph_clusters/ChatSim/cluster_45.py,NO,YES,NO
https://github.com/HasinthakaPiyumal/AI-Pattern-Mining-Project/blob/main/notebooks/result/repo_callgraph_clusters/ChatSim/cluster_46.py,NO,NO,NO
https://github.com/HasinthakaPiyumal/AI-Pattern-Mining-Project/blob/main/notebooks/result/repo_callgraph_clusters/ChatSim/cluster_53.py,NO,NO,NO
https://github.com/HasinthakaPiyumal/AI-Pattern-Mining-Project/blob/main/notebooks/result/repo_callgraph_clusters/ChatSim/cluster_54.py,NO,NO,NO
https://github.com/HasinthakaPiyumal/AI-Pattern-Mining-Project/blob/main/notebooks/result/repo_callgraph_clusters/ChatSim/cluster_57.py,NO,NO,NO
https://github.com/HasinthakaPiyumal/AI-Pattern-Mining-Project/blob/main/notebooks/result/repo_callgraph_clusters/ChatSim/cluster_59.py,NO,NO,NO
https://github.com/HasinthakaPiyumal/AI-Pattern-Mining-Project/blob/main/notebooks/result/repo_callgraph_clusters/ChatSim/cluster_6.py,NO,NO,NO
https://github.com/HasinthakaPiyumal/AI-Pattern-Mining-Project/blob/main/notebooks/result/repo_callgraph_clusters/ChatSim/cluster_61.py,NO,NO,NO
https://github.com/HasinthakaPiyumal/AI-Pattern-Mining-Project/blob/main/notebooks/result/repo_callgraph_clusters/ChatSim/cluster_64.py,NO,YES,NO
https://github.com/HasinthakaPiyumal/AI-Pattern-Mining-Project/blob/main/notebooks/result/repo_callgraph_clusters/ChatSim/cluster_67.py,NO,NO,NO
https://github.com/HasinthakaPiyumal/AI-Pattern-Mining-Project/blob/main/notebooks/result/repo_callgraph_clusters/ChatSim/cluster_7.py,NO,NO,NO
https://github.com/HasinthakaPiyumal/AI-Pattern-Mining-Project/blob/main/notebooks/result/repo_callgraph_clusters/ChatSim/cluster_71.py,NO,YES,NO
https://github.com/HasinthakaPiyumal/AI-Pattern-Mining-Project/blob/main/notebooks/result/repo_callgraph_clusters/ChatSim/cluster_73.py,NO,YES,NO
https://github.com/HasinthakaPiyumal/AI-Pattern-Mining-Project/blob/main/notebooks/result/repo_callgraph_clusters/ChatSim/cluster_74.py,NO,YES,NO
https://github.com/HasinthakaPiyumal/AI-Pattern-Mining-Project/blob/main/notebooks/result/repo_callgraph_clusters/ChatSim/cluster_75.py,NO,NO,NO
https://github.com/HasinthakaPiyumal/AI-Pattern-Mining-Project/blob/main/notebooks/result/repo_callgraph_clusters/ChatSim/cluster_76.py,NO,YES,NO
https://github.com/HasinthakaPiyumal/AI-Pattern-Mining-Project/blob/main/notebooks/result/repo_callgraph_clusters/ChatSim/cluster_77.py,NO,YES,NO
https://github.com/HasinthakaPiyumal/AI-Pattern-Mining-Project/blob/main/notebooks/result/repo_callgraph_clusters/ChatSim/cluster_78.py,NO,YES,NO
https://github.com/HasinthakaPiyumal/AI-Pattern-Mining-Project/blob/main/notebooks/result/repo_callgraph_clusters/ChatSim/cluster_79.py,NO,YES,NO
https://github.com/HasinthakaPiyumal/AI-Pattern-Mining-Project/blob/main/notebooks/result/repo_callgraph_clusters/ChatSim/cluster_8.py,NO,NO,NO
https://github.com/HasinthakaPiyumal/AI-Pattern-Mining-Project/blob/main/notebooks/result/repo_callgraph_clusters/ChatSim/cluster_80.py,NO,YES,NO
https://github.com/HasinthakaPiyumal/AI-Pattern-Mining-Project/blob/main/notebooks/result/repo_callgraph_clusters/ChatSim/cluster_81.py,NO,YES,NO
https://github.com/HasinthakaPiyumal/AI-Pattern-Mining-Project/blob/main/notebooks/result/repo_callgraph_clusters/ChatSim/cluster_84.py,NO,YES,NO
https://github.com/HasinthakaPiyumal/AI-Pattern-Mining-Project/blob/main/notebooks/result/repo_callgraph_clusters/ChatSim/cluster_85.py,NO,YES,NO
https://github.com/HasinthakaPiyumal/AI-Pattern-Mining-Project/blob/main/notebooks/result/repo_callgraph_clusters/ChatSim/cluster_86.py,NO,NO,NO
https://github.com/HasinthakaPiyumal/AI-Pattern-Mining-Project/blob/main/notebooks/result/repo_callgraph_clusters/ChatSim/cluster_87.py,NO,NO,NO
https://github.com/HasinthakaPiyumal/AI-Pattern-Mining-Project/blob/main/notebooks/result/repo_callgraph_clusters/ChatSim/cluster_88.py,NO,NO,NO
https://github.com/HasinthakaPiyumal/AI-Pattern-Mining-Project/blob/main/notebooks/result/repo_callgraph_clusters/ChatSim/cluster_89.py,NO,YES,NO
https://github.com/HasinthakaPiyumal/AI-Pattern-Mining-Project/blob/main/notebooks/result/repo_callgraph_clusters/ChatSim/cluster_9.py,NO,YES,NO
https://github.com/HasinthakaPiyumal/AI-Pattern-Mining-Project/blob/main/notebooks/result/repo_callgraph_clusters/ChatSim/cluster_90.py,NO,YES,NO
https://github.com/HasinthakaPiyumal/AI-Pattern-Mining-Project/blob/main/notebooks/result/repo_callgraph_clusters/ChatSim/cluster_91.py,NO,NO,NO
https://github.com/HasinthakaPiyumal/AI-Pattern-Mining-Project/blob/main/notebooks/result/repo_callgraph_clusters/ChatSim/cluster_92.py,NO,NO,NO
https://github.com/HasinthakaPiyumal/AI-Pattern-Mining-Project/blob/main/notebooks/result/repo_callgraph_clusters/ChatSim/cluster_93.py,NO,NO,NO
https://github.com/HasinthakaPiyumal/AI-Pattern-Mining-Project/blob/main/notebooks/result/repo_callgraph_clusters/ChatSim/cluster_94.py,NO,NO,NO
https://github.com/HasinthakaPiyumal/AI-Pattern-Mining-Project/blob/main/notebooks/result/repo_callgraph_clusters/ChatSim/cluster_95.py,NO,NO,NO
https://github.com/HasinthakaPiyumal/AI-Pattern-Mining-Project/blob/main/notebooks/result/repo_callgraph_clusters/ChatSim/cluster_96.py,NO,YES,NO
https://github.com/HasinthakaPiyumal/AI-Pattern-Mining-Project/blob/main/notebooks/result/repo_callgraph_clusters/ChatSim/cluster_97.py,NO,YES,NO
https://github.com/HasinthakaPiyumal/AI-Pattern-Mining-Project/blob/main/notebooks/result/repo_callgraph_clusters/ChatSim/cluster_98.py,NO,YES,NO
https://github.com/HasinthakaPiyumal/AI-Pattern-Mining-Project/blob/main/notebooks/result/repo_callgraph_clusters/ChatSim/cluster_99.py,NO,YES,NO
https://github.com/HasinthakaPiyumal/AI-Pattern-Mining-Project/blob/main/notebooks/result/repo_callgraph_clusters/Copilot-Agent-365/cluster_0.py,NO,NO,NO
https://github.com/HasinthakaPiyumal/AI-Pattern-Mining-Project/blob/main/notebooks/result/repo_callgraph_clusters/Copilot-Agent-365/cluster_1.py,NO,NO,NO
https://github.com/HasinthakaPiyumal/AI-Pattern-Mining-Project/blob/main/notebooks/result/repo_callgraph_clusters/Copilot-Agent-365/cluster_2.py,NO,NO,NO
https://github.com/HasinthakaPiyumal/AI-Pattern-Mining-Project/blob/main/notebooks/result/repo_callgraph_clusters/Copilot-Agent-365/cluster_3.py,NO,NO,NO
https://github.com/HasinthakaPiyumal/AI-Pattern-Mining-Project/blob/main/notebooks/result/repo_callgraph_clusters/Copilot-Agent-365/cluster_4.py,NO,NO,NO
https://github.com/HasinthakaPiyumal/AI-Pattern-Mining-Project/blob/main/notebooks/result/repo_callgraph_clusters/CyberScraper-2077/cluster_5.py,NO,NO,NO
https://github.com/HasinthakaPiyumal/AI-Pattern-Mining-Project/blob/main/notebooks/result/repo_callgraph_clusters/CyberScraper-2077/cluster_6.py,NO,NO,NO
https://github.com/HasinthakaPiyumal/AI-Pattern-Mining-Project/blob/main/notebooks/result/repo_callgraph_clusters/CyberScraper-2077/cluster_7.py,YES,NO,NO
https://github.com/HasinthakaPiyumal/AI-Pattern-Mining-Project/blob/main/notebooks/result/repo_callgraph_clusters/DLTA-AI/cluster_0.py,NO,NO,NO
https://github.com/HasinthakaPiyumal/AI-Pattern-Mining-Project/blob/main/notebooks/result/repo_callgraph_clusters/DLTA-AI/cluster_1.py,NO,YES,NO
https://github.com/HasinthakaPiyumal/AI-Pattern-Mining-Project/blob/main/notebooks/result/repo_callgraph_clusters/DLTA-AI/cluster_10.py,NO,NO,NO
https://github.com/HasinthakaPiyumal/AI-Pattern-Mining-Project/blob/main/notebooks/result/repo_callgraph_clusters/DLTA-AI/cluster_103.py,NO,NO,NO
https://github.com/HasinthakaPiyumal/AI-Pattern-Mining-Project/blob/main/notebooks/result/repo_callgraph_clusters/DLTA-AI/cluster_105.py,NO,NO,NO
https://github.com/HasinthakaPiyumal/AI-Pattern-Mining-Project/blob/main/notebooks/result/repo_callgraph_clusters/DLTA-AI/cluster_106.py,NO,NO,NO
https://github.com/HasinthakaPiyumal/AI-Pattern-Mining-Project/blob/main/notebooks/result/repo_callgraph_clusters/DLTA-AI/cluster_107.py,NO,NO,NO
https://github.com/HasinthakaPiyumal/AI-Pattern-Mining-Project/blob/main/notebooks/result/repo_callgraph_clusters/DLTA-AI/cluster_108.py,NO,NO,NO
https://github.com/HasinthakaPiyumal/AI-Pattern-Mining-Project/blob/main/notebooks/result/repo_callgraph_clusters/DLTA-AI/cluster_109.py,NO,NO,NO
https://github.com/HasinthakaPiyumal/AI-Pattern-Mining-Project/blob/main/notebooks/result/repo_callgraph_clusters/DLTA-AI/cluster_11.py,NO,NO,NO
https://github.com/HasinthakaPiyumal/AI-Pattern-Mining-Project/blob/main/notebooks/result/repo_callgraph_clusters/DLTA-AI/cluster_110.py,NO,NO,NO
https://github.com/HasinthakaPiyumal/AI-Pattern-Mining-Project/blob/main/notebooks/result/repo_callgraph_clusters/DLTA-AI/cluster_111.py,NO,NO,NO
https://github.com/HasinthakaPiyumal/AI-Pattern-Mining-Project/blob/main/notebooks/result/repo_callgraph_clusters/DLTA-AI/cluster_116.py,NO,YES,NO
https://github.com/HasinthakaPiyumal/AI-Pattern-Mining-Project/blob/main/notebooks/result/repo_callgraph_clusters/DLTA-AI/cluster_117.py,NO,YES,NO
https://github.com/HasinthakaPiyumal/AI-Pattern-Mining-Project/blob/main/notebooks/result/repo_callgraph_clusters/DLTA-AI/cluster_118.py,NO,NO,NO
https://github.com/HasinthakaPiyumal/AI-Pattern-Mining-Project/blob/main/notebooks/result/repo_callgraph_clusters/DLTA-AI/cluster_12.py,NO,NO,NO
https://github.com/HasinthakaPiyumal/AI-Pattern-Mining-Project/blob/main/notebooks/result/repo_callgraph_clusters/DLTA-AI/cluster_120.py,NO,YES,NO
https://github.com/HasinthakaPiyumal/AI-Pattern-Mining-Project/blob/main/notebooks/result/repo_callgraph_clusters/DLTA-AI/cluster_121.py,NO,YES,NO
https://github.com/HasinthakaPiyumal/AI-Pattern-Mining-Project/blob/main/notebooks/result/repo_callgraph_clusters/DLTA-AI/cluster_122.py,NO,NO,NO
https://github.com/HasinthakaPiyumal/AI-Pattern-Mining-Project/blob/main/notebooks/result/repo_callgraph_clusters/DLTA-AI/cluster_123.py,NO,NO,NO
https://github.com/HasinthakaPiyumal/AI-Pattern-Mining-Project/blob/main/notebooks/result/repo_callgraph_clusters/DLTA-AI/cluster_124.py,NO,NO,NO
https://github.com/HasinthakaPiyumal/AI-Pattern-Mining-Project/blob/main/notebooks/result/repo_callgraph_clusters/DLTA-AI/cluster_125.py,NO,NO,NO
https://github.com/HasinthakaPiyumal/AI-Pattern-Mining-Project/blob/main/notebooks/result/repo_callgraph_clusters/DLTA-AI/cluster_13.py,NO,NO,NO
https://github.com/HasinthakaPiyumal/AI-Pattern-Mining-Project/blob/main/notebooks/result/repo_callgraph_clusters/DLTA-AI/cluster_14.py,NO,YES,NO
https://github.com/HasinthakaPiyumal/AI-Pattern-Mining-Project/blob/main/notebooks/result/repo_callgraph_clusters/DLTA-AI/cluster_15.py,NO,NO,NO
https://github.com/HasinthakaPiyumal/AI-Pattern-Mining-Project/blob/main/notebooks/result/repo_callgraph_clusters/DLTA-AI/cluster_17.py,NO,YES,NO
https://github.com/HasinthakaPiyumal/AI-Pattern-Mining-Project/blob/main/notebooks/result/repo_callgraph_clusters/DLTA-AI/cluster_18.py,NO,YES,NO
https://github.com/HasinthakaPiyumal/AI-Pattern-Mining-Project/blob/main/notebooks/result/repo_callgraph_clusters/DLTA-AI/cluster_2.py,NO,NO,NO
https://github.com/HasinthakaPiyumal/AI-Pattern-Mining-Project/blob/main/notebooks/result/repo_callgraph_clusters/DLTA-AI/cluster_20.py,NO,YES,NO
https://github.com/HasinthakaPiyumal/AI-Pattern-Mining-Project/blob/main/notebooks/result/repo_callgraph_clusters/DLTA-AI/cluster_21.py,NO,YES,NO
https://github.com/HasinthakaPiyumal/AI-Pattern-Mining-Project/blob/main/notebooks/result/repo_callgraph_clusters/DLTA-AI/cluster_22.py,NO,YES,NO
https://github.com/HasinthakaPiyumal/AI-Pattern-Mining-Project/blob/main/notebooks/result/repo_callgraph_clusters/DLTA-AI/cluster_23.py,NO,NO,NO
https://github.com/HasinthakaPiyumal/AI-Pattern-Mining-Project/blob/main/notebooks/result/repo_callgraph_clusters/DLTA-AI/cluster_24.py,NO,NO,NO
https://github.com/HasinthakaPiyumal/AI-Pattern-Mining-Project/blob/main/notebooks/result/repo_callgraph_clusters/DLTA-AI/cluster_25.py,NO,YES,NO
https://github.com/HasinthakaPiyumal/AI-Pattern-Mining-Project/blob/main/notebooks/result/repo_callgraph_clusters/DLTA-AI/cluster_26.py,NO,NO,NO
https://github.com/HasinthakaPiyumal/AI-Pattern-Mining-Project/blob/main/notebooks/result/repo_callgraph_clusters/DLTA-AI/cluster_27.py,NO,YES,NO
https://github.com/HasinthakaPiyumal/AI-Pattern-Mining-Project/blob/main/notebooks/result/repo_callgraph_clusters/DLTA-AI/cluster_28.py,NO,YES,NO
https://github.com/HasinthakaPiyumal/AI-Pattern-Mining-Project/blob/main/notebooks/result/repo_callgraph_clusters/DLTA-AI/cluster_29.py,NO,NO,NO
https://github.com/HasinthakaPiyumal/AI-Pattern-Mining-Project/blob/main/notebooks/result/repo_callgraph_clusters/DLTA-AI/cluster_31.py,NO,NO,NO
https://github.com/HasinthakaPiyumal/AI-Pattern-Mining-Project/blob/main/notebooks/result/repo_callgraph_clusters/DLTA-AI/cluster_32.py,NO,NO,NO
https://github.com/HasinthakaPiyumal/AI-Pattern-Mining-Project/blob/main/notebooks/result/repo_callgraph_clusters/DLTA-AI/cluster_33.py,NO,YES,NO
https://github.com/HasinthakaPiyumal/AI-Pattern-Mining-Project/blob/main/notebooks/result/repo_callgraph_clusters/DLTA-AI/cluster_34.py,NO,YES,NO
https://github.com/HasinthakaPiyumal/AI-Pattern-Mining-Project/blob/main/notebooks/result/repo_callgraph_clusters/DLTA-AI/cluster_35.py,NO,YES,NO
https://github.com/HasinthakaPiyumal/AI-Pattern-Mining-Project/blob/main/notebooks/result/repo_callgraph_clusters/DLTA-AI/cluster_36.py,NO,NO,NO
https://github.com/HasinthakaPiyumal/AI-Pattern-Mining-Project/blob/main/notebooks/result/repo_callgraph_clusters/DLTA-AI/cluster_37.py,NO,NO,NO
https://github.com/HasinthakaPiyumal/AI-Pattern-Mining-Project/blob/main/notebooks/result/repo_callgraph_clusters/DLTA-AI/cluster_38.py,NO,NO,NO
https://github.com/HasinthakaPiyumal/AI-Pattern-Mining-Project/blob/main/notebooks/result/repo_callgraph_clusters/DLTA-AI/cluster_39.py,NO,YES,NO
https://github.com/HasinthakaPiyumal/AI-Pattern-Mining-Project/blob/main/notebooks/result/repo_callgraph_clusters/DLTA-AI/cluster_4.py,NO,NO,NO
https://github.com/HasinthakaPiyumal/AI-Pattern-Mining-Project/blob/main/notebooks/result/repo_callgraph_clusters/DLTA-AI/cluster_40.py,NO,NO,NO
https://github.com/HasinthakaPiyumal/AI-Pattern-Mining-Project/blob/main/notebooks/result/repo_callgraph_clusters/DLTA-AI/cluster_41.py,NO,YES,NO
https://github.com/HasinthakaPiyumal/AI-Pattern-Mining-Project/blob/main/notebooks/result/repo_callgraph_clusters/DLTA-AI/cluster_42.py,NO,YES,NO
https://github.com/HasinthakaPiyumal/AI-Pattern-Mining-Project/blob/main/notebooks/result/repo_callgraph_clusters/DLTA-AI/cluster_43.py,NO,NO,NO
https://github.com/HasinthakaPiyumal/AI-Pattern-Mining-Project/blob/main/notebooks/result/repo_callgraph_clusters/DLTA-AI/cluster_44.py,NO,NO,NO
https://github.com/HasinthakaPiyumal/AI-Pattern-Mining-Project/blob/main/notebooks/result/repo_callgraph_clusters/DLTA-AI/cluster_45.py,NO,NO,NO
https://github.com/HasinthakaPiyumal/AI-Pattern-Mining-Project/blob/main/notebooks/result/repo_callgraph_clusters/DLTA-AI/cluster_46.py,NO,NO,NO
https://github.com/HasinthakaPiyumal/AI-Pattern-Mining-Project/blob/main/notebooks/result/repo_callgraph_clusters/DLTA-AI/cluster_47.py,NO,NO,NO
https://github.com/HasinthakaPiyumal/AI-Pattern-Mining-Project/blob/main/notebooks/result/repo_callgraph_clusters/DLTA-AI/cluster_48.py,NO,YES,NO
https://github.com/HasinthakaPiyumal/AI-Pattern-Mining-Project/blob/main/notebooks/result/repo_callgraph_clusters/DLTA-AI/cluster_49.py,NO,NO,NO
https://github.com/HasinthakaPiyumal/AI-Pattern-Mining-Project/blob/main/notebooks/result/repo_callgraph_clusters/DLTA-AI/cluster_5.py,NO,NO,NO
https://github.com/HasinthakaPiyumal/AI-Pattern-Mining-Project/blob/main/notebooks/result/repo_callgraph_clusters/DLTA-AI/cluster_50.py,NO,YES,NO
https://github.com/HasinthakaPiyumal/AI-Pattern-Mining-Project/blob/main/notebooks/result/repo_callgraph_clusters/DLTA-AI/cluster_51.py,NO,NO,NO
https://github.com/HasinthakaPiyumal/AI-Pattern-Mining-Project/blob/main/notebooks/result/repo_callgraph_clusters/DLTA-AI/cluster_52.py,NO,NO,NO
https://github.com/HasinthakaPiyumal/AI-Pattern-Mining-Project/blob/main/notebooks/result/repo_callgraph_clusters/DLTA-AI/cluster_54.py,NO,NO,NO
https://github.com/HasinthakaPiyumal/AI-Pattern-Mining-Project/blob/main/notebooks/result/repo_callgraph_clusters/DLTA-AI/cluster_55.py,NO,YES,NO
https://github.com/HasinthakaPiyumal/AI-Pattern-Mining-Project/blob/main/notebooks/result/repo_callgraph_clusters/DLTA-AI/cluster_56.py,NO,NO,NO
https://github.com/HasinthakaPiyumal/AI-Pattern-Mining-Project/blob/main/notebooks/result/repo_callgraph_clusters/DLTA-AI/cluster_57.py,NO,NO,NO
https://github.com/HasinthakaPiyumal/AI-Pattern-Mining-Project/blob/main/notebooks/result/repo_callgraph_clusters/DLTA-AI/cluster_58.py,NO,NO,NO
https://github.com/HasinthakaPiyumal/AI-Pattern-Mining-Project/blob/main/notebooks/result/repo_callgraph_clusters/DLTA-AI/cluster_59.py,NO,NO,NO
https://github.com/HasinthakaPiyumal/AI-Pattern-Mining-Project/blob/main/notebooks/result/repo_callgraph_clusters/DLTA-AI/cluster_6.py,NO,NO,NO
https://github.com/HasinthakaPiyumal/AI-Pattern-Mining-Project/blob/main/notebooks/result/repo_callgraph_clusters/DLTA-AI/cluster_60.py,NO,NO,NO
https://github.com/HasinthakaPiyumal/AI-Pattern-Mining-Project/blob/main/notebooks/result/repo_callgraph_clusters/DLTA-AI/cluster_61.py,NO,YES,NO
https://github.com/HasinthakaPiyumal/AI-Pattern-Mining-Project/blob/main/notebooks/result/repo_callgraph_clusters/DLTA-AI/cluster_62.py,NO,NO,NO
https://github.com/HasinthakaPiyumal/AI-Pattern-Mining-Project/blob/main/notebooks/result/repo_callgraph_clusters/DLTA-AI/cluster_63.py,NO,YES,NO
https://github.com/HasinthakaPiyumal/AI-Pattern-Mining-Project/blob/main/notebooks/result/repo_callgraph_clusters/DLTA-AI/cluster_64.py,NO,YES,NO
https://github.com/HasinthakaPiyumal/AI-Pattern-Mining-Project/blob/main/notebooks/result/repo_callgraph_clusters/DLTA-AI/cluster_65.py,NO,YES,NO
https://github.com/HasinthakaPiyumal/AI-Pattern-Mining-Project/blob/main/notebooks/result/repo_callgraph_clusters/DLTA-AI/cluster_66.py,NO,YES,NO
https://github.com/HasinthakaPiyumal/AI-Pattern-Mining-Project/blob/main/notebooks/result/repo_callgraph_clusters/DLTA-AI/cluster_67.py,NO,YES,NO
https://github.com/HasinthakaPiyumal/AI-Pattern-Mining-Project/blob/main/notebooks/result/repo_callgraph_clusters/DLTA-AI/cluster_68.py,NO,YES,NO
https://github.com/HasinthakaPiyumal/AI-Pattern-Mining-Project/blob/main/notebooks/result/repo_callgraph_clusters/DLTA-AI/cluster_69.py,NO,NO,NO
https://github.com/HasinthakaPiyumal/AI-Pattern-Mining-Project/blob/main/notebooks/result/repo_callgraph_clusters/DLTA-AI/cluster_70.py,NO,YES,NO
https://github.com/HasinthakaPiyumal/AI-Pattern-Mining-Project/blob/main/notebooks/result/repo_callgraph_clusters/DLTA-AI/cluster_71.py,NO,YES,NO
https://github.com/HasinthakaPiyumal/AI-Pattern-Mining-Project/blob/main/notebooks/result/repo_callgraph_clusters/DLTA-AI/cluster_72.py,NO,YES,NO
https://github.com/HasinthakaPiyumal/AI-Pattern-Mining-Project/blob/main/notebooks/result/repo_callgraph_clusters/DLTA-AI/cluster_73.py,NO,YES,NO
https://github.com/HasinthakaPiyumal/AI-Pattern-Mining-Project/blob/main/notebooks/result/repo_callgraph_clusters/DLTA-AI/cluster_74.py,NO,NO,NO
https://github.com/HasinthakaPiyumal/AI-Pattern-Mining-Project/blob/main/notebooks/result/repo_callgraph_clusters/DLTA-AI/cluster_75.py,NO,YES,NO
https://github.com/HasinthakaPiyumal/AI-Pattern-Mining-Project/blob/main/notebooks/result/repo_callgraph_clusters/DLTA-AI/cluster_76.py,NO,YES,NO
https://github.com/HasinthakaPiyumal/AI-Pattern-Mining-Project/blob/main/notebooks/result/repo_callgraph_clusters/DLTA-AI/cluster_77.py,NO,YES,NO
https://github.com/HasinthakaPiyumal/AI-Pattern-Mining-Project/blob/main/notebooks/result/repo_callgraph_clusters/DLTA-AI/cluster_78.py,NO,YES,NO
https://github.com/HasinthakaPiyumal/AI-Pattern-Mining-Project/blob/main/notebooks/result/repo_callgraph_clusters/DLTA-AI/cluster_79.py,NO,YES,NO
https://github.com/HasinthakaPiyumal/AI-Pattern-Mining-Project/blob/main/notebooks/result/repo_callgraph_clusters/DLTA-AI/cluster_80.py,NO,NO,NO
https://github.com/HasinthakaPiyumal/AI-Pattern-Mining-Project/blob/main/notebooks/result/repo_callgraph_clusters/DLTA-AI/cluster_81.py,NO,YES,NO
https://github.com/HasinthakaPiyumal/AI-Pattern-Mining-Project/blob/main/notebooks/result/repo_callgraph_clusters/DLTA-AI/cluster_82.py,NO,NO,NO
https://github.com/HasinthakaPiyumal/AI-Pattern-Mining-Project/blob/main/notebooks/result/repo_callgraph_clusters/DLTA-AI/cluster_83.py,NO,NO,NO
https://github.com/HasinthakaPiyumal/AI-Pattern-Mining-Project/blob/main/notebooks/result/repo_callgraph_clusters/DLTA-AI/cluster_85.py,NO,NO,NO
https://github.com/HasinthakaPiyumal/AI-Pattern-Mining-Project/blob/main/notebooks/result/repo_callgraph_clusters/DLTA-AI/cluster_86.py,NO,NO,NO
https://github.com/HasinthakaPiyumal/AI-Pattern-Mining-Project/blob/main/notebooks/result/repo_callgraph_clusters/DLTA-AI/cluster_88.py,NO,NO,NO
https://github.com/HasinthakaPiyumal/AI-Pattern-Mining-Project/blob/main/notebooks/result/repo_callgraph_clusters/DLTA-AI/cluster_89.py,NO,NO,NO
https://github.com/HasinthakaPiyumal/AI-Pattern-Mining-Project/blob/main/notebooks/result/repo_callgraph_clusters/DLTA-AI/cluster_90.py,NO,YES,NO
https://github.com/HasinthakaPiyumal/AI-Pattern-Mining-Project/blob/main/notebooks/result/repo_callgraph_clusters/DLTA-AI/cluster_91.py,NO,NO,NO
https://github.com/HasinthakaPiyumal/AI-Pattern-Mining-Project/blob/main/notebooks/result/repo_callgraph_clusters/DLTA-AI/cluster_93.py,NO,NO,NO
https://github.com/HasinthakaPiyumal/AI-Pattern-Mining-Project/blob/main/notebooks/result/repo_callgraph_clusters/DLTA-AI/cluster_97.py,NO,NO,NO
https://github.com/HasinthakaPiyumal/AI-Pattern-Mining-Project/blob/main/notebooks/result/repo_callgraph_clusters/DRL-Pytorch/cluster_0.py,NO,YES,NO
https://github.com/HasinthakaPiyumal/AI-Pattern-Mining-Project/blob/main/notebooks/result/repo_callgraph_clusters/DRL-Pytorch/cluster_1.py,NO,YES,NO
https://github.com/HasinthakaPiyumal/AI-Pattern-Mining-Project/blob/main/notebooks/result/repo_callgraph_clusters/DRL-Pytorch/cluster_2.py,NO,YES,NO
https://github.com/HasinthakaPiyumal/AI-Pattern-Mining-Project/blob/main/notebooks/result/repo_callgraph_clusters/DRL-Pytorch/cluster_3.py,NO,NO,NO
https://github.com/HasinthakaPiyumal/AI-Pattern-Mining-Project/blob/main/notebooks/result/repo_callgraph_clusters/DRL-Pytorch/cluster_4.py,NO,YES,NO
https://github.com/HasinthakaPiyumal/AI-Pattern-Mining-Project/blob/main/notebooks/result/repo_callgraph_clusters/DRL-Pytorch/cluster_5.py,NO,NO,NO
https://github.com/HasinthakaPiyumal/AI-Pattern-Mining-Project/blob/main/notebooks/result/repo_callgraph_clusters/DRL-Pytorch/cluster_6.py,NO,YES,NO
https://github.com/HasinthakaPiyumal/AI-Pattern-Mining-Project/blob/main/notebooks/result/repo_callgraph_clusters/DeepLearning-IDS/cluster_1.py,NO,YES,NO
https://github.com/HasinthakaPiyumal/AI-Pattern-Mining-Project/blob/main/notebooks/result/repo_callgraph_clusters/DeepLearning-IDS/cluster_2.py,NO,NO,NO
https://github.com/HasinthakaPiyumal/AI-Pattern-Mining-Project/blob/main/notebooks/result/repo_callgraph_clusters/EvoAgentX/cluster_0.py,NO,NO,NO
https://github.com/HasinthakaPiyumal/AI-Pattern-Mining-Project/blob/main/notebooks/result/repo_callgraph_clusters/EvoAgentX/cluster_1.py,NO,NO,NO
https://github.com/HasinthakaPiyumal/AI-Pattern-Mining-Project/blob/main/notebooks/result/repo_callgraph_clusters/EvoAgentX/cluster_10.py,NO,NO,NO
https://github.com/HasinthakaPiyumal/AI-Pattern-Mining-Project/blob/main/notebooks/result/repo_callgraph_clusters/EvoAgentX/cluster_11.py,NO,NO,NO
https://github.com/HasinthakaPiyumal/AI-Pattern-Mining-Project/blob/main/notebooks/result/repo_callgraph_clusters/EvoAgentX/cluster_12.py,NO,NO,NO
https://github.com/HasinthakaPiyumal/AI-Pattern-Mining-Project/blob/main/notebooks/result/repo_callgraph_clusters/EvoAgentX/cluster_13.py,NO,NO,NO
https://github.com/HasinthakaPiyumal/AI-Pattern-Mining-Project/blob/main/notebooks/result/repo_callgraph_clusters/EvoAgentX/cluster_14.py,NO,NO,NO
https://github.com/HasinthakaPiyumal/AI-Pattern-Mining-Project/blob/main/notebooks/result/repo_callgraph_clusters/EvoAgentX/cluster_15.py,NO,NO,NO
https://github.com/HasinthakaPiyumal/AI-Pattern-Mining-Project/blob/main/notebooks/result/repo_callgraph_clusters/EvoAgentX/cluster_16.py,NO,NO,NO
https://github.com/HasinthakaPiyumal/AI-Pattern-Mining-Project/blob/main/notebooks/result/repo_callgraph_clusters/EvoAgentX/cluster_17.py,NO,NO,NO
https://github.com/HasinthakaPiyumal/AI-Pattern-Mining-Project/blob/main/notebooks/result/repo_callgraph_clusters/EvoAgentX/cluster_19.py,YES,NO,NO
https://github.com/HasinthakaPiyumal/AI-Pattern-Mining-Project/blob/main/notebooks/result/repo_callgraph_clusters/EvoAgentX/cluster_2.py,NO,NO,NO
https://github.com/HasinthakaPiyumal/AI-Pattern-Mining-Project/blob/main/notebooks/result/repo_callgraph_clusters/EvoAgentX/cluster_20.py,YES,NO,NO
https://github.com/HasinthakaPiyumal/AI-Pattern-Mining-Project/blob/main/notebooks/result/repo_callgraph_clusters/EvoAgentX/cluster_21.py,YES,NO,NO
https://github.com/HasinthakaPiyumal/AI-Pattern-Mining-Project/blob/main/notebooks/result/repo_callgraph_clusters/EvoAgentX/cluster_22.py,NO,NO,NO
https://github.com/HasinthakaPiyumal/AI-Pattern-Mining-Project/blob/main/notebooks/result/repo_callgraph_clusters/EvoAgentX/cluster_23.py,NO,NO,NO
https://github.com/HasinthakaPiyumal/AI-Pattern-Mining-Project/blob/main/notebooks/result/repo_callgraph_clusters/EvoAgentX/cluster_24.py,NO,NO,NO
https://github.com/HasinthakaPiyumal/AI-Pattern-Mining-Project/blob/main/notebooks/result/repo_callgraph_clusters/EvoAgentX/cluster_27.py,NO,NO,NO
https://github.com/HasinthakaPiyumal/AI-Pattern-Mining-Project/blob/main/notebooks/result/repo_callgraph_clusters/EvoAgentX/cluster_28.py,YES,NO,NO
https://github.com/HasinthakaPiyumal/AI-Pattern-Mining-Project/blob/main/notebooks/result/repo_callgraph_clusters/EvoAgentX/cluster_29.py,YES,NO,NO
https://github.com/HasinthakaPiyumal/AI-Pattern-Mining-Project/blob/main/notebooks/result/repo_callgraph_clusters/EvoAgentX/cluster_3.py,NO,NO,NO
https://github.com/HasinthakaPiyumal/AI-Pattern-Mining-Project/blob/main/notebooks/result/repo_callgraph_clusters/EvoAgentX/cluster_30.py,NO,NO,NO
https://github.com/HasinthakaPiyumal/AI-Pattern-Mining-Project/blob/main/notebooks/result/repo_callgraph_clusters/EvoAgentX/cluster_31.py,NO,NO,NO
https://github.com/HasinthakaPiyumal/AI-Pattern-Mining-Project/blob/main/notebooks/result/repo_callgraph_clusters/EvoAgentX/cluster_32.py,NO,NO,NO
https://github.com/HasinthakaPiyumal/AI-Pattern-Mining-Project/blob/main/notebooks/result/repo_callgraph_clusters/EvoAgentX/cluster_33.py,NO,NO,NO
https://github.com/HasinthakaPiyumal/AI-Pattern-Mining-Project/blob/main/notebooks/result/repo_callgraph_clusters/EvoAgentX/cluster_35.py,NO,NO,NO
https://github.com/HasinthakaPiyumal/AI-Pattern-Mining-Project/blob/main/notebooks/result/repo_callgraph_clusters/EvoAgentX/cluster_38.py,NO,NO,NO
https://github.com/HasinthakaPiyumal/AI-Pattern-Mining-Project/blob/main/notebooks/result/repo_callgraph_clusters/EvoAgentX/cluster_39.py,NO,NO,NO
https://github.com/HasinthakaPiyumal/AI-Pattern-Mining-Project/blob/main/notebooks/result/repo_callgraph_clusters/EvoAgentX/cluster_40.py,NO,NO,NO
https://github.com/HasinthakaPiyumal/AI-Pattern-Mining-Project/blob/main/notebooks/result/repo_callgraph_clusters/EvoAgentX/cluster_41.py,NO,NO,NO
https://github.com/HasinthakaPiyumal/AI-Pattern-Mining-Project/blob/main/notebooks/result/repo_callgraph_clusters/EvoAgentX/cluster_47.py,YES,NO,NO
https://github.com/HasinthakaPiyumal/AI-Pattern-Mining-Project/blob/main/notebooks/result/repo_callgraph_clusters/EvoAgentX/cluster_48.py,NO,NO,NO
https://github.com/HasinthakaPiyumal/AI-Pattern-Mining-Project/blob/main/notebooks/result/repo_callgraph_clusters/EvoAgentX/cluster_49.py,NO,NO,NO
https://github.com/HasinthakaPiyumal/AI-Pattern-Mining-Project/blob/main/notebooks/result/repo_callgraph_clusters/EvoAgentX/cluster_51.py,NO,NO,NO
https://github.com/HasinthakaPiyumal/AI-Pattern-Mining-Project/blob/main/notebooks/result/repo_callgraph_clusters/EvoAgentX/cluster_52.py,YES,NO,NO
https://github.com/HasinthakaPiyumal/AI-Pattern-Mining-Project/blob/main/notebooks/result/repo_callgraph_clusters/EvoAgentX/cluster_53.py,NO,NO,NO
https://github.com/HasinthakaPiyumal/AI-Pattern-Mining-Project/blob/main/notebooks/result/repo_callgraph_clusters/EvoAgentX/cluster_54.py,NO,NO,NO
https://github.com/HasinthakaPiyumal/AI-Pattern-Mining-Project/blob/main/notebooks/result/repo_callgraph_clusters/EvoAgentX/cluster_55.py,YES,NO,NO
https://github.com/HasinthakaPiyumal/AI-Pattern-Mining-Project/blob/main/notebooks/result/repo_callgraph_clusters/EvoAgentX/cluster_58.py,NO,NO,NO
https://github.com/HasinthakaPiyumal/AI-Pattern-Mining-Project/blob/main/notebooks/result/repo_callgraph_clusters/EvoAgentX/cluster_59.py,NO,NO,NO
https://github.com/HasinthakaPiyumal/AI-Pattern-Mining-Project/blob/main/notebooks/result/repo_callgraph_clusters/EvoAgentX/cluster_60.py,YES,NO,NO
https://github.com/HasinthakaPiyumal/AI-Pattern-Mining-Project/blob/main/notebooks/result/repo_callgraph_clusters/EvoAgentX/cluster_63.py,NO,NO,NO
https://github.com/HasinthakaPiyumal/AI-Pattern-Mining-Project/blob/main/notebooks/result/repo_callgraph_clusters/EvoAgentX/cluster_64.py,NO,NO,NO
https://github.com/HasinthakaPiyumal/AI-Pattern-Mining-Project/blob/main/notebooks/result/repo_callgraph_clusters/EvoAgentX/cluster_65.py,YES,NO,NO
https://github.com/HasinthakaPiyumal/AI-Pattern-Mining-Project/blob/main/notebooks/result/repo_callgraph_clusters/EvoAgentX/cluster_67.py,NO,NO,NO
https://github.com/HasinthakaPiyumal/AI-Pattern-Mining-Project/blob/main/notebooks/result/repo_callgraph_clusters/EvoAgentX/cluster_68.py,NO,NO,NO
https://github.com/HasinthakaPiyumal/AI-Pattern-Mining-Project/blob/main/notebooks/result/repo_callgraph_clusters/EvoAgentX/cluster_69.py,YES,NO,NO
https://github.com/HasinthakaPiyumal/AI-Pattern-Mining-Project/blob/main/notebooks/result/repo_callgraph_clusters/EvoAgentX/cluster_70.py,NO,NO,NO
https://github.com/HasinthakaPiyumal/AI-Pattern-Mining-Project/blob/main/notebooks/result/repo_callgraph_clusters/EvoAgentX/cluster_71.py,NO,NO,NO
https://github.com/HasinthakaPiyumal/AI-Pattern-Mining-Project/blob/main/notebooks/result/repo_callgraph_clusters/EvoAgentX/cluster_72.py,NO,NO,NO
https://github.com/HasinthakaPiyumal/AI-Pattern-Mining-Project/blob/main/notebooks/result/repo_callgraph_clusters/EvoAgentX/cluster_74.py,NO,NO,NO
https://github.com/HasinthakaPiyumal/AI-Pattern-Mining-Project/blob/main/notebooks/result/repo_callgraph_clusters/EvoAgentX/cluster_75.py,YES,NO,NO
https://github.com/HasinthakaPiyumal/AI-Pattern-Mining-Project/blob/main/notebooks/result/repo_callgraph_clusters/EvoAgentX/cluster_76.py,NO,NO,NO
https://github.com/HasinthakaPiyumal/AI-Pattern-Mining-Project/blob/main/notebooks/result/repo_callgraph_clusters/EvoAgentX/cluster_77.py,YES,NO,NO
https://github.com/HasinthakaPiyumal/AI-Pattern-Mining-Project/blob/main/notebooks/result/repo_callgraph_clusters/EvoAgentX/cluster_78.py,NO,NO,NO
https://github.com/HasinthakaPiyumal/AI-Pattern-Mining-Project/blob/main/notebooks/result/repo_callgraph_clusters/EvoAgentX/cluster_79.py,NO,NO,NO
https://github.com/HasinthakaPiyumal/AI-Pattern-Mining-Project/blob/main/notebooks/result/repo_callgraph_clusters/EvoAgentX/cluster_80.py,NO,NO,NO
https://github.com/HasinthakaPiyumal/AI-Pattern-Mining-Project/blob/main/notebooks/result/repo_callgraph_clusters/EvoAgentX/cluster_82.py,NO,NO,NO
https://github.com/HasinthakaPiyumal/AI-Pattern-Mining-Project/blob/main/notebooks/result/repo_callgraph_clusters/EvoAgentX/cluster_83.py,YES,NO,NO
https://github.com/HasinthakaPiyumal/AI-Pattern-Mining-Project/blob/main/notebooks/result/repo_callgraph_clusters/EvoAgentX/cluster_84.py,NO,NO,NO
https://github.com/HasinthakaPiyumal/AI-Pattern-Mining-Project/blob/main/notebooks/result/repo_callgraph_clusters/EvoAgentX/cluster_85.py,NO,NO,NO
https://github.com/HasinthakaPiyumal/AI-Pattern-Mining-Project/blob/main/notebooks/result/repo_callgraph_clusters/EvoAgentX/cluster_86.py,NO,NO,NO
https://github.com/HasinthakaPiyumal/AI-Pattern-Mining-Project/blob/main/notebooks/result/repo_callgraph_clusters/EvoAgentX/cluster_9.py,NO,NO,NO
https://github.com/HasinthakaPiyumal/AI-Pattern-Mining-Project/blob/main/notebooks/result/repo_callgraph_clusters/FinceptTerminal/cluster_1.py,NO,NO,NO
https://github.com/HasinthakaPiyumal/AI-Pattern-Mining-Project/blob/main/notebooks/result/repo_callgraph_clusters/FinceptTerminal/cluster_10.py,NO,NO,NO
https://github.com/HasinthakaPiyumal/AI-Pattern-Mining-Project/blob/main/notebooks/result/repo_callgraph_clusters/FinceptTerminal/cluster_11.py,NO,NO,NO
https://github.com/HasinthakaPiyumal/AI-Pattern-Mining-Project/blob/main/notebooks/result/repo_callgraph_clusters/FinceptTerminal/cluster_12.py,NO,NO,NO
https://github.com/HasinthakaPiyumal/AI-Pattern-Mining-Project/blob/main/notebooks/result/repo_callgraph_clusters/FinceptTerminal/cluster_13.py,NO,NO,NO
https://github.com/HasinthakaPiyumal/AI-Pattern-Mining-Project/blob/main/notebooks/result/repo_callgraph_clusters/FinceptTerminal/cluster_14.py,NO,NO,NO
https://github.com/HasinthakaPiyumal/AI-Pattern-Mining-Project/blob/main/notebooks/result/repo_callgraph_clusters/FinceptTerminal/cluster_15.py,NO,NO,NO
https://github.com/HasinthakaPiyumal/AI-Pattern-Mining-Project/blob/main/notebooks/result/repo_callgraph_clusters/FinceptTerminal/cluster_16.py,NO,NO,NO
https://github.com/HasinthakaPiyumal/AI-Pattern-Mining-Project/blob/main/notebooks/result/repo_callgraph_clusters/FinceptTerminal/cluster_17.py,NO,NO,NO
https://github.com/HasinthakaPiyumal/AI-Pattern-Mining-Project/blob/main/notebooks/result/repo_callgraph_clusters/FinceptTerminal/cluster_18.py,NO,NO,NO
https://github.com/HasinthakaPiyumal/AI-Pattern-Mining-Project/blob/main/notebooks/result/repo_callgraph_clusters/FinceptTerminal/cluster_2.py,NO,NO,NO
https://github.com/HasinthakaPiyumal/AI-Pattern-Mining-Project/blob/main/notebooks/result/repo_callgraph_clusters/FinceptTerminal/cluster_25.py,NO,NO,NO
https://github.com/HasinthakaPiyumal/AI-Pattern-Mining-Project/blob/main/notebooks/result/repo_callgraph_clusters/FinceptTerminal/cluster_27.py,NO,NO,NO
https://github.com/HasinthakaPiyumal/AI-Pattern-Mining-Project/blob/main/notebooks/result/repo_callgraph_clusters/FinceptTerminal/cluster_3.py,NO,NO,NO
https://github.com/HasinthakaPiyumal/AI-Pattern-Mining-Project/blob/main/notebooks/result/repo_callgraph_clusters/FinceptTerminal/cluster_30.py,NO,NO,NO
https://github.com/HasinthakaPiyumal/AI-Pattern-Mining-Project/blob/main/notebooks/result/repo_callgraph_clusters/FinceptTerminal/cluster_34.py,NO,NO,NO
https://github.com/HasinthakaPiyumal/AI-Pattern-Mining-Project/blob/main/notebooks/result/repo_callgraph_clusters/FinceptTerminal/cluster_35.py,NO,NO,NO
https://github.com/HasinthakaPiyumal/AI-Pattern-Mining-Project/blob/main/notebooks/result/repo_callgraph_clusters/FinceptTerminal/cluster_37.py,NO,NO,NO
https://github.com/HasinthakaPiyumal/AI-Pattern-Mining-Project/blob/main/notebooks/result/repo_callgraph_clusters/FinceptTerminal/cluster_38.py,NO,NO,NO
https://github.com/HasinthakaPiyumal/AI-Pattern-Mining-Project/blob/main/notebooks/result/repo_callgraph_clusters/FinceptTerminal/cluster_39.py,NO,NO,NO
https://github.com/HasinthakaPiyumal/AI-Pattern-Mining-Project/blob/main/notebooks/result/repo_callgraph_clusters/FinceptTerminal/cluster_4.py,NO,NO,NO
https://github.com/HasinthakaPiyumal/AI-Pattern-Mining-Project/blob/main/notebooks/result/repo_callgraph_clusters/FinceptTerminal/cluster_41.py,NO,NO,NO
https://github.com/HasinthakaPiyumal/AI-Pattern-Mining-Project/blob/main/notebooks/result/repo_callgraph_clusters/FinceptTerminal/cluster_43.py,YES,NO,NO
https://github.com/HasinthakaPiyumal/AI-Pattern-Mining-Project/blob/main/notebooks/result/repo_callgraph_clusters/FinceptTerminal/cluster_46.py,NO,NO,NO
https://github.com/HasinthakaPiyumal/AI-Pattern-Mining-Project/blob/main/notebooks/result/repo_callgraph_clusters/FinceptTerminal/cluster_47.py,NO,NO,NO
https://github.com/HasinthakaPiyumal/AI-Pattern-Mining-Project/blob/main/notebooks/result/repo_callgraph_clusters/FinceptTerminal/cluster_48.py,NO,NO,NO
https://github.com/HasinthakaPiyumal/AI-Pattern-Mining-Project/blob/main/notebooks/result/repo_callgraph_clusters/FinceptTerminal/cluster_49.py,NO,NO,NO
https://github.com/HasinthakaPiyumal/AI-Pattern-Mining-Project/blob/main/notebooks/result/repo_callgraph_clusters/FinceptTerminal/cluster_5.py,NO,NO,NO
https://github.com/HasinthakaPiyumal/AI-Pattern-Mining-Project/blob/main/notebooks/result/repo_callgraph_clusters/FinceptTerminal/cluster_50.py,NO,NO,NO
https://github.com/HasinthakaPiyumal/AI-Pattern-Mining-Project/blob/main/notebooks/result/repo_callgraph_clusters/FinceptTerminal/cluster_52.py,NO,NO,NO
https://github.com/HasinthakaPiyumal/AI-Pattern-Mining-Project/blob/main/notebooks/result/repo_callgraph_clusters/FinceptTerminal/cluster_53.py,YES,NO,NO
https://github.com/HasinthakaPiyumal/AI-Pattern-Mining-Project/blob/main/notebooks/result/repo_callgraph_clusters/FinceptTerminal/cluster_56.py,NO,YES,NO
https://github.com/HasinthakaPiyumal/AI-Pattern-Mining-Project/blob/main/notebooks/result/repo_callgraph_clusters/FinceptTerminal/cluster_6.py,NO,NO,NO
https://github.com/HasinthakaPiyumal/AI-Pattern-Mining-Project/blob/main/notebooks/result/repo_callgraph_clusters/FinceptTerminal/cluster_62.py,NO,NO,NO
https://github.com/HasinthakaPiyumal/AI-Pattern-Mining-Project/blob/main/notebooks/result/repo_callgraph_clusters/FinceptTerminal/cluster_63.py,NO,NO,NO
https://github.com/HasinthakaPiyumal/AI-Pattern-Mining-Project/blob/main/notebooks/result/repo_callgraph_clusters/FinceptTerminal/cluster_64.py,NO,NO,NO
https://github.com/HasinthakaPiyumal/AI-Pattern-Mining-Project/blob/main/notebooks/result/repo_callgraph_clusters/FinceptTerminal/cluster_7.py,NO,NO,NO
https://github.com/HasinthakaPiyumal/AI-Pattern-Mining-Project/blob/main/notebooks/result/repo_callgraph_clusters/FinceptTerminal/cluster_8.py,NO,NO,NO
https://github.com/HasinthakaPiyumal/AI-Pattern-Mining-Project/blob/main/notebooks/result/repo_callgraph_clusters/FinceptTerminal/cluster_9.py,NO,NO,NO
https://github.com/HasinthakaPiyumal/AI-Pattern-Mining-Project/blob/main/notebooks/result/repo_callgraph_clusters/FuxiCTR/cluster_22.py,NO,YES,NO
https://github.com/HasinthakaPiyumal/AI-Pattern-Mining-Project/blob/main/notebooks/result/repo_callgraph_clusters/FuxiCTR/cluster_3.py,NO,NO,NO
https://github.com/HasinthakaPiyumal/AI-Pattern-Mining-Project/blob/main/notebooks/result/repo_callgraph_clusters/FuxiCTR/cluster_40.py,NO,NO,NO
https://github.com/HasinthakaPiyumal/AI-Pattern-Mining-Project/blob/main/notebooks/result/repo_callgraph_clusters/FuxiCTR/cluster_41.py,NO,YES,NO
https://github.com/HasinthakaPiyumal/AI-Pattern-Mining-Project/blob/main/notebooks/result/repo_callgraph_clusters/FuxiCTR/cluster_48.py,NO,NO,NO
https://github.com/HasinthakaPiyumal/AI-Pattern-Mining-Project/blob/main/notebooks/result/repo_callgraph_clusters/FuxiCTR/cluster_5.py,NO,NO,NO
https://github.com/HasinthakaPiyumal/AI-Pattern-Mining-Project/blob/main/notebooks/result/repo_callgraph_clusters/FuxiCTR/cluster_50.py,NO,YES,NO
https://github.com/HasinthakaPiyumal/AI-Pattern-Mining-Project/blob/main/notebooks/result/repo_callgraph_clusters/FuxiCTR/cluster_51.py,NO,NO,YES
https://github.com/HasinthakaPiyumal/AI-Pattern-Mining-Project/blob/main/notebooks/result/repo_callgraph_clusters/FuxiCTR/cluster_52.py,NO,NO,NO
https://github.com/HasinthakaPiyumal/AI-Pattern-Mining-Project/blob/main/notebooks/result/repo_callgraph_clusters/FuxiCTR/cluster_53.py,NO,YES,NO
https://github.com/HasinthakaPiyumal/AI-Pattern-Mining-Project/blob/main/notebooks/result/repo_callgraph_clusters/FuxiCTR/cluster_54.py,NO,NO,NO
https://github.com/HasinthakaPiyumal/AI-Pattern-Mining-Project/blob/main/notebooks/result/repo_callgraph_clusters/FuxiCTR/cluster_8.py,NO,NO,NO
https://github.com/HasinthakaPiyumal/AI-Pattern-Mining-Project/blob/main/notebooks/result/repo_callgraph_clusters/GPT_Vuln-analyzer/cluster_1.py,NO,NO,NO
https://github.com/HasinthakaPiyumal/AI-Pattern-Mining-Project/blob/main/notebooks/result/repo_callgraph_clusters/GPT_Vuln-analyzer/cluster_10.py,NO,NO,NO
https://github.com/HasinthakaPiyumal/AI-Pattern-Mining-Project/blob/main/notebooks/result/repo_callgraph_clusters/GPT_Vuln-analyzer/cluster_11.py,NO,NO,NO
https://github.com/HasinthakaPiyumal/AI-Pattern-Mining-Project/blob/main/notebooks/result/repo_callgraph_clusters/GPT_Vuln-analyzer/cluster_12.py,NO,NO,NO
https://github.com/HasinthakaPiyumal/AI-Pattern-Mining-Project/blob/main/notebooks/result/repo_callgraph_clusters/GPT_Vuln-analyzer/cluster_13.py,NO,NO,NO
https://github.com/HasinthakaPiyumal/AI-Pattern-Mining-Project/blob/main/notebooks/result/repo_callgraph_clusters/GPT_Vuln-analyzer/cluster_2.py,NO,NO,NO
https://github.com/HasinthakaPiyumal/AI-Pattern-Mining-Project/blob/main/notebooks/result/repo_callgraph_clusters/GPT_Vuln-analyzer/cluster_3.py,NO,NO,NO
https://github.com/HasinthakaPiyumal/AI-Pattern-Mining-Project/blob/main/notebooks/result/repo_callgraph_clusters/GPT_Vuln-analyzer/cluster_6.py,YES,NO,NO
https://github.com/HasinthakaPiyumal/AI-Pattern-Mining-Project/blob/main/notebooks/result/repo_callgraph_clusters/GPT_Vuln-analyzer/cluster_7.py,NO,NO,NO
https://github.com/HasinthakaPiyumal/AI-Pattern-Mining-Project/blob/main/notebooks/result/repo_callgraph_clusters/GPT_Vuln-analyzer/cluster_8.py,NO,NO,NO
https://github.com/HasinthakaPiyumal/AI-Pattern-Mining-Project/blob/main/notebooks/result/repo_callgraph_clusters/GPT_Vuln-analyzer/cluster_9.py,NO,NO,NO
https://github.com/HasinthakaPiyumal/AI-Pattern-Mining-Project/blob/main/notebooks/result/repo_callgraph_clusters/GoBigger/cluster_10.py,NO,NO,NO
https://github.com/HasinthakaPiyumal/AI-Pattern-Mining-Project/blob/main/notebooks/result/repo_callgraph_clusters/GoBigger/cluster_12.py,NO,NO,NO
https://github.com/HasinthakaPiyumal/AI-Pattern-Mining-Project/blob/main/notebooks/result/repo_callgraph_clusters/GoBigger/cluster_13.py,NO,NO,NO
https://github.com/HasinthakaPiyumal/AI-Pattern-Mining-Project/blob/main/notebooks/result/repo_callgraph_clusters/GoBigger/cluster_14.py,NO,NO,NO
https://github.com/HasinthakaPiyumal/AI-Pattern-Mining-Project/blob/main/notebooks/result/repo_callgraph_clusters/GoBigger/cluster_15.py,NO,NO,NO
https://github.com/HasinthakaPiyumal/AI-Pattern-Mining-Project/blob/main/notebooks/result/repo_callgraph_clusters/GoBigger/cluster_16.py,NO,NO,NO
https://github.com/HasinthakaPiyumal/AI-Pattern-Mining-Project/blob/main/notebooks/result/repo_callgraph_clusters/GoBigger/cluster_17.py,NO,NO,NO
https://github.com/HasinthakaPiyumal/AI-Pattern-Mining-Project/blob/main/notebooks/result/repo_callgraph_clusters/GoBigger/cluster_19.py,NO,NO,NO
https://github.com/HasinthakaPiyumal/AI-Pattern-Mining-Project/blob/main/notebooks/result/repo_callgraph_clusters/GoBigger/cluster_2.py,NO,NO,NO
https://github.com/HasinthakaPiyumal/AI-Pattern-Mining-Project/blob/main/notebooks/result/repo_callgraph_clusters/GoBigger/cluster_3.py,NO,NO,NO
https://github.com/HasinthakaPiyumal/AI-Pattern-Mining-Project/blob/main/notebooks/result/repo_callgraph_clusters/GoBigger/cluster_4.py,NO,NO,NO
https://github.com/HasinthakaPiyumal/AI-Pattern-Mining-Project/blob/main/notebooks/result/repo_callgraph_clusters/GoBigger/cluster_6.py,NO,NO,NO
https://github.com/HasinthakaPiyumal/AI-Pattern-Mining-Project/blob/main/notebooks/result/repo_callgraph_clusters/GoBigger/cluster_7.py,NO,NO,NO
https://github.com/HasinthakaPiyumal/AI-Pattern-Mining-Project/blob/main/notebooks/result/repo_callgraph_clusters/GoBigger/cluster_9.py,NO,YES,NO
https://github.com/HasinthakaPiyumal/AI-Pattern-Mining-Project/blob/main/notebooks/result/repo_callgraph_clusters/HackBot/cluster_2.py,NO,NO,NO
https://github.com/HasinthakaPiyumal/AI-Pattern-Mining-Project/blob/main/notebooks/result/repo_callgraph_clusters/HuixiangDou/cluster_1.py,NO,NO,NO
https://github.com/HasinthakaPiyumal/AI-Pattern-Mining-Project/blob/main/notebooks/result/repo_callgraph_clusters/HuixiangDou/cluster_15.py,NO,NO,NO
https://github.com/HasinthakaPiyumal/AI-Pattern-Mining-Project/blob/main/notebooks/result/repo_callgraph_clusters/HuixiangDou/cluster_18.py,YES,NO,NO
https://github.com/HasinthakaPiyumal/AI-Pattern-Mining-Project/blob/main/notebooks/result/repo_callgraph_clusters/HuixiangDou/cluster_2.py,YES,NO,NO
https://github.com/HasinthakaPiyumal/AI-Pattern-Mining-Project/blob/main/notebooks/result/repo_callgraph_clusters/HuixiangDou/cluster_24.py,NO,NO,NO
https://github.com/HasinthakaPiyumal/AI-Pattern-Mining-Project/blob/main/notebooks/result/repo_callgraph_clusters/HuixiangDou/cluster_27.py,NO,NO,NO
https://github.com/HasinthakaPiyumal/AI-Pattern-Mining-Project/blob/main/notebooks/result/repo_callgraph_clusters/HuixiangDou/cluster_28.py,NO,YES,NO
https://github.com/HasinthakaPiyumal/AI-Pattern-Mining-Project/blob/main/notebooks/result/repo_callgraph_clusters/HuixiangDou/cluster_29.py,NO,NO,NO
https://github.com/HasinthakaPiyumal/AI-Pattern-Mining-Project/blob/main/notebooks/result/repo_callgraph_clusters/HuixiangDou/cluster_30.py,NO,NO,NO
https://github.com/HasinthakaPiyumal/AI-Pattern-Mining-Project/blob/main/notebooks/result/repo_callgraph_clusters/HuixiangDou/cluster_31.py,NO,NO,NO
https://github.com/HasinthakaPiyumal/AI-Pattern-Mining-Project/blob/main/notebooks/result/repo_callgraph_clusters/HuixiangDou/cluster_34.py,NO,NO,NO
https://github.com/HasinthakaPiyumal/AI-Pattern-Mining-Project/blob/main/notebooks/result/repo_callgraph_clusters/HuixiangDou/cluster_37.py,NO,NO,NO
https://github.com/HasinthakaPiyumal/AI-Pattern-Mining-Project/blob/main/notebooks/result/repo_callgraph_clusters/HuixiangDou/cluster_38.py,NO,NO,NO
https://github.com/HasinthakaPiyumal/AI-Pattern-Mining-Project/blob/main/notebooks/result/repo_callgraph_clusters/HuixiangDou/cluster_4.py,NO,NO,NO
https://github.com/HasinthakaPiyumal/AI-Pattern-Mining-Project/blob/main/notebooks/result/repo_callgraph_clusters/HuixiangDou/cluster_41.py,NO,NO,NO
https://github.com/HasinthakaPiyumal/AI-Pattern-Mining-Project/blob/main/notebooks/result/repo_callgraph_clusters/HuixiangDou/cluster_42.py,NO,NO,NO
https://github.com/HasinthakaPiyumal/AI-Pattern-Mining-Project/blob/main/notebooks/result/repo_callgraph_clusters/HuixiangDou/cluster_43.py,NO,NO,NO
https://github.com/HasinthakaPiyumal/AI-Pattern-Mining-Project/blob/main/notebooks/result/repo_callgraph_clusters/HuixiangDou/cluster_44.py,NO,NO,NO
https://github.com/HasinthakaPiyumal/AI-Pattern-Mining-Project/blob/main/notebooks/result/repo_callgraph_clusters/HuixiangDou/cluster_45.py,NO,NO,NO
https://github.com/HasinthakaPiyumal/AI-Pattern-Mining-Project/blob/main/notebooks/result/repo_callgraph_clusters/HuixiangDou/cluster_46.py,NO,NO,NO
https://github.com/HasinthakaPiyumal/AI-Pattern-Mining-Project/blob/main/notebooks/result/repo_callgraph_clusters/HuixiangDou/cluster_47.py,NO,NO,NO
https://github.com/HasinthakaPiyumal/AI-Pattern-Mining-Project/blob/main/notebooks/result/repo_callgraph_clusters/HuixiangDou/cluster_48.py,NO,NO,NO
https://github.com/HasinthakaPiyumal/AI-Pattern-Mining-Project/blob/main/notebooks/result/repo_callgraph_clusters/HuixiangDou/cluster_49.py,NO,NO,NO
https://github.com/HasinthakaPiyumal/AI-Pattern-Mining-Project/blob/main/notebooks/result/repo_callgraph_clusters/HuixiangDou/cluster_50.py,NO,NO,NO
https://github.com/HasinthakaPiyumal/AI-Pattern-Mining-Project/blob/main/notebooks/result/repo_callgraph_clusters/HuixiangDou/cluster_53.py,NO,NO,NO
https://github.com/HasinthakaPiyumal/AI-Pattern-Mining-Project/blob/main/notebooks/result/repo_callgraph_clusters/HuixiangDou/cluster_55.py,NO,NO,NO
https://github.com/HasinthakaPiyumal/AI-Pattern-Mining-Project/blob/main/notebooks/result/repo_callgraph_clusters/HuixiangDou/cluster_56.py,NO,NO,NO
https://github.com/HasinthakaPiyumal/AI-Pattern-Mining-Project/blob/main/notebooks/result/repo_callgraph_clusters/HuixiangDou/cluster_58.py,NO,NO,NO
https://github.com/HasinthakaPiyumal/AI-Pattern-Mining-Project/blob/main/notebooks/result/repo_callgraph_clusters/HuixiangDou/cluster_59.py,YES,NO,NO
https://github.com/HasinthakaPiyumal/AI-Pattern-Mining-Project/blob/main/notebooks/result/repo_callgraph_clusters/HuixiangDou/cluster_6.py,NO,NO,NO
https://github.com/HasinthakaPiyumal/AI-Pattern-Mining-Project/blob/main/notebooks/result/repo_callgraph_clusters/HuixiangDou/cluster_60.py,NO,YES,NO
https://github.com/HasinthakaPiyumal/AI-Pattern-Mining-Project/blob/main/notebooks/result/repo_callgraph_clusters/HuixiangDou/cluster_61.py,NO,NO,NO
https://github.com/HasinthakaPiyumal/AI-Pattern-Mining-Project/blob/main/notebooks/result/repo_callgraph_clusters/HuixiangDou/cluster_62.py,NO,NO,NO
https://github.com/HasinthakaPiyumal/AI-Pattern-Mining-Project/blob/main/notebooks/result/repo_callgraph_clusters/HuixiangDou/cluster_65.py,NO,NO,NO
https://github.com/HasinthakaPiyumal/AI-Pattern-Mining-Project/blob/main/notebooks/result/repo_callgraph_clusters/HuixiangDou/cluster_67.py,NO,NO,NO
https://github.com/HasinthakaPiyumal/AI-Pattern-Mining-Project/blob/main/notebooks/result/repo_callgraph_clusters/HuixiangDou/cluster_68.py,NO,NO,NO
https://github.com/HasinthakaPiyumal/AI-Pattern-Mining-Project/blob/main/notebooks/result/repo_callgraph_clusters/HuixiangDou/cluster_69.py,NO,NO,NO
https://github.com/HasinthakaPiyumal/AI-Pattern-Mining-Project/blob/main/notebooks/result/repo_callgraph_clusters/HuixiangDou/cluster_73.py,NO,NO,NO
https://github.com/HasinthakaPiyumal/AI-Pattern-Mining-Project/blob/main/notebooks/result/repo_callgraph_clusters/HuixiangDou/cluster_74.py,NO,NO,NO
https://github.com/HasinthakaPiyumal/AI-Pattern-Mining-Project/blob/main/notebooks/result/repo_callgraph_clusters/MIRNetv2/cluster_0.py,NO,NO,NO
https://github.com/HasinthakaPiyumal/AI-Pattern-Mining-Project/blob/main/notebooks/result/repo_callgraph_clusters/MIRNetv2/cluster_10.py,NO,NO,NO
https://github.com/HasinthakaPiyumal/AI-Pattern-Mining-Project/blob/main/notebooks/result/repo_callgraph_clusters/MIRNetv2/cluster_11.py,NO,NO,NO
https://github.com/HasinthakaPiyumal/AI-Pattern-Mining-Project/blob/main/notebooks/result/repo_callgraph_clusters/MIRNetv2/cluster_12.py,NO,NO,NO
https://github.com/HasinthakaPiyumal/AI-Pattern-Mining-Project/blob/main/notebooks/result/repo_callgraph_clusters/MIRNetv2/cluster_13.py,NO,YES,NO
https://github.com/HasinthakaPiyumal/AI-Pattern-Mining-Project/blob/main/notebooks/result/repo_callgraph_clusters/MIRNetv2/cluster_14.py,NO,NO,NO
https://github.com/HasinthakaPiyumal/AI-Pattern-Mining-Project/blob/main/notebooks/result/repo_callgraph_clusters/MIRNetv2/cluster_15.py,NO,NO,NO
https://github.com/HasinthakaPiyumal/AI-Pattern-Mining-Project/blob/main/notebooks/result/repo_callgraph_clusters/MIRNetv2/cluster_16.py,NO,NO,NO
https://github.com/HasinthakaPiyumal/AI-Pattern-Mining-Project/blob/main/notebooks/result/repo_callgraph_clusters/MIRNetv2/cluster_19.py,NO,NO,NO
https://github.com/HasinthakaPiyumal/AI-Pattern-Mining-Project/blob/main/notebooks/result/repo_callgraph_clusters/MIRNetv2/cluster_21.py,NO,NO,NO
https://github.com/HasinthakaPiyumal/AI-Pattern-Mining-Project/blob/main/notebooks/result/repo_callgraph_clusters/MIRNetv2/cluster_3.py,NO,NO,NO
https://github.com/HasinthakaPiyumal/AI-Pattern-Mining-Project/blob/main/notebooks/result/repo_callgraph_clusters/MIRNetv2/cluster_4.py,NO,YES,NO
https://github.com/HasinthakaPiyumal/AI-Pattern-Mining-Project/blob/main/notebooks/result/repo_callgraph_clusters/MIRNetv2/cluster_5.py,NO,NO,NO
https://github.com/HasinthakaPiyumal/AI-Pattern-Mining-Project/blob/main/notebooks/result/repo_callgraph_clusters/MIRNetv2/cluster_6.py,NO,NO,NO
https://github.com/HasinthakaPiyumal/AI-Pattern-Mining-Project/blob/main/notebooks/result/repo_callgraph_clusters/MIRNetv2/cluster_7.py,NO,YES,NO
https://github.com/HasinthakaPiyumal/AI-Pattern-Mining-Project/blob/main/notebooks/result/repo_callgraph_clusters/MIRNetv2/cluster_9.py,NO,NO,NO
https://github.com/HasinthakaPiyumal/AI-Pattern-Mining-Project/blob/main/notebooks/result/repo_callgraph_clusters/MassGen/cluster_0.py,NO,NO,NO
https://github.com/HasinthakaPiyumal/AI-Pattern-Mining-Project/blob/main/notebooks/result/repo_callgraph_clusters/MassGen/cluster_11.py,NO,NO,NO
https://github.com/HasinthakaPiyumal/AI-Pattern-Mining-Project/blob/main/notebooks/result/repo_callgraph_clusters/MassGen/cluster_13.py,NO,NO,NO
https://github.com/HasinthakaPiyumal/AI-Pattern-Mining-Project/blob/main/notebooks/result/repo_callgraph_clusters/MassGen/cluster_14.py,NO,NO,NO
https://github.com/HasinthakaPiyumal/AI-Pattern-Mining-Project/blob/main/notebooks/result/repo_callgraph_clusters/MassGen/cluster_15.py,NO,NO,NO
https://github.com/HasinthakaPiyumal/AI-Pattern-Mining-Project/blob/main/notebooks/result/repo_callgraph_clusters/MassGen/cluster_16.py,NO,NO,NO
https://github.com/HasinthakaPiyumal/AI-Pattern-Mining-Project/blob/main/notebooks/result/repo_callgraph_clusters/MassGen/cluster_17.py,NO,NO,NO
https://github.com/HasinthakaPiyumal/AI-Pattern-Mining-Project/blob/main/notebooks/result/repo_callgraph_clusters/MassGen/cluster_18.py,NO,NO,NO
https://github.com/HasinthakaPiyumal/AI-Pattern-Mining-Project/blob/main/notebooks/result/repo_callgraph_clusters/MassGen/cluster_19.py,YES,NO,NO
https://github.com/HasinthakaPiyumal/AI-Pattern-Mining-Project/blob/main/notebooks/result/repo_callgraph_clusters/MassGen/cluster_2.py,YES,NO,NO
https://github.com/HasinthakaPiyumal/AI-Pattern-Mining-Project/blob/main/notebooks/result/repo_callgraph_clusters/MassGen/cluster_20.py,YES,NO,NO
https://github.com/HasinthakaPiyumal/AI-Pattern-Mining-Project/blob/main/notebooks/result/repo_callgraph_clusters/MassGen/cluster_21.py,NO,NO,NO
https://github.com/HasinthakaPiyumal/AI-Pattern-Mining-Project/blob/main/notebooks/result/repo_callgraph_clusters/MassGen/cluster_22.py,YES,NO,NO
https://github.com/HasinthakaPiyumal/AI-Pattern-Mining-Project/blob/main/notebooks/result/repo_callgraph_clusters/MassGen/cluster_26.py,NO,NO,NO
https://github.com/HasinthakaPiyumal/AI-Pattern-Mining-Project/blob/main/notebooks/result/repo_callgraph_clusters/MassGen/cluster_27.py,NO,NO,NO
https://github.com/HasinthakaPiyumal/AI-Pattern-Mining-Project/blob/main/notebooks/result/repo_callgraph_clusters/MassGen/cluster_29.py,NO,NO,NO
https://github.com/HasinthakaPiyumal/AI-Pattern-Mining-Project/blob/main/notebooks/result/repo_callgraph_clusters/MassGen/cluster_3.py,NO,NO,NO
https://github.com/HasinthakaPiyumal/AI-Pattern-Mining-Project/blob/main/notebooks/result/repo_callgraph_clusters/MassGen/cluster_30.py,NO,NO,NO
https://github.com/HasinthakaPiyumal/AI-Pattern-Mining-Project/blob/main/notebooks/result/repo_callgraph_clusters/MassGen/cluster_31.py,NO,NO,NO
https://github.com/HasinthakaPiyumal/AI-Pattern-Mining-Project/blob/main/notebooks/result/repo_callgraph_clusters/MassGen/cluster_32.py,NO,NO,NO
https://github.com/HasinthakaPiyumal/AI-Pattern-Mining-Project/blob/main/notebooks/result/repo_callgraph_clusters/MassGen/cluster_34.py,NO,NO,NO
https://github.com/HasinthakaPiyumal/AI-Pattern-Mining-Project/blob/main/notebooks/result/repo_callgraph_clusters/MassGen/cluster_35.py,YES,NO,NO
https://github.com/HasinthakaPiyumal/AI-Pattern-Mining-Project/blob/main/notebooks/result/repo_callgraph_clusters/MassGen/cluster_4.py,YES,NO,NO
https://github.com/HasinthakaPiyumal/AI-Pattern-Mining-Project/blob/main/notebooks/result/repo_callgraph_clusters/MassGen/cluster_5.py,YES,NO,NO
https://github.com/HasinthakaPiyumal/AI-Pattern-Mining-Project/blob/main/notebooks/result/repo_callgraph_clusters/MassGen/cluster_6.py,NO,NO,NO
https://github.com/HasinthakaPiyumal/AI-Pattern-Mining-Project/blob/main/notebooks/result/repo_callgraph_clusters/MassGen/cluster_7.py,YES,NO,NO
https://github.com/HasinthakaPiyumal/AI-Pattern-Mining-Project/blob/main/notebooks/result/repo_callgraph_clusters/MassGen/cluster_8.py,NO,NO,NO
https://github.com/HasinthakaPiyumal/AI-Pattern-Mining-Project/blob/main/notebooks/result/repo_callgraph_clusters/MassGen/cluster_9.py,NO,NO,NO
https://github.com/HasinthakaPiyumal/AI-Pattern-Mining-Project/blob/main/notebooks/result/repo_callgraph_clusters/MiniMax-M1/cluster_0.py,NO,NO,NO
https://github.com/HasinthakaPiyumal/AI-Pattern-Mining-Project/blob/main/notebooks/result/repo_callgraph_clusters/MiniMax-M1/cluster_1.py,NO,NO,NO
https://github.com/HasinthakaPiyumal/AI-Pattern-Mining-Project/blob/main/notebooks/result/repo_callgraph_clusters/MiniMax-M1/cluster_2.py,NO,NO,NO
https://github.com/HasinthakaPiyumal/AI-Pattern-Mining-Project/blob/main/notebooks/result/repo_callgraph_clusters/MiniMax-M1/cluster_3.py,NO,NO,NO
https://github.com/HasinthakaPiyumal/AI-Pattern-Mining-Project/blob/main/notebooks/result/repo_callgraph_clusters/MiniMax-M1/cluster_5.py,NO,NO,NO
https://github.com/HasinthakaPiyumal/AI-Pattern-Mining-Project/blob/main/notebooks/result/repo_callgraph_clusters/Octopii/cluster_0.py,NO,NO,NO
https://github.com/HasinthakaPiyumal/AI-Pattern-Mining-Project/blob/main/notebooks/result/repo_callgraph_clusters/Octopii/cluster_3.py,NO,NO,NO
https://github.com/HasinthakaPiyumal/AI-Pattern-Mining-Project/blob/main/notebooks/result/repo_callgraph_clusters/Octopii/cluster_4.py,NO,NO,NO
https://github.com/HasinthakaPiyumal/AI-Pattern-Mining-Project/blob/main/notebooks/result/repo_callgraph_clusters/OpenLearning4DeepRecsys/cluster_0.py,NO,YES,NO
https://github.com/HasinthakaPiyumal/AI-Pattern-Mining-Project/blob/main/notebooks/result/repo_callgraph_clusters/OpenLearning4DeepRecsys/cluster_1.py,NO,NO,NO
https://github.com/HasinthakaPiyumal/AI-Pattern-Mining-Project/blob/main/notebooks/result/repo_callgraph_clusters/OpenLearning4DeepRecsys/cluster_2.py,NO,YES,NO
https://github.com/HasinthakaPiyumal/AI-Pattern-Mining-Project/blob/main/notebooks/result/repo_callgraph_clusters/OpenLearning4DeepRecsys/cluster_3.py,NO,YES,NO
https://github.com/HasinthakaPiyumal/AI-Pattern-Mining-Project/blob/main/notebooks/result/repo_callgraph_clusters/OpenLearning4DeepRecsys/cluster_5.py,NO,YES,NO
https://github.com/HasinthakaPiyumal/AI-Pattern-Mining-Project/blob/main/notebooks/result/repo_callgraph_clusters/PentestAgent/cluster_1.py,NO,NO,NO
https://github.com/HasinthakaPiyumal/AI-Pattern-Mining-Project/blob/main/notebooks/result/repo_callgraph_clusters/PentestAgent/cluster_2.py,NO,NO,NO
https://github.com/HasinthakaPiyumal/AI-Pattern-Mining-Project/blob/main/notebooks/result/repo_callgraph_clusters/PentestAgent/cluster_3.py,YES,NO,NO
https://github.com/HasinthakaPiyumal/AI-Pattern-Mining-Project/blob/main/notebooks/result/repo_callgraph_clusters/PentestAgent/cluster_4.py,NO,NO,NO
https://github.com/HasinthakaPiyumal/AI-Pattern-Mining-Project/blob/main/notebooks/result/repo_callgraph_clusters/PentestAgent/cluster_6.py,NO,NO,NO
https://github.com/HasinthakaPiyumal/AI-Pattern-Mining-Project/blob/main/notebooks/result/repo_callgraph_clusters/PentestAgent/cluster_9.py,NO,NO,NO
https://github.com/HasinthakaPiyumal/AI-Pattern-Mining-Project/blob/main/notebooks/result/repo_callgraph_clusters/PointTransformerV2/cluster_10.py,NO,NO,NO
https://github.com/HasinthakaPiyumal/AI-Pattern-Mining-Project/blob/main/notebooks/result/repo_callgraph_clusters/PointTransformerV2/cluster_11.py,NO,NO,NO
https://github.com/HasinthakaPiyumal/AI-Pattern-Mining-Project/blob/main/notebooks/result/repo_callgraph_clusters/PointTransformerV2/cluster_13.py,NO,YES,NO
https://github.com/HasinthakaPiyumal/AI-Pattern-Mining-Project/blob/main/notebooks/result/repo_callgraph_clusters/PointTransformerV2/cluster_14.py,NO,YES,NO
https://github.com/HasinthakaPiyumal/AI-Pattern-Mining-Project/blob/main/notebooks/result/repo_callgraph_clusters/PointTransformerV2/cluster_15.py,NO,YES,NO
https://github.com/HasinthakaPiyumal/AI-Pattern-Mining-Project/blob/main/notebooks/result/repo_callgraph_clusters/PointTransformerV2/cluster_18.py,NO,NO,NO
https://github.com/HasinthakaPiyumal/AI-Pattern-Mining-Project/blob/main/notebooks/result/repo_callgraph_clusters/PointTransformerV2/cluster_19.py,NO,NO,NO
https://github.com/HasinthakaPiyumal/AI-Pattern-Mining-Project/blob/main/notebooks/result/repo_callgraph_clusters/PointTransformerV2/cluster_2.py,NO,YES,NO
https://github.com/HasinthakaPiyumal/AI-Pattern-Mining-Project/blob/main/notebooks/result/repo_callgraph_clusters/PointTransformerV2/cluster_20.py,NO,NO,NO
https://github.com/HasinthakaPiyumal/AI-Pattern-Mining-Project/blob/main/notebooks/result/repo_callgraph_clusters/PointTransformerV2/cluster_21.py,NO,NO,NO
https://github.com/HasinthakaPiyumal/AI-Pattern-Mining-Project/blob/main/notebooks/result/repo_callgraph_clusters/PointTransformerV2/cluster_23.py,NO,YES,NO
https://github.com/HasinthakaPiyumal/AI-Pattern-Mining-Project/blob/main/notebooks/result/repo_callgraph_clusters/PointTransformerV2/cluster_24.py,NO,NO,NO
https://github.com/HasinthakaPiyumal/AI-Pattern-Mining-Project/blob/main/notebooks/result/repo_callgraph_clusters/PointTransformerV2/cluster_26.py,NO,YES,NO
https://github.com/HasinthakaPiyumal/AI-Pattern-Mining-Project/blob/main/notebooks/result/repo_callgraph_clusters/PointTransformerV2/cluster_3.py,NO,NO,NO
https://github.com/HasinthakaPiyumal/AI-Pattern-Mining-Project/blob/main/notebooks/result/repo_callgraph_clusters/PointTransformerV2/cluster_4.py,NO,YES,NO
https://github.com/HasinthakaPiyumal/AI-Pattern-Mining-Project/blob/main/notebooks/result/repo_callgraph_clusters/PointTransformerV2/cluster_6.py,NO,YES,NO
https://github.com/HasinthakaPiyumal/AI-Pattern-Mining-Project/blob/main/notebooks/result/repo_callgraph_clusters/PointTransformerV2/cluster_7.py,NO,NO,NO
https://github.com/HasinthakaPiyumal/AI-Pattern-Mining-Project/blob/main/notebooks/result/repo_callgraph_clusters/PointTransformerV2/cluster_8.py,NO,NO,NO
https://github.com/HasinthakaPiyumal/AI-Pattern-Mining-Project/blob/main/notebooks/result/repo_callgraph_clusters/PointTransformerV2/cluster_9.py,NO,YES,NO
https://github.com/HasinthakaPiyumal/AI-Pattern-Mining-Project/blob/main/notebooks/result/repo_callgraph_clusters/RLMRec/cluster_1.py,NO,YES,NO
https://github.com/HasinthakaPiyumal/AI-Pattern-Mining-Project/blob/main/notebooks/result/repo_callgraph_clusters/RLMRec/cluster_10.py,NO,YES,NO
https://github.com/HasinthakaPiyumal/AI-Pattern-Mining-Project/blob/main/notebooks/result/repo_callgraph_clusters/RLMRec/cluster_11.py,NO,NO,NO
https://github.com/HasinthakaPiyumal/AI-Pattern-Mining-Project/blob/main/notebooks/result/repo_callgraph_clusters/RLMRec/cluster_12.py,NO,YES,NO
https://github.com/HasinthakaPiyumal/AI-Pattern-Mining-Project/blob/main/notebooks/result/repo_callgraph_clusters/RLMRec/cluster_13.py,NO,YES,NO
https://github.com/HasinthakaPiyumal/AI-Pattern-Mining-Project/blob/main/notebooks/result/repo_callgraph_clusters/RLMRec/cluster_14.py,NO,YES,NO
https://github.com/HasinthakaPiyumal/AI-Pattern-Mining-Project/blob/main/notebooks/result/repo_callgraph_clusters/RLMRec/cluster_15.py,NO,YES,NO
https://github.com/HasinthakaPiyumal/AI-Pattern-Mining-Project/blob/main/notebooks/result/repo_callgraph_clusters/RLMRec/cluster_16.py,NO,YES,NO
https://github.com/HasinthakaPiyumal/AI-Pattern-Mining-Project/blob/main/notebooks/result/repo_callgraph_clusters/RLMRec/cluster_2.py,NO,NO,NO
https://github.com/HasinthakaPiyumal/AI-Pattern-Mining-Project/blob/main/notebooks/result/repo_callgraph_clusters/RLMRec/cluster_3.py,NO,YES,NO
https://github.com/HasinthakaPiyumal/AI-Pattern-Mining-Project/blob/main/notebooks/result/repo_callgraph_clusters/RLMRec/cluster_5.py,NO,NO,NO
https://github.com/HasinthakaPiyumal/AI-Pattern-Mining-Project/blob/main/notebooks/result/repo_callgraph_clusters/RLMRec/cluster_8.py,NO,YES,NO
https://github.com/HasinthakaPiyumal/AI-Pattern-Mining-Project/blob/main/notebooks/result/repo_callgraph_clusters/RLMRec/cluster_9.py,NO,YES,NO
https://github.com/HasinthakaPiyumal/AI-Pattern-Mining-Project/blob/main/notebooks/result/repo_callgraph_clusters/RealtimeVoiceChat/cluster_0.py,NO,NO,NO
https://github.com/HasinthakaPiyumal/AI-Pattern-Mining-Project/blob/main/notebooks/result/repo_callgraph_clusters/RealtimeVoiceChat/cluster_1.py,YES,NO,NO
https://github.com/HasinthakaPiyumal/AI-Pattern-Mining-Project/blob/main/notebooks/result/repo_callgraph_clusters/RealtimeVoiceChat/cluster_2.py,NO,NO,NO
https://github.com/HasinthakaPiyumal/AI-Pattern-Mining-Project/blob/main/notebooks/result/repo_callgraph_clusters/RealtimeVoiceChat/cluster_3.py,NO,NO,NO
https://github.com/HasinthakaPiyumal/AI-Pattern-Mining-Project/blob/main/notebooks/result/repo_callgraph_clusters/RealtimeVoiceChat/cluster_4.py,NO,NO,NO
https://github.com/HasinthakaPiyumal/AI-Pattern-Mining-Project/blob/main/notebooks/result/repo_callgraph_clusters/RealtimeVoiceChat/cluster_5.py,YES,NO,NO
https://github.com/HasinthakaPiyumal/AI-Pattern-Mining-Project/blob/main/notebooks/result/repo_callgraph_clusters/Reinforcement_Learning_in_Python/cluster_0.py,NO,YES,NO
https://github.com/HasinthakaPiyumal/AI-Pattern-Mining-Project/blob/main/notebooks/result/repo_callgraph_clusters/Reinforcement_Learning_in_Python/cluster_2.py,NO,NO,NO
https://github.com/HasinthakaPiyumal/AI-Pattern-Mining-Project/blob/main/notebooks/result/repo_callgraph_clusters/Reinforcement_Learning_in_Python/cluster_3.py,NO,NO,NO
https://github.com/HasinthakaPiyumal/AI-Pattern-Mining-Project/blob/main/notebooks/result/repo_callgraph_clusters/Reinforcement_Learning_in_Python/cluster_4.py,NO,NO,NO
https://github.com/HasinthakaPiyumal/AI-Pattern-Mining-Project/blob/main/notebooks/result/repo_callgraph_clusters/Reinforcement_Learning_in_Python/cluster_5.py,NO,NO,NO
https://github.com/HasinthakaPiyumal/AI-Pattern-Mining-Project/blob/main/notebooks/result/repo_callgraph_clusters/SimBiber/cluster_0.py,NO,NO,NO
https://github.com/HasinthakaPiyumal/AI-Pattern-Mining-Project/blob/main/notebooks/result/repo_callgraph_clusters/Stride-AI-Agents/cluster_0.py,NO,NO,NO
https://github.com/HasinthakaPiyumal/AI-Pattern-Mining-Project/blob/main/notebooks/result/repo_callgraph_clusters/Stride-AI-Agents/cluster_3.py,NO,NO,NO
https://github.com/HasinthakaPiyumal/AI-Pattern-Mining-Project/blob/main/notebooks/result/repo_callgraph_clusters/Stride-AI-Agents/cluster_4.py,YES,NO,NO
https://github.com/HasinthakaPiyumal/AI-Pattern-Mining-Project/blob/main/notebooks/result/repo_callgraph_clusters/Stride-AI-Agents/cluster_5.py,NO,NO,NO
https://github.com/HasinthakaPiyumal/AI-Pattern-Mining-Project/blob/main/notebooks/result/repo_callgraph_clusters/Stride-AI-Agents/cluster_7.py,NO,NO,NO
https://github.com/HasinthakaPiyumal/AI-Pattern-Mining-Project/blob/main/notebooks/result/repo_callgraph_clusters/Stride-AI-Agents/cluster_8.py,NO,NO,NO
https://github.com/HasinthakaPiyumal/AI-Pattern-Mining-Project/blob/main/notebooks/result/repo_callgraph_clusters/VectorizedMultiAgentSimulator/cluster_1.py,NO,NO,NO
https://github.com/HasinthakaPiyumal/AI-Pattern-Mining-Project/blob/main/notebooks/result/repo_callgraph_clusters/VectorizedMultiAgentSimulator/cluster_10.py,NO,NO,NO
https://github.com/HasinthakaPiyumal/AI-Pattern-Mining-Project/blob/main/notebooks/result/repo_callgraph_clusters/VectorizedMultiAgentSimulator/cluster_11.py,NO,NO,NO
https://github.com/HasinthakaPiyumal/AI-Pattern-Mining-Project/blob/main/notebooks/result/repo_callgraph_clusters/VectorizedMultiAgentSimulator/cluster_12.py,NO,NO,NO
https://github.com/HasinthakaPiyumal/AI-Pattern-Mining-Project/blob/main/notebooks/result/repo_callgraph_clusters/VectorizedMultiAgentSimulator/cluster_13.py,NO,NO,NO
https://github.com/HasinthakaPiyumal/AI-Pattern-Mining-Project/blob/main/notebooks/result/repo_callgraph_clusters/VectorizedMultiAgentSimulator/cluster_14.py,NO,NO,NO
https://github.com/HasinthakaPiyumal/AI-Pattern-Mining-Project/blob/main/notebooks/result/repo_callgraph_clusters/VectorizedMultiAgentSimulator/cluster_16.py,NO,NO,NO
https://github.com/HasinthakaPiyumal/AI-Pattern-Mining-Project/blob/main/notebooks/result/repo_callgraph_clusters/VectorizedMultiAgentSimulator/cluster_17.py,NO,NO,NO
https://github.com/HasinthakaPiyumal/AI-Pattern-Mining-Project/blob/main/notebooks/result/repo_callgraph_clusters/VectorizedMultiAgentSimulator/cluster_18.py,NO,NO,NO
https://github.com/HasinthakaPiyumal/AI-Pattern-Mining-Project/blob/main/notebooks/result/repo_callgraph_clusters/VectorizedMultiAgentSimulator/cluster_19.py,NO,NO,NO
https://github.com/HasinthakaPiyumal/AI-Pattern-Mining-Project/blob/main/notebooks/result/repo_callgraph_clusters/VectorizedMultiAgentSimulator/cluster_20.py,NO,NO,NO
https://github.com/HasinthakaPiyumal/AI-Pattern-Mining-Project/blob/main/notebooks/result/repo_callgraph_clusters/VectorizedMultiAgentSimulator/cluster_22.py,NO,NO,NO
https://github.com/HasinthakaPiyumal/AI-Pattern-Mining-Project/blob/main/notebooks/result/repo_callgraph_clusters/VectorizedMultiAgentSimulator/cluster_23.py,NO,NO,NO
https://github.com/HasinthakaPiyumal/AI-Pattern-Mining-Project/blob/main/notebooks/result/repo_callgraph_clusters/VectorizedMultiAgentSimulator/cluster_24.py,NO,NO,NO
https://github.com/HasinthakaPiyumal/AI-Pattern-Mining-Project/blob/main/notebooks/result/repo_callgraph_clusters/VectorizedMultiAgentSimulator/cluster_25.py,NO,NO,NO
https://github.com/HasinthakaPiyumal/AI-Pattern-Mining-Project/blob/main/notebooks/result/repo_callgraph_clusters/VectorizedMultiAgentSimulator/cluster_26.py,NO,NO,NO
https://github.com/HasinthakaPiyumal/AI-Pattern-Mining-Project/blob/main/notebooks/result/repo_callgraph_clusters/VectorizedMultiAgentSimulator/cluster_28.py,NO,NO,NO
https://github.com/HasinthakaPiyumal/AI-Pattern-Mining-Project/blob/main/notebooks/result/repo_callgraph_clusters/VectorizedMultiAgentSimulator/cluster_29.py,NO,NO,NO
https://github.com/HasinthakaPiyumal/AI-Pattern-Mining-Project/blob/main/notebooks/result/repo_callgraph_clusters/VectorizedMultiAgentSimulator/cluster_31.py,NO,NO,NO
https://github.com/HasinthakaPiyumal/AI-Pattern-Mining-Project/blob/main/notebooks/result/repo_callgraph_clusters/VectorizedMultiAgentSimulator/cluster_32.py,NO,NO,NO
https://github.com/HasinthakaPiyumal/AI-Pattern-Mining-Project/blob/main/notebooks/result/repo_callgraph_clusters/VectorizedMultiAgentSimulator/cluster_33.py,NO,NO,NO
https://github.com/HasinthakaPiyumal/AI-Pattern-Mining-Project/blob/main/notebooks/result/repo_callgraph_clusters/VectorizedMultiAgentSimulator/cluster_5.py,NO,NO,NO
https://github.com/HasinthakaPiyumal/AI-Pattern-Mining-Project/blob/main/notebooks/result/repo_callgraph_clusters/VectorizedMultiAgentSimulator/cluster_6.py,NO,NO,NO
https://github.com/HasinthakaPiyumal/AI-Pattern-Mining-Project/blob/main/notebooks/result/repo_callgraph_clusters/VectorizedMultiAgentSimulator/cluster_7.py,NO,NO,NO
https://github.com/HasinthakaPiyumal/AI-Pattern-Mining-Project/blob/main/notebooks/result/repo_callgraph_clusters/VectorizedMultiAgentSimulator/cluster_8.py,NO,NO,NO
https://github.com/HasinthakaPiyumal/AI-Pattern-Mining-Project/blob/main/notebooks/result/repo_callgraph_clusters/VectorizedMultiAgentSimulator/cluster_9.py,NO,NO,NO
https://github.com/HasinthakaPiyumal/AI-Pattern-Mining-Project/blob/main/notebooks/result/repo_callgraph_clusters/WebShop/cluster_0.py,NO,NO,NO
https://github.com/HasinthakaPiyumal/AI-Pattern-Mining-Project/blob/main/notebooks/result/repo_callgraph_clusters/WebShop/cluster_1.py,NO,NO,NO
https://github.com/HasinthakaPiyumal/AI-Pattern-Mining-Project/blob/main/notebooks/result/repo_callgraph_clusters/WebShop/cluster_10.py,NO,NO,NO
https://github.com/HasinthakaPiyumal/AI-Pattern-Mining-Project/blob/main/notebooks/result/repo_callgraph_clusters/WebShop/cluster_12.py,NO,NO,NO
https://github.com/HasinthakaPiyumal/AI-Pattern-Mining-Project/blob/main/notebooks/result/repo_callgraph_clusters/WebShop/cluster_14.py,NO,NO,NO
https://github.com/HasinthakaPiyumal/AI-Pattern-Mining-Project/blob/main/notebooks/result/repo_callgraph_clusters/WebShop/cluster_16.py,NO,NO,NO
https://github.com/HasinthakaPiyumal/AI-Pattern-Mining-Project/blob/main/notebooks/result/repo_callgraph_clusters/WebShop/cluster_18.py,NO,NO,NO
https://github.com/HasinthakaPiyumal/AI-Pattern-Mining-Project/blob/main/notebooks/result/repo_callgraph_clusters/WebShop/cluster_2.py,NO,NO,NO
https://github.com/HasinthakaPiyumal/AI-Pattern-Mining-Project/blob/main/notebooks/result/repo_callgraph_clusters/WebShop/cluster_20.py,NO,YES,NO
https://github.com/HasinthakaPiyumal/AI-Pattern-Mining-Project/blob/main/notebooks/result/repo_callgraph_clusters/WebShop/cluster_21.py,NO,YES,NO
https://github.com/HasinthakaPiyumal/AI-Pattern-Mining-Project/blob/main/notebooks/result/repo_callgraph_clusters/WebShop/cluster_22.py,NO,NO,NO
https://github.com/HasinthakaPiyumal/AI-Pattern-Mining-Project/blob/main/notebooks/result/repo_callgraph_clusters/WebShop/cluster_4.py,NO,NO,NO
https://github.com/HasinthakaPiyumal/AI-Pattern-Mining-Project/blob/main/notebooks/result/repo_callgraph_clusters/WebShop/cluster_5.py,NO,NO,NO
https://github.com/HasinthakaPiyumal/AI-Pattern-Mining-Project/blob/main/notebooks/result/repo_callgraph_clusters/WebShop/cluster_6.py,NO,NO,NO
https://github.com/HasinthakaPiyumal/AI-Pattern-Mining-Project/blob/main/notebooks/result/repo_callgraph_clusters/WebShop/cluster_7.py,NO,NO,NO
https://github.com/HasinthakaPiyumal/AI-Pattern-Mining-Project/blob/main/notebooks/result/repo_callgraph_clusters/WebShop/cluster_8.py,NO,NO,NO
https://github.com/HasinthakaPiyumal/AI-Pattern-Mining-Project/blob/main/notebooks/result/repo_callgraph_clusters/YOLO3D/cluster_0.py,NO,NO,NO
https://github.com/HasinthakaPiyumal/AI-Pattern-Mining-Project/blob/main/notebooks/result/repo_callgraph_clusters/YOLO3D/cluster_1.py,NO,YES,NO
https://github.com/HasinthakaPiyumal/AI-Pattern-Mining-Project/blob/main/notebooks/result/repo_callgraph_clusters/YOLO3D/cluster_11.py,NO,NO,NO
https://github.com/HasinthakaPiyumal/AI-Pattern-Mining-Project/blob/main/notebooks/result/repo_callgraph_clusters/YOLO3D/cluster_12.py,NO,NO,NO
https://github.com/HasinthakaPiyumal/AI-Pattern-Mining-Project/blob/main/notebooks/result/repo_callgraph_clusters/YOLO3D/cluster_13.py,NO,YES,NO
https://github.com/HasinthakaPiyumal/AI-Pattern-Mining-Project/blob/main/notebooks/result/repo_callgraph_clusters/YOLO3D/cluster_14.py,NO,YES,NO
https://github.com/HasinthakaPiyumal/AI-Pattern-Mining-Project/blob/main/notebooks/result/repo_callgraph_clusters/YOLO3D/cluster_15.py,NO,NO,NO
https://github.com/HasinthakaPiyumal/AI-Pattern-Mining-Project/blob/main/notebooks/result/repo_callgraph_clusters/YOLO3D/cluster_16.py,NO,NO,NO
https://github.com/HasinthakaPiyumal/AI-Pattern-Mining-Project/blob/main/notebooks/result/repo_callgraph_clusters/YOLO3D/cluster_17.py,NO,NO,NO
https://github.com/HasinthakaPiyumal/AI-Pattern-Mining-Project/blob/main/notebooks/result/repo_callgraph_clusters/YOLO3D/cluster_2.py,NO,YES,NO
https://github.com/HasinthakaPiyumal/AI-Pattern-Mining-Project/blob/main/notebooks/result/repo_callgraph_clusters/YOLO3D/cluster_20.py,NO,YES,NO
https://github.com/HasinthakaPiyumal/AI-Pattern-Mining-Project/blob/main/notebooks/result/repo_callgraph_clusters/YOLO3D/cluster_22.py,NO,NO,NO
https://github.com/HasinthakaPiyumal/AI-Pattern-Mining-Project/blob/main/notebooks/result/repo_callgraph_clusters/YOLO3D/cluster_23.py,NO,YES,NO
https://github.com/HasinthakaPiyumal/AI-Pattern-Mining-Project/blob/main/notebooks/result/repo_callgraph_clusters/YOLO3D/cluster_24.py,NO,NO,NO
https://github.com/HasinthakaPiyumal/AI-Pattern-Mining-Project/blob/main/notebooks/result/repo_callgraph_clusters/YOLO3D/cluster_25.py,NO,NO,NO
https://github.com/HasinthakaPiyumal/AI-Pattern-Mining-Project/blob/main/notebooks/result/repo_callgraph_clusters/YOLO3D/cluster_27.py,NO,YES,NO
https://github.com/HasinthakaPiyumal/AI-Pattern-Mining-Project/blob/main/notebooks/result/repo_callgraph_clusters/YOLO3D/cluster_28.py,NO,NO,NO
https://github.com/HasinthakaPiyumal/AI-Pattern-Mining-Project/blob/main/notebooks/result/repo_callgraph_clusters/YOLO3D/cluster_29.py,NO,NO,NO
https://github.com/HasinthakaPiyumal/AI-Pattern-Mining-Project/blob/main/notebooks/result/repo_callgraph_clusters/YOLO3D/cluster_30.py,NO,YES,NO
https://github.com/HasinthakaPiyumal/AI-Pattern-Mining-Project/blob/main/notebooks/result/repo_callgraph_clusters/YOLO3D/cluster_4.py,NO,YES,NO
https://github.com/HasinthakaPiyumal/AI-Pattern-Mining-Project/blob/main/notebooks/result/repo_callgraph_clusters/YOLO3D/cluster_5.py,NO,YES,NO
https://github.com/HasinthakaPiyumal/AI-Pattern-Mining-Project/blob/main/notebooks/result/repo_callgraph_clusters/YOLO3D/cluster_6.py,NO,YES,NO
https://github.com/HasinthakaPiyumal/AI-Pattern-Mining-Project/blob/main/notebooks/result/repo_callgraph_clusters/YOLO3D/cluster_8.py,NO,NO,NO
https://github.com/HasinthakaPiyumal/AI-Pattern-Mining-Project/blob/main/notebooks/result/repo_callgraph_clusters/YOLO3D/cluster_9.py,NO,YES,NO
https://github.com/HasinthakaPiyumal/AI-Pattern-Mining-Project/blob/main/notebooks/result/repo_callgraph_clusters/adaptive-classifier/cluster_0.py,NO,YES,NO
https://github.com/HasinthakaPiyumal/AI-Pattern-Mining-Project/blob/main/notebooks/result/repo_callgraph_clusters/adaptive-classifier/cluster_10.py,NO,NO,NO
https://github.com/HasinthakaPiyumal/AI-Pattern-Mining-Project/blob/main/notebooks/result/repo_callgraph_clusters/adaptive-classifier/cluster_2.py,NO,NO,NO
https://github.com/HasinthakaPiyumal/AI-Pattern-Mining-Project/blob/main/notebooks/result/repo_callgraph_clusters/adaptive-classifier/cluster_3.py,NO,NO,NO
https://github.com/HasinthakaPiyumal/AI-Pattern-Mining-Project/blob/main/notebooks/result/repo_callgraph_clusters/adaptive-classifier/cluster_4.py,NO,NO,NO
https://github.com/HasinthakaPiyumal/AI-Pattern-Mining-Project/blob/main/notebooks/result/repo_callgraph_clusters/adaptive-classifier/cluster_5.py,NO,NO,NO
https://github.com/HasinthakaPiyumal/AI-Pattern-Mining-Project/blob/main/notebooks/result/repo_callgraph_clusters/adaptive-classifier/cluster_6.py,NO,NO,NO
https://github.com/HasinthakaPiyumal/AI-Pattern-Mining-Project/blob/main/notebooks/result/repo_callgraph_clusters/adaptive-classifier/cluster_7.py,NO,NO,NO
https://github.com/HasinthakaPiyumal/AI-Pattern-Mining-Project/blob/main/notebooks/result/repo_callgraph_clusters/adaptive-classifier/cluster_8.py,NO,NO,NO
https://github.com/HasinthakaPiyumal/AI-Pattern-Mining-Project/blob/main/notebooks/result/repo_callgraph_clusters/adaptive-classifier/cluster_9.py,NO,NO,NO
https://github.com/HasinthakaPiyumal/AI-Pattern-Mining-Project/blob/main/notebooks/result/repo_callgraph_clusters/build_MiniLLM_from_scratch/cluster_0.py,NO,NO,NO
https://github.com/HasinthakaPiyumal/AI-Pattern-Mining-Project/blob/main/notebooks/result/repo_callgraph_clusters/build_MiniLLM_from_scratch/cluster_5.py,NO,NO,NO
https://github.com/HasinthakaPiyumal/AI-Pattern-Mining-Project/blob/main/notebooks/result/repo_callgraph_clusters/build_MiniLLM_from_scratch/cluster_8.py,NO,NO,NO
https://github.com/HasinthakaPiyumal/AI-Pattern-Mining-Project/blob/main/notebooks/result/repo_callgraph_clusters/chipper/cluster_1.py,NO,NO,NO
https://github.com/HasinthakaPiyumal/AI-Pattern-Mining-Project/blob/main/notebooks/result/repo_callgraph_clusters/chipper/cluster_10.py,YES,NO,NO
https://github.com/HasinthakaPiyumal/AI-Pattern-Mining-Project/blob/main/notebooks/result/repo_callgraph_clusters/chipper/cluster_11.py,NO,NO,NO
https://github.com/HasinthakaPiyumal/AI-Pattern-Mining-Project/blob/main/notebooks/result/repo_callgraph_clusters/chipper/cluster_2.py,NO,NO,NO
https://github.com/HasinthakaPiyumal/AI-Pattern-Mining-Project/blob/main/notebooks/result/repo_callgraph_clusters/chipper/cluster_4.py,YES,NO,NO
https://github.com/HasinthakaPiyumal/AI-Pattern-Mining-Project/blob/main/notebooks/result/repo_callgraph_clusters/chipper/cluster_5.py,NO,NO,NO
https://github.com/HasinthakaPiyumal/AI-Pattern-Mining-Project/blob/main/notebooks/result/repo_callgraph_clusters/chipper/cluster_7.py,NO,NO,NO
https://github.com/HasinthakaPiyumal/AI-Pattern-Mining-Project/blob/main/notebooks/result/repo_callgraph_clusters/chipper/cluster_8.py,YES,NO,NO
https://github.com/HasinthakaPiyumal/AI-Pattern-Mining-Project/blob/main/notebooks/result/repo_callgraph_clusters/chipper/cluster_9.py,NO,NO,NO
https://github.com/HasinthakaPiyumal/AI-Pattern-Mining-Project/blob/main/notebooks/result/repo_callgraph_clusters/clai/cluster_0.py,NO,NO,NO
https://github.com/HasinthakaPiyumal/AI-Pattern-Mining-Project/blob/main/notebooks/result/repo_callgraph_clusters/clai/cluster_1.py,NO,NO,NO
https://github.com/HasinthakaPiyumal/AI-Pattern-Mining-Project/blob/main/notebooks/result/repo_callgraph_clusters/clai/cluster_11.py,NO,NO,NO
https://github.com/HasinthakaPiyumal/AI-Pattern-Mining-Project/blob/main/notebooks/result/repo_callgraph_clusters/clai/cluster_12.py,NO,NO,NO
https://github.com/HasinthakaPiyumal/AI-Pattern-Mining-Project/blob/main/notebooks/result/repo_callgraph_clusters/clai/cluster_13.py,NO,NO,NO
https://github.com/HasinthakaPiyumal/AI-Pattern-Mining-Project/blob/main/notebooks/result/repo_callgraph_clusters/clai/cluster_14.py,NO,NO,NO
https://github.com/HasinthakaPiyumal/AI-Pattern-Mining-Project/blob/main/notebooks/result/repo_callgraph_clusters/clai/cluster_15.py,YES,YES,NO
https://github.com/HasinthakaPiyumal/AI-Pattern-Mining-Project/blob/main/notebooks/result/repo_callgraph_clusters/clai/cluster_16.py,NO,NO,NO
https://github.com/HasinthakaPiyumal/AI-Pattern-Mining-Project/blob/main/notebooks/result/repo_callgraph_clusters/clai/cluster_17.py,NO,NO,NO
https://github.com/HasinthakaPiyumal/AI-Pattern-Mining-Project/blob/main/notebooks/result/repo_callgraph_clusters/clai/cluster_18.py,NO,NO,NO
https://github.com/HasinthakaPiyumal/AI-Pattern-Mining-Project/blob/main/notebooks/result/repo_callgraph_clusters/clai/cluster_19.py,NO,NO,NO
https://github.com/HasinthakaPiyumal/AI-Pattern-Mining-Project/blob/main/notebooks/result/repo_callgraph_clusters/clai/cluster_2.py,NO,NO,NO
https://github.com/HasinthakaPiyumal/AI-Pattern-Mining-Project/blob/main/notebooks/result/repo_callgraph_clusters/clai/cluster_21.py,NO,NO,NO
https://github.com/HasinthakaPiyumal/AI-Pattern-Mining-Project/blob/main/notebooks/result/repo_callgraph_clusters/clai/cluster_22.py,NO,NO,NO
https://github.com/HasinthakaPiyumal/AI-Pattern-Mining-Project/blob/main/notebooks/result/repo_callgraph_clusters/clai/cluster_23.py,NO,NO,NO
https://github.com/HasinthakaPiyumal/AI-Pattern-Mining-Project/blob/main/notebooks/result/repo_callgraph_clusters/clai/cluster_24.py,NO,NO,NO
https://github.com/HasinthakaPiyumal/AI-Pattern-Mining-Project/blob/main/notebooks/result/repo_callgraph_clusters/clai/cluster_26.py,NO,NO,NO
https://github.com/HasinthakaPiyumal/AI-Pattern-Mining-Project/blob/main/notebooks/result/repo_callgraph_clusters/clai/cluster_27.py,NO,NO,NO
https://github.com/HasinthakaPiyumal/AI-Pattern-Mining-Project/blob/main/notebooks/result/repo_callgraph_clusters/clai/cluster_28.py,NO,NO,NO
https://github.com/HasinthakaPiyumal/AI-Pattern-Mining-Project/blob/main/notebooks/result/repo_callgraph_clusters/clai/cluster_29.py,NO,NO,NO
https://github.com/HasinthakaPiyumal/AI-Pattern-Mining-Project/blob/main/notebooks/result/repo_callgraph_clusters/clai/cluster_3.py,NO,NO,NO
https://github.com/HasinthakaPiyumal/AI-Pattern-Mining-Project/blob/main/notebooks/result/repo_callgraph_clusters/clai/cluster_30.py,NO,NO,NO
https://github.com/HasinthakaPiyumal/AI-Pattern-Mining-Project/blob/main/notebooks/result/repo_callgraph_clusters/clai/cluster_31.py,NO,NO,NO
https://github.com/HasinthakaPiyumal/AI-Pattern-Mining-Project/blob/main/notebooks/result/repo_callgraph_clusters/clai/cluster_32.py,NO,NO,NO
https://github.com/HasinthakaPiyumal/AI-Pattern-Mining-Project/blob/main/notebooks/result/repo_callgraph_clusters/clai/cluster_33.py,NO,NO,NO
https://github.com/HasinthakaPiyumal/AI-Pattern-Mining-Project/blob/main/notebooks/result/repo_callgraph_clusters/clai/cluster_34.py,NO,NO,NO
https://github.com/HasinthakaPiyumal/AI-Pattern-Mining-Project/blob/main/notebooks/result/repo_callgraph_clusters/clai/cluster_36.py,NO,NO,NO
https://github.com/HasinthakaPiyumal/AI-Pattern-Mining-Project/blob/main/notebooks/result/repo_callgraph_clusters/clai/cluster_39.py,NO,NO,NO
https://github.com/HasinthakaPiyumal/AI-Pattern-Mining-Project/blob/main/notebooks/result/repo_callgraph_clusters/clai/cluster_4.py,NO,NO,NO
https://github.com/HasinthakaPiyumal/AI-Pattern-Mining-Project/blob/main/notebooks/result/repo_callgraph_clusters/clai/cluster_40.py,NO,NO,NO
https://github.com/HasinthakaPiyumal/AI-Pattern-Mining-Project/blob/main/notebooks/result/repo_callgraph_clusters/clai/cluster_42.py,NO,NO,NO
https://github.com/HasinthakaPiyumal/AI-Pattern-Mining-Project/blob/main/notebooks/result/repo_callgraph_clusters/clai/cluster_44.py,NO,NO,NO
https://github.com/HasinthakaPiyumal/AI-Pattern-Mining-Project/blob/main/notebooks/result/repo_callgraph_clusters/clai/cluster_46.py,NO,NO,NO
https://github.com/HasinthakaPiyumal/AI-Pattern-Mining-Project/blob/main/notebooks/result/repo_callgraph_clusters/clai/cluster_47.py,NO,NO,NO
https://github.com/HasinthakaPiyumal/AI-Pattern-Mining-Project/blob/main/notebooks/result/repo_callgraph_clusters/clai/cluster_48.py,NO,YES,NO
https://github.com/HasinthakaPiyumal/AI-Pattern-Mining-Project/blob/main/notebooks/result/repo_callgraph_clusters/clai/cluster_8.py,NO,YES,NO
https://github.com/HasinthakaPiyumal/AI-Pattern-Mining-Project/blob/main/notebooks/result/repo_callgraph_clusters/clai/cluster_9.py,NO,NO,NO
https://github.com/HasinthakaPiyumal/AI-Pattern-Mining-Project/blob/main/notebooks/result/repo_callgraph_clusters/crafter/cluster_8.py,NO,NO,NO
https://github.com/HasinthakaPiyumal/AI-Pattern-Mining-Project/blob/main/notebooks/result/repo_callgraph_clusters/dalle-flow/cluster_2.py,NO,NO,NO
https://github.com/HasinthakaPiyumal/AI-Pattern-Mining-Project/blob/main/notebooks/result/repo_callgraph_clusters/deep_recommenders/cluster_0.py,NO,YES,NO
https://github.com/HasinthakaPiyumal/AI-Pattern-Mining-Project/blob/main/notebooks/result/repo_callgraph_clusters/deep_recommenders/cluster_10.py,NO,NO,NO
https://github.com/HasinthakaPiyumal/AI-Pattern-Mining-Project/blob/main/notebooks/result/repo_callgraph_clusters/deep_recommenders/cluster_12.py,NO,YES,NO
https://github.com/HasinthakaPiyumal/AI-Pattern-Mining-Project/blob/main/notebooks/result/repo_callgraph_clusters/deep_recommenders/cluster_3.py,NO,NO,NO
https://github.com/HasinthakaPiyumal/AI-Pattern-Mining-Project/blob/main/notebooks/result/repo_callgraph_clusters/deep_recommenders/cluster_6.py,NO,YES,NO
https://github.com/HasinthakaPiyumal/AI-Pattern-Mining-Project/blob/main/notebooks/result/repo_callgraph_clusters/deep_recommenders/cluster_8.py,NO,YES,NO
https://github.com/HasinthakaPiyumal/AI-Pattern-Mining-Project/blob/main/notebooks/result/repo_callgraph_clusters/deep_recommenders/cluster_9.py,NO,NO,NO
https://github.com/HasinthakaPiyumal/AI-Pattern-Mining-Project/blob/main/notebooks/result/repo_callgraph_clusters/dia/cluster_1.py,NO,NO,NO
https://github.com/HasinthakaPiyumal/AI-Pattern-Mining-Project/blob/main/notebooks/result/repo_callgraph_clusters/dia/cluster_2.py,NO,NO,NO
https://github.com/HasinthakaPiyumal/AI-Pattern-Mining-Project/blob/main/notebooks/result/repo_callgraph_clusters/dia/cluster_3.py,NO,NO,NO
https://github.com/HasinthakaPiyumal/AI-Pattern-Mining-Project/blob/main/notebooks/result/repo_callgraph_clusters/dia/cluster_5.py,NO,NO,NO
https://github.com/HasinthakaPiyumal/AI-Pattern-Mining-Project/blob/main/notebooks/result/repo_callgraph_clusters/dia/cluster_6.py,NO,YES,NO
https://github.com/HasinthakaPiyumal/AI-Pattern-Mining-Project/blob/main/notebooks/result/repo_callgraph_clusters/dia/cluster_7.py,NO,NO,NO
https://github.com/HasinthakaPiyumal/AI-Pattern-Mining-Project/blob/main/notebooks/result/repo_callgraph_clusters/dia/cluster_8.py,NO,NO,NO
https://github.com/HasinthakaPiyumal/AI-Pattern-Mining-Project/blob/main/notebooks/result/repo_callgraph_clusters/discrete_distribution_networks/cluster_0.py,NO,NO,NO
https://github.com/HasinthakaPiyumal/AI-Pattern-Mining-Project/blob/main/notebooks/result/repo_callgraph_clusters/discrete_distribution_networks/cluster_1.py,NO,NO,NO
https://github.com/HasinthakaPiyumal/AI-Pattern-Mining-Project/blob/main/notebooks/result/repo_callgraph_clusters/discrete_distribution_networks/cluster_12.py,NO,NO,NO
https://github.com/HasinthakaPiyumal/AI-Pattern-Mining-Project/blob/main/notebooks/result/repo_callgraph_clusters/discrete_distribution_networks/cluster_13.py,NO,YES,NO
https://github.com/HasinthakaPiyumal/AI-Pattern-Mining-Project/blob/main/notebooks/result/repo_callgraph_clusters/discrete_distribution_networks/cluster_14.py,NO,YES,NO
https://github.com/HasinthakaPiyumal/AI-Pattern-Mining-Project/blob/main/notebooks/result/repo_callgraph_clusters/discrete_distribution_networks/cluster_15.py,NO,NO,NO
https://github.com/HasinthakaPiyumal/AI-Pattern-Mining-Project/blob/main/notebooks/result/repo_callgraph_clusters/discrete_distribution_networks/cluster_17.py,NO,NO,NO
https://github.com/HasinthakaPiyumal/AI-Pattern-Mining-Project/blob/main/notebooks/result/repo_callgraph_clusters/discrete_distribution_networks/cluster_19.py,NO,NO,NO
https://github.com/HasinthakaPiyumal/AI-Pattern-Mining-Project/blob/main/notebooks/result/repo_callgraph_clusters/discrete_distribution_networks/cluster_2.py,NO,NO,NO
https://github.com/HasinthakaPiyumal/AI-Pattern-Mining-Project/blob/main/notebooks/result/repo_callgraph_clusters/discrete_distribution_networks/cluster_3.py,NO,NO,NO
https://github.com/HasinthakaPiyumal/AI-Pattern-Mining-Project/blob/main/notebooks/result/repo_callgraph_clusters/discrete_distribution_networks/cluster_4.py,NO,NO,NO
https://github.com/HasinthakaPiyumal/AI-Pattern-Mining-Project/blob/main/notebooks/result/repo_callgraph_clusters/discrete_distribution_networks/cluster_7.py,NO,NO,NO
https://github.com/HasinthakaPiyumal/AI-Pattern-Mining-Project/blob/main/notebooks/result/repo_callgraph_clusters/discrete_distribution_networks/cluster_8.py,NO,NO,NO
https://github.com/HasinthakaPiyumal/AI-Pattern-Mining-Project/blob/main/notebooks/result/repo_callgraph_clusters/discrete_distribution_networks/cluster_9.py,NO,YES,NO
https://github.com/HasinthakaPiyumal/AI-Pattern-Mining-Project/blob/main/notebooks/result/repo_callgraph_clusters/drl_grasping/cluster_0.py,NO,NO,NO
https://github.com/HasinthakaPiyumal/AI-Pattern-Mining-Project/blob/main/notebooks/result/repo_callgraph_clusters/drl_grasping/cluster_1.py,NO,NO,NO
https://github.com/HasinthakaPiyumal/AI-Pattern-Mining-Project/blob/main/notebooks/result/repo_callgraph_clusters/drl_grasping/cluster_11.py,NO,NO,NO
https://github.com/HasinthakaPiyumal/AI-Pattern-Mining-Project/blob/main/notebooks/result/repo_callgraph_clusters/drl_grasping/cluster_12.py,NO,NO,NO
https://github.com/HasinthakaPiyumal/AI-Pattern-Mining-Project/blob/main/notebooks/result/repo_callgraph_clusters/drl_grasping/cluster_13.py,NO,NO,NO
https://github.com/HasinthakaPiyumal/AI-Pattern-Mining-Project/blob/main/notebooks/result/repo_callgraph_clusters/drl_grasping/cluster_14.py,NO,NO,NO
https://github.com/HasinthakaPiyumal/AI-Pattern-Mining-Project/blob/main/notebooks/result/repo_callgraph_clusters/drl_grasping/cluster_15.py,NO,NO,NO
https://github.com/HasinthakaPiyumal/AI-Pattern-Mining-Project/blob/main/notebooks/result/repo_callgraph_clusters/drl_grasping/cluster_16.py,NO,NO,NO
https://github.com/HasinthakaPiyumal/AI-Pattern-Mining-Project/blob/main/notebooks/result/repo_callgraph_clusters/drl_grasping/cluster_17.py,NO,NO,NO
https://github.com/HasinthakaPiyumal/AI-Pattern-Mining-Project/blob/main/notebooks/result/repo_callgraph_clusters/drl_grasping/cluster_18.py,NO,NO,NO
https://github.com/HasinthakaPiyumal/AI-Pattern-Mining-Project/blob/main/notebooks/result/repo_callgraph_clusters/drl_grasping/cluster_2.py,NO,YES,NO
https://github.com/HasinthakaPiyumal/AI-Pattern-Mining-Project/blob/main/notebooks/result/repo_callgraph_clusters/drl_grasping/cluster_3.py,NO,YES,NO
https://github.com/HasinthakaPiyumal/AI-Pattern-Mining-Project/blob/main/notebooks/result/repo_callgraph_clusters/drl_grasping/cluster_4.py,NO,NO,NO
https://github.com/HasinthakaPiyumal/AI-Pattern-Mining-Project/blob/main/notebooks/result/repo_callgraph_clusters/drl_grasping/cluster_5.py,NO,NO,NO
https://github.com/HasinthakaPiyumal/AI-Pattern-Mining-Project/blob/main/notebooks/result/repo_callgraph_clusters/drl_grasping/cluster_6.py,NO,NO,NO
https://github.com/HasinthakaPiyumal/AI-Pattern-Mining-Project/blob/main/notebooks/result/repo_callgraph_clusters/drl_grasping/cluster_7.py,NO,NO,NO
https://github.com/HasinthakaPiyumal/AI-Pattern-Mining-Project/blob/main/notebooks/result/repo_callgraph_clusters/drl_grasping/cluster_8.py,NO,NO,NO
https://github.com/HasinthakaPiyumal/AI-Pattern-Mining-Project/blob/main/notebooks/result/repo_callgraph_clusters/drl_grasping/cluster_9.py,NO,NO,NO
https://github.com/HasinthakaPiyumal/AI-Pattern-Mining-Project/blob/main/notebooks/result/repo_callgraph_clusters/evadb/cluster_0.py,NO,NO,NO
https://github.com/HasinthakaPiyumal/AI-Pattern-Mining-Project/blob/main/notebooks/result/repo_callgraph_clusters/evadb/cluster_1.py,NO,NO,NO
https://github.com/HasinthakaPiyumal/AI-Pattern-Mining-Project/blob/main/notebooks/result/repo_callgraph_clusters/evadb/cluster_10.py,NO,NO,NO
https://github.com/HasinthakaPiyumal/AI-Pattern-Mining-Project/blob/main/notebooks/result/repo_callgraph_clusters/evadb/cluster_100.py,NO,NO,NO
https://github.com/HasinthakaPiyumal/AI-Pattern-Mining-Project/blob/main/notebooks/result/repo_callgraph_clusters/evadb/cluster_102.py,NO,NO,NO
https://github.com/HasinthakaPiyumal/AI-Pattern-Mining-Project/blob/main/notebooks/result/repo_callgraph_clusters/evadb/cluster_103.py,NO,NO,NO
https://github.com/HasinthakaPiyumal/AI-Pattern-Mining-Project/blob/main/notebooks/result/repo_callgraph_clusters/evadb/cluster_104.py,NO,NO,NO
https://github.com/HasinthakaPiyumal/AI-Pattern-Mining-Project/blob/main/notebooks/result/repo_callgraph_clusters/evadb/cluster_11.py,YES,YES,NO
https://github.com/HasinthakaPiyumal/AI-Pattern-Mining-Project/blob/main/notebooks/result/repo_callgraph_clusters/evadb/cluster_112.py,NO,NO,NO
https://github.com/HasinthakaPiyumal/AI-Pattern-Mining-Project/blob/main/notebooks/result/repo_callgraph_clusters/evadb/cluster_114.py,NO,NO,NO
https://github.com/HasinthakaPiyumal/AI-Pattern-Mining-Project/blob/main/notebooks/result/repo_callgraph_clusters/evadb/cluster_13.py,NO,NO,NO
https://github.com/HasinthakaPiyumal/AI-Pattern-Mining-Project/blob/main/notebooks/result/repo_callgraph_clusters/evadb/cluster_14.py,NO,NO,NO
https://github.com/HasinthakaPiyumal/AI-Pattern-Mining-Project/blob/main/notebooks/result/repo_callgraph_clusters/evadb/cluster_16.py,YES,YES,NO
https://github.com/HasinthakaPiyumal/AI-Pattern-Mining-Project/blob/main/notebooks/result/repo_callgraph_clusters/evadb/cluster_18.py,NO,YES,NO
https://github.com/HasinthakaPiyumal/AI-Pattern-Mining-Project/blob/main/notebooks/result/repo_callgraph_clusters/evadb/cluster_19.py,YES,NO,NO
https://github.com/HasinthakaPiyumal/AI-Pattern-Mining-Project/blob/main/notebooks/result/repo_callgraph_clusters/evadb/cluster_2.py,NO,YES,NO
https://github.com/HasinthakaPiyumal/AI-Pattern-Mining-Project/blob/main/notebooks/result/repo_callgraph_clusters/evadb/cluster_20.py,NO,NO,NO
https://github.com/HasinthakaPiyumal/AI-Pattern-Mining-Project/blob/main/notebooks/result/repo_callgraph_clusters/evadb/cluster_24.py,NO,NO,NO
https://github.com/HasinthakaPiyumal/AI-Pattern-Mining-Project/blob/main/notebooks/result/repo_callgraph_clusters/evadb/cluster_3.py,NO,NO,NO
https://github.com/HasinthakaPiyumal/AI-Pattern-Mining-Project/blob/main/notebooks/result/repo_callgraph_clusters/evadb/cluster_30.py,NO,NO,NO
https://github.com/HasinthakaPiyumal/AI-Pattern-Mining-Project/blob/main/notebooks/result/repo_callgraph_clusters/evadb/cluster_31.py,NO,NO,NO
https://github.com/HasinthakaPiyumal/AI-Pattern-Mining-Project/blob/main/notebooks/result/repo_callgraph_clusters/evadb/cluster_32.py,NO,NO,NO
https://github.com/HasinthakaPiyumal/AI-Pattern-Mining-Project/blob/main/notebooks/result/repo_callgraph_clusters/evadb/cluster_33.py,NO,NO,NO
https://github.com/HasinthakaPiyumal/AI-Pattern-Mining-Project/blob/main/notebooks/result/repo_callgraph_clusters/evadb/cluster_34.py,NO,NO,NO
https://github.com/HasinthakaPiyumal/AI-Pattern-Mining-Project/blob/main/notebooks/result/repo_callgraph_clusters/evadb/cluster_36.py,NO,NO,NO
https://github.com/HasinthakaPiyumal/AI-Pattern-Mining-Project/blob/main/notebooks/result/repo_callgraph_clusters/evadb/cluster_37.py,NO,NO,NO
https://github.com/HasinthakaPiyumal/AI-Pattern-Mining-Project/blob/main/notebooks/result/repo_callgraph_clusters/evadb/cluster_38.py,NO,NO,NO
https://github.com/HasinthakaPiyumal/AI-Pattern-Mining-Project/blob/main/notebooks/result/repo_callgraph_clusters/evadb/cluster_39.py,NO,NO,NO
https://github.com/HasinthakaPiyumal/AI-Pattern-Mining-Project/blob/main/notebooks/result/repo_callgraph_clusters/evadb/cluster_4.py,NO,YES,NO
https://github.com/HasinthakaPiyumal/AI-Pattern-Mining-Project/blob/main/notebooks/result/repo_callgraph_clusters/evadb/cluster_40.py,NO,NO,NO
https://github.com/HasinthakaPiyumal/AI-Pattern-Mining-Project/blob/main/notebooks/result/repo_callgraph_clusters/evadb/cluster_41.py,NO,NO,NO
https://github.com/HasinthakaPiyumal/AI-Pattern-Mining-Project/blob/main/notebooks/result/repo_callgraph_clusters/evadb/cluster_42.py,NO,NO,NO
https://github.com/HasinthakaPiyumal/AI-Pattern-Mining-Project/blob/main/notebooks/result/repo_callgraph_clusters/evadb/cluster_44.py,YES,YES,NO
https://github.com/HasinthakaPiyumal/AI-Pattern-Mining-Project/blob/main/notebooks/result/repo_callgraph_clusters/evadb/cluster_45.py,NO,NO,NO
https://github.com/HasinthakaPiyumal/AI-Pattern-Mining-Project/blob/main/notebooks/result/repo_callgraph_clusters/evadb/cluster_49.py,NO,NO,NO
https://github.com/HasinthakaPiyumal/AI-Pattern-Mining-Project/blob/main/notebooks/result/repo_callgraph_clusters/evadb/cluster_51.py,NO,NO,NO
https://github.com/HasinthakaPiyumal/AI-Pattern-Mining-Project/blob/main/notebooks/result/repo_callgraph_clusters/evadb/cluster_53.py,NO,NO,NO
https://github.com/HasinthakaPiyumal/AI-Pattern-Mining-Project/blob/main/notebooks/result/repo_callgraph_clusters/evadb/cluster_54.py,NO,NO,NO
https://github.com/HasinthakaPiyumal/AI-Pattern-Mining-Project/blob/main/notebooks/result/repo_callgraph_clusters/evadb/cluster_56.py,NO,YES,NO
https://github.com/HasinthakaPiyumal/AI-Pattern-Mining-Project/blob/main/notebooks/result/repo_callgraph_clusters/evadb/cluster_57.py,NO,NO,NO
https://github.com/HasinthakaPiyumal/AI-Pattern-Mining-Project/blob/main/notebooks/result/repo_callgraph_clusters/evadb/cluster_59.py,NO,NO,NO
https://github.com/HasinthakaPiyumal/AI-Pattern-Mining-Project/blob/main/notebooks/result/repo_callgraph_clusters/evadb/cluster_6.py,NO,NO,NO
https://github.com/HasinthakaPiyumal/AI-Pattern-Mining-Project/blob/main/notebooks/result/repo_callgraph_clusters/evadb/cluster_60.py,NO,NO,NO
https://github.com/HasinthakaPiyumal/AI-Pattern-Mining-Project/blob/main/notebooks/result/repo_callgraph_clusters/evadb/cluster_62.py,NO,NO,NO
https://github.com/HasinthakaPiyumal/AI-Pattern-Mining-Project/blob/main/notebooks/result/repo_callgraph_clusters/evadb/cluster_66.py,NO,NO,NO
https://github.com/HasinthakaPiyumal/AI-Pattern-Mining-Project/blob/main/notebooks/result/repo_callgraph_clusters/evadb/cluster_67.py,NO,NO,NO
https://github.com/HasinthakaPiyumal/AI-Pattern-Mining-Project/blob/main/notebooks/result/repo_callgraph_clusters/evadb/cluster_68.py,NO,NO,NO
https://github.com/HasinthakaPiyumal/AI-Pattern-Mining-Project/blob/main/notebooks/result/repo_callgraph_clusters/evadb/cluster_69.py,NO,NO,NO
https://github.com/HasinthakaPiyumal/AI-Pattern-Mining-Project/blob/main/notebooks/result/repo_callgraph_clusters/evadb/cluster_7.py,NO,YES,NO
https://github.com/HasinthakaPiyumal/AI-Pattern-Mining-Project/blob/main/notebooks/result/repo_callgraph_clusters/evadb/cluster_70.py,NO,NO,NO
https://github.com/HasinthakaPiyumal/AI-Pattern-Mining-Project/blob/main/notebooks/result/repo_callgraph_clusters/evadb/cluster_72.py,NO,NO,NO
https://github.com/HasinthakaPiyumal/AI-Pattern-Mining-Project/blob/main/notebooks/result/repo_callgraph_clusters/evadb/cluster_77.py,NO,NO,NO
https://github.com/HasinthakaPiyumal/AI-Pattern-Mining-Project/blob/main/notebooks/result/repo_callgraph_clusters/evadb/cluster_8.py,NO,NO,NO
https://github.com/HasinthakaPiyumal/AI-Pattern-Mining-Project/blob/main/notebooks/result/repo_callgraph_clusters/evadb/cluster_85.py,NO,NO,NO
https://github.com/HasinthakaPiyumal/AI-Pattern-Mining-Project/blob/main/notebooks/result/repo_callgraph_clusters/evadb/cluster_89.py,NO,NO,NO
https://github.com/HasinthakaPiyumal/AI-Pattern-Mining-Project/blob/main/notebooks/result/repo_callgraph_clusters/evadb/cluster_9.py,NO,YES,NO
https://github.com/HasinthakaPiyumal/AI-Pattern-Mining-Project/blob/main/notebooks/result/repo_callgraph_clusters/evadb/cluster_90.py,NO,NO,NO
https://github.com/HasinthakaPiyumal/AI-Pattern-Mining-Project/blob/main/notebooks/result/repo_callgraph_clusters/evadb/cluster_91.py,NO,NO,NO
https://github.com/HasinthakaPiyumal/AI-Pattern-Mining-Project/blob/main/notebooks/result/repo_callgraph_clusters/evadb/cluster_92.py,NO,NO,NO
https://github.com/HasinthakaPiyumal/AI-Pattern-Mining-Project/blob/main/notebooks/result/repo_callgraph_clusters/evadb/cluster_93.py,NO,NO,NO
https://github.com/HasinthakaPiyumal/AI-Pattern-Mining-Project/blob/main/notebooks/result/repo_callgraph_clusters/evadb/cluster_96.py,NO,NO,NO
https://github.com/HasinthakaPiyumal/AI-Pattern-Mining-Project/blob/main/notebooks/result/repo_callgraph_clusters/evadb/cluster_97.py,YES,YES,NO
https://github.com/HasinthakaPiyumal/AI-Pattern-Mining-Project/blob/main/notebooks/result/repo_callgraph_clusters/evadb/cluster_98.py,NO,NO,NO
https://github.com/HasinthakaPiyumal/AI-Pattern-Mining-Project/blob/main/notebooks/result/repo_callgraph_clusters/evolving-agents/cluster_0.py,NO,NO,NO
https://github.com/HasinthakaPiyumal/AI-Pattern-Mining-Project/blob/main/notebooks/result/repo_callgraph_clusters/evolving-agents/cluster_1.py,YES,NO,NO
https://github.com/HasinthakaPiyumal/AI-Pattern-Mining-Project/blob/main/notebooks/result/repo_callgraph_clusters/evolving-agents/cluster_10.py,NO,NO,NO
https://github.com/HasinthakaPiyumal/AI-Pattern-Mining-Project/blob/main/notebooks/result/repo_callgraph_clusters/evolving-agents/cluster_11.py,NO,NO,NO
https://github.com/HasinthakaPiyumal/AI-Pattern-Mining-Project/blob/main/notebooks/result/repo_callgraph_clusters/evolving-agents/cluster_12.py,YES,NO,NO
https://github.com/HasinthakaPiyumal/AI-Pattern-Mining-Project/blob/main/notebooks/result/repo_callgraph_clusters/evolving-agents/cluster_13.py,YES,NO,NO
https://github.com/HasinthakaPiyumal/AI-Pattern-Mining-Project/blob/main/notebooks/result/repo_callgraph_clusters/evolving-agents/cluster_14.py,YES,NO,NO
https://github.com/HasinthakaPiyumal/AI-Pattern-Mining-Project/blob/main/notebooks/result/repo_callgraph_clusters/evolving-agents/cluster_2.py,YES,NO,NO
https://github.com/HasinthakaPiyumal/AI-Pattern-Mining-Project/blob/main/notebooks/result/repo_callgraph_clusters/evolving-agents/cluster_3.py,NO,NO,NO
https://github.com/HasinthakaPiyumal/AI-Pattern-Mining-Project/blob/main/notebooks/result/repo_callgraph_clusters/evolving-agents/cluster_4.py,YES,NO,NO
https://github.com/HasinthakaPiyumal/AI-Pattern-Mining-Project/blob/main/notebooks/result/repo_callgraph_clusters/evolving-agents/cluster_6.py,YES,NO,NO
https://github.com/HasinthakaPiyumal/AI-Pattern-Mining-Project/blob/main/notebooks/result/repo_callgraph_clusters/evolving-agents/cluster_8.py,YES,NO,NO
https://github.com/HasinthakaPiyumal/AI-Pattern-Mining-Project/blob/main/notebooks/result/repo_callgraph_clusters/factorio-learning-environment/cluster_0.py,NO,NO,NO
https://github.com/HasinthakaPiyumal/AI-Pattern-Mining-Project/blob/main/notebooks/result/repo_callgraph_clusters/factorio-learning-environment/cluster_1.py,YES,NO,NO
https://github.com/HasinthakaPiyumal/AI-Pattern-Mining-Project/blob/main/notebooks/result/repo_callgraph_clusters/factorio-learning-environment/cluster_10.py,NO,NO,NO
https://github.com/HasinthakaPiyumal/AI-Pattern-Mining-Project/blob/main/notebooks/result/repo_callgraph_clusters/factorio-learning-environment/cluster_11.py,NO,NO,NO
https://github.com/HasinthakaPiyumal/AI-Pattern-Mining-Project/blob/main/notebooks/result/repo_callgraph_clusters/factorio-learning-environment/cluster_14.py,NO,NO,NO
https://github.com/HasinthakaPiyumal/AI-Pattern-Mining-Project/blob/main/notebooks/result/repo_callgraph_clusters/factorio-learning-environment/cluster_15.py,NO,NO,NO
https://github.com/HasinthakaPiyumal/AI-Pattern-Mining-Project/blob/main/notebooks/result/repo_callgraph_clusters/factorio-learning-environment/cluster_16.py,NO,NO,NO
https://github.com/HasinthakaPiyumal/AI-Pattern-Mining-Project/blob/main/notebooks/result/repo_callgraph_clusters/factorio-learning-environment/cluster_17.py,NO,NO,NO
https://github.com/HasinthakaPiyumal/AI-Pattern-Mining-Project/blob/main/notebooks/result/repo_callgraph_clusters/factorio-learning-environment/cluster_19.py,NO,NO,NO
https://github.com/HasinthakaPiyumal/AI-Pattern-Mining-Project/blob/main/notebooks/result/repo_callgraph_clusters/factorio-learning-environment/cluster_2.py,NO,NO,NO
https://github.com/HasinthakaPiyumal/AI-Pattern-Mining-Project/blob/main/notebooks/result/repo_callgraph_clusters/factorio-learning-environment/cluster_20.py,YES,NO,NO
https://github.com/HasinthakaPiyumal/AI-Pattern-Mining-Project/blob/main/notebooks/result/repo_callgraph_clusters/factorio-learning-environment/cluster_21.py,NO,NO,NO
https://github.com/HasinthakaPiyumal/AI-Pattern-Mining-Project/blob/main/notebooks/result/repo_callgraph_clusters/factorio-learning-environment/cluster_22.py,NO,NO,NO
https://github.com/HasinthakaPiyumal/AI-Pattern-Mining-Project/blob/main/notebooks/result/repo_callgraph_clusters/factorio-learning-environment/cluster_23.py,NO,NO,NO
https://github.com/HasinthakaPiyumal/AI-Pattern-Mining-Project/blob/main/notebooks/result/repo_callgraph_clusters/factorio-learning-environment/cluster_26.py,NO,NO,NO
https://github.com/HasinthakaPiyumal/AI-Pattern-Mining-Project/blob/main/notebooks/result/repo_callgraph_clusters/factorio-learning-environment/cluster_27.py,NO,NO,NO
https://github.com/HasinthakaPiyumal/AI-Pattern-Mining-Project/blob/main/notebooks/result/repo_callgraph_clusters/factorio-learning-environment/cluster_28.py,NO,NO,NO
https://github.com/HasinthakaPiyumal/AI-Pattern-Mining-Project/blob/main/notebooks/result/repo_callgraph_clusters/factorio-learning-environment/cluster_3.py,YES,NO,NO
https://github.com/HasinthakaPiyumal/AI-Pattern-Mining-Project/blob/main/notebooks/result/repo_callgraph_clusters/factorio-learning-environment/cluster_30.py,YES,NO,NO
https://github.com/HasinthakaPiyumal/AI-Pattern-Mining-Project/blob/main/notebooks/result/repo_callgraph_clusters/factorio-learning-environment/cluster_31.py,YES,NO,NO
https://github.com/HasinthakaPiyumal/AI-Pattern-Mining-Project/blob/main/notebooks/result/repo_callgraph_clusters/factorio-learning-environment/cluster_32.py,YES,NO,NO
https://github.com/HasinthakaPiyumal/AI-Pattern-Mining-Project/blob/main/notebooks/result/repo_callgraph_clusters/factorio-learning-environment/cluster_33.py,NO,NO,NO
https://github.com/HasinthakaPiyumal/AI-Pattern-Mining-Project/blob/main/notebooks/result/repo_callgraph_clusters/factorio-learning-environment/cluster_34.py,NO,NO,NO
https://github.com/HasinthakaPiyumal/AI-Pattern-Mining-Project/blob/main/notebooks/result/repo_callgraph_clusters/factorio-learning-environment/cluster_35.py,NO,NO,NO
https://github.com/HasinthakaPiyumal/AI-Pattern-Mining-Project/blob/main/notebooks/result/repo_callgraph_clusters/factorio-learning-environment/cluster_36.py,YES,NO,NO
https://github.com/HasinthakaPiyumal/AI-Pattern-Mining-Project/blob/main/notebooks/result/repo_callgraph_clusters/factorio-learning-environment/cluster_38.py,NO,NO,NO
https://github.com/HasinthakaPiyumal/AI-Pattern-Mining-Project/blob/main/notebooks/result/repo_callgraph_clusters/factorio-learning-environment/cluster_39.py,NO,NO,NO
https://github.com/HasinthakaPiyumal/AI-Pattern-Mining-Project/blob/main/notebooks/result/repo_callgraph_clusters/factorio-learning-environment/cluster_4.py,YES,NO,NO
https://github.com/HasinthakaPiyumal/AI-Pattern-Mining-Project/blob/main/notebooks/result/repo_callgraph_clusters/factorio-learning-environment/cluster_40.py,NO,NO,NO
https://github.com/HasinthakaPiyumal/AI-Pattern-Mining-Project/blob/main/notebooks/result/repo_callgraph_clusters/factorio-learning-environment/cluster_41.py,NO,NO,NO
https://github.com/HasinthakaPiyumal/AI-Pattern-Mining-Project/blob/main/notebooks/result/repo_callgraph_clusters/factorio-learning-environment/cluster_42.py,NO,NO,NO
https://github.com/HasinthakaPiyumal/AI-Pattern-Mining-Project/blob/main/notebooks/result/repo_callgraph_clusters/factorio-learning-environment/cluster_43.py,NO,NO,NO
https://github.com/HasinthakaPiyumal/AI-Pattern-Mining-Project/blob/main/notebooks/result/repo_callgraph_clusters/factorio-learning-environment/cluster_49.py,NO,NO,NO
https://github.com/HasinthakaPiyumal/AI-Pattern-Mining-Project/blob/main/notebooks/result/repo_callgraph_clusters/factorio-learning-environment/cluster_51.py,NO,NO,NO
https://github.com/HasinthakaPiyumal/AI-Pattern-Mining-Project/blob/main/notebooks/result/repo_callgraph_clusters/factorio-learning-environment/cluster_53.py,NO,NO,NO
https://github.com/HasinthakaPiyumal/AI-Pattern-Mining-Project/blob/main/notebooks/result/repo_callgraph_clusters/factorio-learning-environment/cluster_54.py,NO,NO,NO
https://github.com/HasinthakaPiyumal/AI-Pattern-Mining-Project/blob/main/notebooks/result/repo_callgraph_clusters/factorio-learning-environment/cluster_55.py,NO,NO,NO
https://github.com/HasinthakaPiyumal/AI-Pattern-Mining-Project/blob/main/notebooks/result/repo_callgraph_clusters/factorio-learning-environment/cluster_56.py,NO,NO,NO
https://github.com/HasinthakaPiyumal/AI-Pattern-Mining-Project/blob/main/notebooks/result/repo_callgraph_clusters/factorio-learning-environment/cluster_58.py,NO,NO,NO
https://github.com/HasinthakaPiyumal/AI-Pattern-Mining-Project/blob/main/notebooks/result/repo_callgraph_clusters/factorio-learning-environment/cluster_59.py,NO,NO,NO
https://github.com/HasinthakaPiyumal/AI-Pattern-Mining-Project/blob/main/notebooks/result/repo_callgraph_clusters/factorio-learning-environment/cluster_6.py,NO,NO,NO
https://github.com/HasinthakaPiyumal/AI-Pattern-Mining-Project/blob/main/notebooks/result/repo_callgraph_clusters/factorio-learning-environment/cluster_60.py,NO,NO,NO
https://github.com/HasinthakaPiyumal/AI-Pattern-Mining-Project/blob/main/notebooks/result/repo_callgraph_clusters/factorio-learning-environment/cluster_61.py,NO,NO,NO
https://github.com/HasinthakaPiyumal/AI-Pattern-Mining-Project/blob/main/notebooks/result/repo_callgraph_clusters/factorio-learning-environment/cluster_63.py,NO,NO,NO
https://github.com/HasinthakaPiyumal/AI-Pattern-Mining-Project/blob/main/notebooks/result/repo_callgraph_clusters/factorio-learning-environment/cluster_64.py,NO,NO,NO
https://github.com/HasinthakaPiyumal/AI-Pattern-Mining-Project/blob/main/notebooks/result/repo_callgraph_clusters/factorio-learning-environment/cluster_65.py,NO,NO,NO
https://github.com/HasinthakaPiyumal/AI-Pattern-Mining-Project/blob/main/notebooks/result/repo_callgraph_clusters/factorio-learning-environment/cluster_66.py,NO,NO,NO
https://github.com/HasinthakaPiyumal/AI-Pattern-Mining-Project/blob/main/notebooks/result/repo_callgraph_clusters/factorio-learning-environment/cluster_68.py,NO,NO,NO
https://github.com/HasinthakaPiyumal/AI-Pattern-Mining-Project/blob/main/notebooks/result/repo_callgraph_clusters/factorio-learning-environment/cluster_69.py,NO,NO,NO
https://github.com/HasinthakaPiyumal/AI-Pattern-Mining-Project/blob/main/notebooks/result/repo_callgraph_clusters/factorio-learning-environment/cluster_7.py,NO,NO,NO
https://github.com/HasinthakaPiyumal/AI-Pattern-Mining-Project/blob/main/notebooks/result/repo_callgraph_clusters/factorio-learning-environment/cluster_71.py,NO,NO,NO
https://github.com/HasinthakaPiyumal/AI-Pattern-Mining-Project/blob/main/notebooks/result/repo_callgraph_clusters/factorio-learning-environment/cluster_73.py,NO,NO,NO
https://github.com/HasinthakaPiyumal/AI-Pattern-Mining-Project/blob/main/notebooks/result/repo_callgraph_clusters/factorio-learning-environment/cluster_74.py,NO,NO,NO
https://github.com/HasinthakaPiyumal/AI-Pattern-Mining-Project/blob/main/notebooks/result/repo_callgraph_clusters/factorio-learning-environment/cluster_75.py,NO,NO,NO
https://github.com/HasinthakaPiyumal/AI-Pattern-Mining-Project/blob/main/notebooks/result/repo_callgraph_clusters/factorio-learning-environment/cluster_77.py,NO,NO,NO
https://github.com/HasinthakaPiyumal/AI-Pattern-Mining-Project/blob/main/notebooks/result/repo_callgraph_clusters/factorio-learning-environment/cluster_78.py,NO,NO,NO
https://github.com/HasinthakaPiyumal/AI-Pattern-Mining-Project/blob/main/notebooks/result/repo_callgraph_clusters/factorio-learning-environment/cluster_79.py,YES,NO,NO
https://github.com/HasinthakaPiyumal/AI-Pattern-Mining-Project/blob/main/notebooks/result/repo_callgraph_clusters/factorio-learning-environment/cluster_8.py,NO,NO,NO
https://github.com/HasinthakaPiyumal/AI-Pattern-Mining-Project/blob/main/notebooks/result/repo_callgraph_clusters/factorio-learning-environment/cluster_80.py,NO,NO,NO
https://github.com/HasinthakaPiyumal/AI-Pattern-Mining-Project/blob/main/notebooks/result/repo_callgraph_clusters/factorio-learning-environment/cluster_81.py,NO,NO,NO
https://github.com/HasinthakaPiyumal/AI-Pattern-Mining-Project/blob/main/notebooks/result/repo_callgraph_clusters/factorio-learning-environment/cluster_82.py,NO,NO,NO
https://github.com/HasinthakaPiyumal/AI-Pattern-Mining-Project/blob/main/notebooks/result/repo_callgraph_clusters/factorio-learning-environment/cluster_83.py,NO,NO,NO
https://github.com/HasinthakaPiyumal/AI-Pattern-Mining-Project/blob/main/notebooks/result/repo_callgraph_clusters/factorio-learning-environment/cluster_85.py,NO,NO,NO
https://github.com/HasinthakaPiyumal/AI-Pattern-Mining-Project/blob/main/notebooks/result/repo_callgraph_clusters/factorio-learning-environment/cluster_86.py,NO,NO,NO
https://github.com/HasinthakaPiyumal/AI-Pattern-Mining-Project/blob/main/notebooks/result/repo_callgraph_clusters/factorio-learning-environment/cluster_87.py,NO,NO,NO
https://github.com/HasinthakaPiyumal/AI-Pattern-Mining-Project/blob/main/notebooks/result/repo_callgraph_clusters/factorio-learning-environment/cluster_88.py,NO,NO,NO
https://github.com/HasinthakaPiyumal/AI-Pattern-Mining-Project/blob/main/notebooks/result/repo_callgraph_clusters/factorio-learning-environment/cluster_9.py,NO,NO,NO
https://github.com/HasinthakaPiyumal/AI-Pattern-Mining-Project/blob/main/notebooks/result/repo_callgraph_clusters/factorio-learning-environment/cluster_94.py,NO,NO,NO
https://github.com/HasinthakaPiyumal/AI-Pattern-Mining-Project/blob/main/notebooks/result/repo_callgraph_clusters/factorio-learning-environment/cluster_97.py,NO,NO,NO
https://github.com/HasinthakaPiyumal/AI-Pattern-Mining-Project/blob/main/notebooks/result/repo_callgraph_clusters/factorio-learning-environment/cluster_98.py,NO,NO,NO
https://github.com/HasinthakaPiyumal/AI-Pattern-Mining-Project/blob/main/notebooks/result/repo_callgraph_clusters/fast-graphrag/cluster_1.py,NO,NO,NO
https://github.com/HasinthakaPiyumal/AI-Pattern-Mining-Project/blob/main/notebooks/result/repo_callgraph_clusters/fast-graphrag/cluster_11.py,NO,NO,NO
https://github.com/HasinthakaPiyumal/AI-Pattern-Mining-Project/blob/main/notebooks/result/repo_callgraph_clusters/fast-graphrag/cluster_13.py,NO,NO,NO
https://github.com/HasinthakaPiyumal/AI-Pattern-Mining-Project/blob/main/notebooks/result/repo_callgraph_clusters/fast-graphrag/cluster_14.py,YES,NO,NO
https://github.com/HasinthakaPiyumal/AI-Pattern-Mining-Project/blob/main/notebooks/result/repo_callgraph_clusters/fast-graphrag/cluster_17.py,NO,NO,NO
https://github.com/HasinthakaPiyumal/AI-Pattern-Mining-Project/blob/main/notebooks/result/repo_callgraph_clusters/fast-graphrag/cluster_18.py,NO,NO,NO
https://github.com/HasinthakaPiyumal/AI-Pattern-Mining-Project/blob/main/notebooks/result/repo_callgraph_clusters/fast-graphrag/cluster_2.py,YES,NO,NO
https://github.com/HasinthakaPiyumal/AI-Pattern-Mining-Project/blob/main/notebooks/result/repo_callgraph_clusters/fast-graphrag/cluster_21.py,NO,NO,NO
https://github.com/HasinthakaPiyumal/AI-Pattern-Mining-Project/blob/main/notebooks/result/repo_callgraph_clusters/fast-graphrag/cluster_3.py,NO,NO,NO
https://github.com/HasinthakaPiyumal/AI-Pattern-Mining-Project/blob/main/notebooks/result/repo_callgraph_clusters/fast-graphrag/cluster_4.py,YES,NO,NO
https://github.com/HasinthakaPiyumal/AI-Pattern-Mining-Project/blob/main/notebooks/result/repo_callgraph_clusters/fast-graphrag/cluster_5.py,NO,NO,NO
https://github.com/HasinthakaPiyumal/AI-Pattern-Mining-Project/blob/main/notebooks/result/repo_callgraph_clusters/fast-graphrag/cluster_6.py,NO,NO,NO
https://github.com/HasinthakaPiyumal/AI-Pattern-Mining-Project/blob/main/notebooks/result/repo_callgraph_clusters/fast-graphrag/cluster_7.py,NO,NO,NO
https://github.com/HasinthakaPiyumal/AI-Pattern-Mining-Project/blob/main/notebooks/result/repo_callgraph_clusters/fast-graphrag/cluster_9.py,NO,NO,NO
https://github.com/HasinthakaPiyumal/AI-Pattern-Mining-Project/blob/main/notebooks/result/repo_callgraph_clusters/jodie/cluster_1.py,NO,NO,NO
https://github.com/HasinthakaPiyumal/AI-Pattern-Mining-Project/blob/main/notebooks/result/repo_callgraph_clusters/ladi-vton/cluster_0.py,NO,YES,NO
https://github.com/HasinthakaPiyumal/AI-Pattern-Mining-Project/blob/main/notebooks/result/repo_callgraph_clusters/ladi-vton/cluster_1.py,NO,NO,NO
https://github.com/HasinthakaPiyumal/AI-Pattern-Mining-Project/blob/main/notebooks/result/repo_callgraph_clusters/ladi-vton/cluster_10.py,NO,NO,NO
https://github.com/HasinthakaPiyumal/AI-Pattern-Mining-Project/blob/main/notebooks/result/repo_callgraph_clusters/ladi-vton/cluster_3.py,NO,NO,NO
https://github.com/HasinthakaPiyumal/AI-Pattern-Mining-Project/blob/main/notebooks/result/repo_callgraph_clusters/ladi-vton/cluster_4.py,NO,YES,NO
https://github.com/HasinthakaPiyumal/AI-Pattern-Mining-Project/blob/main/notebooks/result/repo_callgraph_clusters/ladi-vton/cluster_5.py,NO,YES,NO
https://github.com/HasinthakaPiyumal/AI-Pattern-Mining-Project/blob/main/notebooks/result/repo_callgraph_clusters/ladi-vton/cluster_7.py,NO,NO,NO
https://github.com/HasinthakaPiyumal/AI-Pattern-Mining-Project/blob/main/notebooks/result/repo_callgraph_clusters/ladi-vton/cluster_9.py,NO,NO,NO
https://github.com/HasinthakaPiyumal/AI-Pattern-Mining-Project/blob/main/notebooks/result/repo_callgraph_clusters/mAP/cluster_0.py,NO,NO,NO
https://github.com/HasinthakaPiyumal/AI-Pattern-Mining-Project/blob/main/notebooks/result/repo_callgraph_clusters/mAP/cluster_2.py,NO,NO,NO
https://github.com/HasinthakaPiyumal/AI-Pattern-Mining-Project/blob/main/notebooks/result/repo_callgraph_clusters/mahalanobis_3d_multi_object_tracking/cluster_0.py,NO,NO,NO
https://github.com/HasinthakaPiyumal/AI-Pattern-Mining-Project/blob/main/notebooks/result/repo_callgraph_clusters/mahalanobis_3d_multi_object_tracking/cluster_10.py,NO,NO,NO
https://github.com/HasinthakaPiyumal/AI-Pattern-Mining-Project/blob/main/notebooks/result/repo_callgraph_clusters/mahalanobis_3d_multi_object_tracking/cluster_3.py,NO,YES,NO
https://github.com/HasinthakaPiyumal/AI-Pattern-Mining-Project/blob/main/notebooks/result/repo_callgraph_clusters/mahalanobis_3d_multi_object_tracking/cluster_4.py,NO,NO,NO
https://github.com/HasinthakaPiyumal/AI-Pattern-Mining-Project/blob/main/notebooks/result/repo_callgraph_clusters/mahalanobis_3d_multi_object_tracking/cluster_5.py,NO,NO,NO
https://github.com/HasinthakaPiyumal/AI-Pattern-Mining-Project/blob/main/notebooks/result/repo_callgraph_clusters/mahalanobis_3d_multi_object_tracking/cluster_6.py,NO,NO,NO
https://github.com/HasinthakaPiyumal/AI-Pattern-Mining-Project/blob/main/notebooks/result/repo_callgraph_clusters/mahalanobis_3d_multi_object_tracking/cluster_7.py,NO,YES,NO
https://github.com/HasinthakaPiyumal/AI-Pattern-Mining-Project/blob/main/notebooks/result/repo_callgraph_clusters/mahalanobis_3d_multi_object_tracking/cluster_8.py,NO,YES,NO
https://github.com/HasinthakaPiyumal/AI-Pattern-Mining-Project/blob/main/notebooks/result/repo_callgraph_clusters/mahalanobis_3d_multi_object_tracking/cluster_9.py,NO,NO,NO
https://github.com/HasinthakaPiyumal/AI-Pattern-Mining-Project/blob/main/notebooks/result/repo_callgraph_clusters/mcp-agent/cluster_0.py,NO,NO,NO
https://github.com/HasinthakaPiyumal/AI-Pattern-Mining-Project/blob/main/notebooks/result/repo_callgraph_clusters/mcp-agent/cluster_1.py,NO,NO,NO
https://github.com/HasinthakaPiyumal/AI-Pattern-Mining-Project/blob/main/notebooks/result/repo_callgraph_clusters/mcp-agent/cluster_13.py,YES,NO,NO
https://github.com/HasinthakaPiyumal/AI-Pattern-Mining-Project/blob/main/notebooks/result/repo_callgraph_clusters/mcp-agent/cluster_14.py,NO,NO,NO
https://github.com/HasinthakaPiyumal/AI-Pattern-Mining-Project/blob/main/notebooks/result/repo_callgraph_clusters/mcp-agent/cluster_18.py,NO,NO,NO
https://github.com/HasinthakaPiyumal/AI-Pattern-Mining-Project/blob/main/notebooks/result/repo_callgraph_clusters/mcp-agent/cluster_2.py,NO,NO,NO
https://github.com/HasinthakaPiyumal/AI-Pattern-Mining-Project/blob/main/notebooks/result/repo_callgraph_clusters/mcp-agent/cluster_20.py,NO,NO,NO
https://github.com/HasinthakaPiyumal/AI-Pattern-Mining-Project/blob/main/notebooks/result/repo_callgraph_clusters/mcp-agent/cluster_22.py,NO,NO,NO
https://github.com/HasinthakaPiyumal/AI-Pattern-Mining-Project/blob/main/notebooks/result/repo_callgraph_clusters/mcp-agent/cluster_23.py,NO,NO,NO
https://github.com/HasinthakaPiyumal/AI-Pattern-Mining-Project/blob/main/notebooks/result/repo_callgraph_clusters/mcp-agent/cluster_25.py,NO,NO,NO
https://github.com/HasinthakaPiyumal/AI-Pattern-Mining-Project/blob/main/notebooks/result/repo_callgraph_clusters/mcp-agent/cluster_26.py,NO,NO,NO
https://github.com/HasinthakaPiyumal/AI-Pattern-Mining-Project/blob/main/notebooks/result/repo_callgraph_clusters/mcp-agent/cluster_27.py,NO,NO,NO
https://github.com/HasinthakaPiyumal/AI-Pattern-Mining-Project/blob/main/notebooks/result/repo_callgraph_clusters/mcp-agent/cluster_28.py,NO,NO,NO
https://github.com/HasinthakaPiyumal/AI-Pattern-Mining-Project/blob/main/notebooks/result/repo_callgraph_clusters/mcp-agent/cluster_29.py,NO,NO,NO
https://github.com/HasinthakaPiyumal/AI-Pattern-Mining-Project/blob/main/notebooks/result/repo_callgraph_clusters/mcp-agent/cluster_30.py,NO,NO,NO
https://github.com/HasinthakaPiyumal/AI-Pattern-Mining-Project/blob/main/notebooks/result/repo_callgraph_clusters/mcp-agent/cluster_33.py,NO,NO,NO
https://github.com/HasinthakaPiyumal/AI-Pattern-Mining-Project/blob/main/notebooks/result/repo_callgraph_clusters/mcp-agent/cluster_35.py,NO,NO,NO
https://github.com/HasinthakaPiyumal/AI-Pattern-Mining-Project/blob/main/notebooks/result/repo_callgraph_clusters/mcp-agent/cluster_36.py,NO,NO,NO
https://github.com/HasinthakaPiyumal/AI-Pattern-Mining-Project/blob/main/notebooks/result/repo_callgraph_clusters/mcp-agent/cluster_37.py,NO,NO,NO
https://github.com/HasinthakaPiyumal/AI-Pattern-Mining-Project/blob/main/notebooks/result/repo_callgraph_clusters/mcp-agent/cluster_38.py,NO,NO,NO
https://github.com/HasinthakaPiyumal/AI-Pattern-Mining-Project/blob/main/notebooks/result/repo_callgraph_clusters/mcp-agent/cluster_4.py,NO,NO,NO
https://github.com/HasinthakaPiyumal/AI-Pattern-Mining-Project/blob/main/notebooks/result/repo_callgraph_clusters/mcp-agent/cluster_41.py,NO,NO,NO
https://github.com/HasinthakaPiyumal/AI-Pattern-Mining-Project/blob/main/notebooks/result/repo_callgraph_clusters/mcp-agent/cluster_42.py,NO,NO,NO
https://github.com/HasinthakaPiyumal/AI-Pattern-Mining-Project/blob/main/notebooks/result/repo_callgraph_clusters/mcp-agent/cluster_43.py,NO,NO,NO
https://github.com/HasinthakaPiyumal/AI-Pattern-Mining-Project/blob/main/notebooks/result/repo_callgraph_clusters/mcp-agent/cluster_48.py,NO,NO,NO
https://github.com/HasinthakaPiyumal/AI-Pattern-Mining-Project/blob/main/notebooks/result/repo_callgraph_clusters/mcp-agent/cluster_49.py,NO,NO,NO
https://github.com/HasinthakaPiyumal/AI-Pattern-Mining-Project/blob/main/notebooks/result/repo_callgraph_clusters/mcp-agent/cluster_5.py,NO,NO,NO
https://github.com/HasinthakaPiyumal/AI-Pattern-Mining-Project/blob/main/notebooks/result/repo_callgraph_clusters/mcp-agent/cluster_51.py,NO,NO,NO
https://github.com/HasinthakaPiyumal/AI-Pattern-Mining-Project/blob/main/notebooks/result/repo_callgraph_clusters/mcp-agent/cluster_52.py,NO,NO,NO
https://github.com/HasinthakaPiyumal/AI-Pattern-Mining-Project/blob/main/notebooks/result/repo_callgraph_clusters/mcp-agent/cluster_55.py,NO,NO,NO
https://github.com/HasinthakaPiyumal/AI-Pattern-Mining-Project/blob/main/notebooks/result/repo_callgraph_clusters/mcp-agent/cluster_56.py,YES,NO,NO
https://github.com/HasinthakaPiyumal/AI-Pattern-Mining-Project/blob/main/notebooks/result/repo_callgraph_clusters/mcp-agent/cluster_6.py,NO,NO,NO
https://github.com/HasinthakaPiyumal/AI-Pattern-Mining-Project/blob/main/notebooks/result/repo_callgraph_clusters/mcp-agent/cluster_60.py,YES,NO,NO
https://github.com/HasinthakaPiyumal/AI-Pattern-Mining-Project/blob/main/notebooks/result/repo_callgraph_clusters/mcp-agent/cluster_61.py,YES,NO,NO
https://github.com/HasinthakaPiyumal/AI-Pattern-Mining-Project/blob/main/notebooks/result/repo_callgraph_clusters/mcp-agent/cluster_62.py,YES,NO,NO
https://github.com/HasinthakaPiyumal/AI-Pattern-Mining-Project/blob/main/notebooks/result/repo_callgraph_clusters/mcp-agent/cluster_64.py,NO,NO,NO
https://github.com/HasinthakaPiyumal/AI-Pattern-Mining-Project/blob/main/notebooks/result/repo_callgraph_clusters/mcp-agent/cluster_65.py,YES,NO,NO
https://github.com/HasinthakaPiyumal/AI-Pattern-Mining-Project/blob/main/notebooks/result/repo_callgraph_clusters/mcp-agent/cluster_66.py,NO,NO,NO
https://github.com/HasinthakaPiyumal/AI-Pattern-Mining-Project/blob/main/notebooks/result/repo_callgraph_clusters/mcp-agent/cluster_67.py,YES,NO,NO
https://github.com/HasinthakaPiyumal/AI-Pattern-Mining-Project/blob/main/notebooks/result/repo_callgraph_clusters/mcp-agent/cluster_68.py,YES,NO,NO
https://github.com/HasinthakaPiyumal/AI-Pattern-Mining-Project/blob/main/notebooks/result/repo_callgraph_clusters/mcp-agent/cluster_69.py,YES,NO,NO
https://github.com/HasinthakaPiyumal/AI-Pattern-Mining-Project/blob/main/notebooks/result/repo_callgraph_clusters/mcp-agent/cluster_7.py,YES,NO,NO
https://github.com/HasinthakaPiyumal/AI-Pattern-Mining-Project/blob/main/notebooks/result/repo_callgraph_clusters/mcp-agent/cluster_70.py,YES,NO,NO
https://github.com/HasinthakaPiyumal/AI-Pattern-Mining-Project/blob/main/notebooks/result/repo_callgraph_clusters/mcp-agent/cluster_72.py,NO,NO,NO
https://github.com/HasinthakaPiyumal/AI-Pattern-Mining-Project/blob/main/notebooks/result/repo_callgraph_clusters/mcp-agent/cluster_73.py,NO,NO,NO
https://github.com/HasinthakaPiyumal/AI-Pattern-Mining-Project/blob/main/notebooks/result/repo_callgraph_clusters/mcp-agent/cluster_74.py,NO,NO,NO
https://github.com/HasinthakaPiyumal/AI-Pattern-Mining-Project/blob/main/notebooks/result/repo_callgraph_clusters/mcp-agent/cluster_75.py,NO,NO,NO
https://github.com/HasinthakaPiyumal/AI-Pattern-Mining-Project/blob/main/notebooks/result/repo_callgraph_clusters/mcp-agent/cluster_77.py,NO,NO,NO
https://github.com/HasinthakaPiyumal/AI-Pattern-Mining-Project/blob/main/notebooks/result/repo_callgraph_clusters/mcp-agent/cluster_79.py,NO,NO,NO
https://github.com/HasinthakaPiyumal/AI-Pattern-Mining-Project/blob/main/notebooks/result/repo_callgraph_clusters/mcp-agent/cluster_8.py,NO,NO,NO
https://github.com/HasinthakaPiyumal/AI-Pattern-Mining-Project/blob/main/notebooks/result/repo_callgraph_clusters/mcp-agent/cluster_80.py,NO,NO,NO
https://github.com/HasinthakaPiyumal/AI-Pattern-Mining-Project/blob/main/notebooks/result/repo_callgraph_clusters/mcp-agent/cluster_82.py,YES,NO,NO
https://github.com/HasinthakaPiyumal/AI-Pattern-Mining-Project/blob/main/notebooks/result/repo_callgraph_clusters/mcp-agent/cluster_84.py,NO,NO,NO
https://github.com/HasinthakaPiyumal/AI-Pattern-Mining-Project/blob/main/notebooks/result/repo_callgraph_clusters/mcp-agent/cluster_85.py,NO,NO,NO
https://github.com/HasinthakaPiyumal/AI-Pattern-Mining-Project/blob/main/notebooks/result/repo_callgraph_clusters/mcp-agent/cluster_9.py,NO,NO,NO
https://github.com/HasinthakaPiyumal/AI-Pattern-Mining-Project/blob/main/notebooks/result/repo_callgraph_clusters/mcp-agent/cluster_91.py,NO,NO,NO
https://github.com/HasinthakaPiyumal/AI-Pattern-Mining-Project/blob/main/notebooks/result/repo_callgraph_clusters/mcp-agent/cluster_94.py,NO,NO,NO
https://github.com/HasinthakaPiyumal/AI-Pattern-Mining-Project/blob/main/notebooks/result/repo_callgraph_clusters/mcp-agent/cluster_95.py,NO,NO,NO
https://github.com/HasinthakaPiyumal/AI-Pattern-Mining-Project/blob/main/notebooks/result/repo_callgraph_clusters/mcp-agent/cluster_97.py,NO,NO,NO
https://github.com/HasinthakaPiyumal/AI-Pattern-Mining-Project/blob/main/notebooks/result/repo_callgraph_clusters/mindpalace/cluster_1.py,NO,NO,NO
https://github.com/HasinthakaPiyumal/AI-Pattern-Mining-Project/blob/main/notebooks/result/repo_callgraph_clusters/mindpalace/cluster_2.py,NO,NO,NO
https://github.com/HasinthakaPiyumal/AI-Pattern-Mining-Project/blob/main/notebooks/result/repo_callgraph_clusters/mindpalace/cluster_3.py,NO,NO,NO
https://github.com/HasinthakaPiyumal/AI-Pattern-Mining-Project/blob/main/notebooks/result/repo_callgraph_clusters/mindpalace/cluster_4.py,NO,NO,NO
https://github.com/HasinthakaPiyumal/AI-Pattern-Mining-Project/blob/main/notebooks/result/repo_callgraph_clusters/monkey-net/cluster_0.py,NO,YES,NO
https://github.com/HasinthakaPiyumal/AI-Pattern-Mining-Project/blob/main/notebooks/result/repo_callgraph_clusters/monkey-net/cluster_1.py,NO,NO,NO
https://github.com/HasinthakaPiyumal/AI-Pattern-Mining-Project/blob/main/notebooks/result/repo_callgraph_clusters/monkey-net/cluster_11.py,NO,NO,NO
https://github.com/HasinthakaPiyumal/AI-Pattern-Mining-Project/blob/main/notebooks/result/repo_callgraph_clusters/monkey-net/cluster_14.py,NO,YES,NO
https://github.com/HasinthakaPiyumal/AI-Pattern-Mining-Project/blob/main/notebooks/result/repo_callgraph_clusters/monkey-net/cluster_15.py,NO,YES,NO
https://github.com/HasinthakaPiyumal/AI-Pattern-Mining-Project/blob/main/notebooks/result/repo_callgraph_clusters/monkey-net/cluster_2.py,NO,YES,NO
https://github.com/HasinthakaPiyumal/AI-Pattern-Mining-Project/blob/main/notebooks/result/repo_callgraph_clusters/monkey-net/cluster_3.py,NO,YES,NO
https://github.com/HasinthakaPiyumal/AI-Pattern-Mining-Project/blob/main/notebooks/result/repo_callgraph_clusters/monkey-net/cluster_5.py,NO,NO,NO
https://github.com/HasinthakaPiyumal/AI-Pattern-Mining-Project/blob/main/notebooks/result/repo_callgraph_clusters/monkey-net/cluster_6.py,NO,YES,NO
https://github.com/HasinthakaPiyumal/AI-Pattern-Mining-Project/blob/main/notebooks/result/repo_callgraph_clusters/monkey-net/cluster_7.py,NO,NO,NO
https://github.com/HasinthakaPiyumal/AI-Pattern-Mining-Project/blob/main/notebooks/result/repo_callgraph_clusters/monkey-net/cluster_8.py,NO,NO,NO
https://github.com/HasinthakaPiyumal/AI-Pattern-Mining-Project/blob/main/notebooks/result/repo_callgraph_clusters/monkey-net/cluster_9.py,NO,YES,NO
https://github.com/HasinthakaPiyumal/AI-Pattern-Mining-Project/blob/main/notebooks/result/repo_callgraph_clusters/multi-class-text-classification-cnn/cluster_0.py,NO,YES,NO
https://github.com/HasinthakaPiyumal/AI-Pattern-Mining-Project/blob/main/notebooks/result/repo_callgraph_clusters/multi-class-text-classification-cnn/cluster_2.py,NO,YES,NO
https://github.com/HasinthakaPiyumal/AI-Pattern-Mining-Project/blob/main/notebooks/result/repo_callgraph_clusters/nuplan-devkit/cluster_0.py,NO,NO,NO
https://github.com/HasinthakaPiyumal/AI-Pattern-Mining-Project/blob/main/notebooks/result/repo_callgraph_clusters/nuplan-devkit/cluster_1.py,NO,NO,NO
https://github.com/HasinthakaPiyumal/AI-Pattern-Mining-Project/blob/main/notebooks/result/repo_callgraph_clusters/nuplan-devkit/cluster_10.py,NO,NO,NO
https://github.com/HasinthakaPiyumal/AI-Pattern-Mining-Project/blob/main/notebooks/result/repo_callgraph_clusters/nuplan-devkit/cluster_100.py,NO,NO,NO
https://github.com/HasinthakaPiyumal/AI-Pattern-Mining-Project/blob/main/notebooks/result/repo_callgraph_clusters/nuplan-devkit/cluster_101.py,NO,YES,NO
https://github.com/HasinthakaPiyumal/AI-Pattern-Mining-Project/blob/main/notebooks/result/repo_callgraph_clusters/nuplan-devkit/cluster_102.py,NO,YES,NO
https://github.com/HasinthakaPiyumal/AI-Pattern-Mining-Project/blob/main/notebooks/result/repo_callgraph_clusters/nuplan-devkit/cluster_103.py,NO,NO,NO
https://github.com/HasinthakaPiyumal/AI-Pattern-Mining-Project/blob/main/notebooks/result/repo_callgraph_clusters/nuplan-devkit/cluster_104.py,NO,NO,NO
https://github.com/HasinthakaPiyumal/AI-Pattern-Mining-Project/blob/main/notebooks/result/repo_callgraph_clusters/nuplan-devkit/cluster_105.py,NO,NO,NO
https://github.com/HasinthakaPiyumal/AI-Pattern-Mining-Project/blob/main/notebooks/result/repo_callgraph_clusters/nuplan-devkit/cluster_106.py,NO,NO,NO
https://github.com/HasinthakaPiyumal/AI-Pattern-Mining-Project/blob/main/notebooks/result/repo_callgraph_clusters/nuplan-devkit/cluster_11.py,NO,NO,NO
https://github.com/HasinthakaPiyumal/AI-Pattern-Mining-Project/blob/main/notebooks/result/repo_callgraph_clusters/nuplan-devkit/cluster_110.py,NO,YES,NO
https://github.com/HasinthakaPiyumal/AI-Pattern-Mining-Project/blob/main/notebooks/result/repo_callgraph_clusters/nuplan-devkit/cluster_111.py,NO,NO,NO
https://github.com/HasinthakaPiyumal/AI-Pattern-Mining-Project/blob/main/notebooks/result/repo_callgraph_clusters/nuplan-devkit/cluster_112.py,NO,NO,NO
https://github.com/HasinthakaPiyumal/AI-Pattern-Mining-Project/blob/main/notebooks/result/repo_callgraph_clusters/nuplan-devkit/cluster_117.py,NO,NO,NO
https://github.com/HasinthakaPiyumal/AI-Pattern-Mining-Project/blob/main/notebooks/result/repo_callgraph_clusters/nuplan-devkit/cluster_118.py,NO,NO,NO
https://github.com/HasinthakaPiyumal/AI-Pattern-Mining-Project/blob/main/notebooks/result/repo_callgraph_clusters/nuplan-devkit/cluster_119.py,NO,NO,NO
https://github.com/HasinthakaPiyumal/AI-Pattern-Mining-Project/blob/main/notebooks/result/repo_callgraph_clusters/nuplan-devkit/cluster_12.py,NO,NO,NO
https://github.com/HasinthakaPiyumal/AI-Pattern-Mining-Project/blob/main/notebooks/result/repo_callgraph_clusters/nuplan-devkit/cluster_121.py,NO,NO,NO
https://github.com/HasinthakaPiyumal/AI-Pattern-Mining-Project/blob/main/notebooks/result/repo_callgraph_clusters/nuplan-devkit/cluster_122.py,NO,NO,NO
https://github.com/HasinthakaPiyumal/AI-Pattern-Mining-Project/blob/main/notebooks/result/repo_callgraph_clusters/nuplan-devkit/cluster_123.py,NO,NO,NO
https://github.com/HasinthakaPiyumal/AI-Pattern-Mining-Project/blob/main/notebooks/result/repo_callgraph_clusters/nuplan-devkit/cluster_126.py,NO,YES,NO
https://github.com/HasinthakaPiyumal/AI-Pattern-Mining-Project/blob/main/notebooks/result/repo_callgraph_clusters/nuplan-devkit/cluster_13.py,NO,NO,NO
https://github.com/HasinthakaPiyumal/AI-Pattern-Mining-Project/blob/main/notebooks/result/repo_callgraph_clusters/nuplan-devkit/cluster_130.py,NO,NO,NO
https://github.com/HasinthakaPiyumal/AI-Pattern-Mining-Project/blob/main/notebooks/result/repo_callgraph_clusters/nuplan-devkit/cluster_132.py,NO,NO,NO
https://github.com/HasinthakaPiyumal/AI-Pattern-Mining-Project/blob/main/notebooks/result/repo_callgraph_clusters/nuplan-devkit/cluster_133.py,NO,NO,NO
https://github.com/HasinthakaPiyumal/AI-Pattern-Mining-Project/blob/main/notebooks/result/repo_callgraph_clusters/nuplan-devkit/cluster_134.py,NO,NO,NO
https://github.com/HasinthakaPiyumal/AI-Pattern-Mining-Project/blob/main/notebooks/result/repo_callgraph_clusters/nuplan-devkit/cluster_136.py,NO,NO,NO
https://github.com/HasinthakaPiyumal/AI-Pattern-Mining-Project/blob/main/notebooks/result/repo_callgraph_clusters/nuplan-devkit/cluster_137.py,NO,YES,NO
https://github.com/HasinthakaPiyumal/AI-Pattern-Mining-Project/blob/main/notebooks/result/repo_callgraph_clusters/nuplan-devkit/cluster_139.py,NO,NO,NO
https://github.com/HasinthakaPiyumal/AI-Pattern-Mining-Project/blob/main/notebooks/result/repo_callgraph_clusters/nuplan-devkit/cluster_14.py,NO,NO,NO
https://github.com/HasinthakaPiyumal/AI-Pattern-Mining-Project/blob/main/notebooks/result/repo_callgraph_clusters/nuplan-devkit/cluster_143.py,NO,NO,NO
https://github.com/HasinthakaPiyumal/AI-Pattern-Mining-Project/blob/main/notebooks/result/repo_callgraph_clusters/nuplan-devkit/cluster_144.py,NO,NO,NO
https://github.com/HasinthakaPiyumal/AI-Pattern-Mining-Project/blob/main/notebooks/result/repo_callgraph_clusters/nuplan-devkit/cluster_145.py,NO,NO,NO
https://github.com/HasinthakaPiyumal/AI-Pattern-Mining-Project/blob/main/notebooks/result/repo_callgraph_clusters/nuplan-devkit/cluster_146.py,NO,NO,NO
https://github.com/HasinthakaPiyumal/AI-Pattern-Mining-Project/blob/main/notebooks/result/repo_callgraph_clusters/nuplan-devkit/cluster_147.py,NO,NO,NO
https://github.com/HasinthakaPiyumal/AI-Pattern-Mining-Project/blob/main/notebooks/result/repo_callgraph_clusters/nuplan-devkit/cluster_148.py,NO,NO,NO
https://github.com/HasinthakaPiyumal/AI-Pattern-Mining-Project/blob/main/notebooks/result/repo_callgraph_clusters/nuplan-devkit/cluster_15.py,NO,YES,NO
https://github.com/HasinthakaPiyumal/AI-Pattern-Mining-Project/blob/main/notebooks/result/repo_callgraph_clusters/nuplan-devkit/cluster_151.py,NO,NO,NO
https://github.com/HasinthakaPiyumal/AI-Pattern-Mining-Project/blob/main/notebooks/result/repo_callgraph_clusters/nuplan-devkit/cluster_152.py,NO,NO,NO
https://github.com/HasinthakaPiyumal/AI-Pattern-Mining-Project/blob/main/notebooks/result/repo_callgraph_clusters/nuplan-devkit/cluster_153.py,NO,NO,NO
https://github.com/HasinthakaPiyumal/AI-Pattern-Mining-Project/blob/main/notebooks/result/repo_callgraph_clusters/nuplan-devkit/cluster_154.py,NO,NO,NO
https://github.com/HasinthakaPiyumal/AI-Pattern-Mining-Project/blob/main/notebooks/result/repo_callgraph_clusters/nuplan-devkit/cluster_155.py,NO,NO,NO
https://github.com/HasinthakaPiyumal/AI-Pattern-Mining-Project/blob/main/notebooks/result/repo_callgraph_clusters/nuplan-devkit/cluster_156.py,NO,NO,NO
https://github.com/HasinthakaPiyumal/AI-Pattern-Mining-Project/blob/main/notebooks/result/repo_callgraph_clusters/nuplan-devkit/cluster_158.py,NO,NO,NO
https://github.com/HasinthakaPiyumal/AI-Pattern-Mining-Project/blob/main/notebooks/result/repo_callgraph_clusters/nuplan-devkit/cluster_160.py,NO,NO,NO
https://github.com/HasinthakaPiyumal/AI-Pattern-Mining-Project/blob/main/notebooks/result/repo_callgraph_clusters/nuplan-devkit/cluster_161.py,NO,NO,NO
https://github.com/HasinthakaPiyumal/AI-Pattern-Mining-Project/blob/main/notebooks/result/repo_callgraph_clusters/nuplan-devkit/cluster_163.py,NO,NO,NO
https://github.com/HasinthakaPiyumal/AI-Pattern-Mining-Project/blob/main/notebooks/result/repo_callgraph_clusters/nuplan-devkit/cluster_164.py,NO,NO,NO
https://github.com/HasinthakaPiyumal/AI-Pattern-Mining-Project/blob/main/notebooks/result/repo_callgraph_clusters/nuplan-devkit/cluster_166.py,NO,NO,NO
https://github.com/HasinthakaPiyumal/AI-Pattern-Mining-Project/blob/main/notebooks/result/repo_callgraph_clusters/nuplan-devkit/cluster_167.py,NO,NO,NO
https://github.com/HasinthakaPiyumal/AI-Pattern-Mining-Project/blob/main/notebooks/result/repo_callgraph_clusters/nuplan-devkit/cluster_17.py,NO,NO,NO
https://github.com/HasinthakaPiyumal/AI-Pattern-Mining-Project/blob/main/notebooks/result/repo_callgraph_clusters/nuplan-devkit/cluster_171.py,NO,NO,NO
https://github.com/HasinthakaPiyumal/AI-Pattern-Mining-Project/blob/main/notebooks/result/repo_callgraph_clusters/nuplan-devkit/cluster_172.py,NO,NO,NO
https://github.com/HasinthakaPiyumal/AI-Pattern-Mining-Project/blob/main/notebooks/result/repo_callgraph_clusters/nuplan-devkit/cluster_173.py,NO,NO,NO
https://github.com/HasinthakaPiyumal/AI-Pattern-Mining-Project/blob/main/notebooks/result/repo_callgraph_clusters/nuplan-devkit/cluster_175.py,NO,NO,NO
https://github.com/HasinthakaPiyumal/AI-Pattern-Mining-Project/blob/main/notebooks/result/repo_callgraph_clusters/nuplan-devkit/cluster_176.py,NO,NO,NO
https://github.com/HasinthakaPiyumal/AI-Pattern-Mining-Project/blob/main/notebooks/result/repo_callgraph_clusters/nuplan-devkit/cluster_177.py,NO,NO,NO
https://github.com/HasinthakaPiyumal/AI-Pattern-Mining-Project/blob/main/notebooks/result/repo_callgraph_clusters/nuplan-devkit/cluster_178.py,NO,NO,NO
https://github.com/HasinthakaPiyumal/AI-Pattern-Mining-Project/blob/main/notebooks/result/repo_callgraph_clusters/nuplan-devkit/cluster_179.py,NO,NO,NO
https://github.com/HasinthakaPiyumal/AI-Pattern-Mining-Project/blob/main/notebooks/result/repo_callgraph_clusters/nuplan-devkit/cluster_18.py,NO,NO,NO
https://github.com/HasinthakaPiyumal/AI-Pattern-Mining-Project/blob/main/notebooks/result/repo_callgraph_clusters/nuplan-devkit/cluster_19.py,NO,NO,NO
https://github.com/HasinthakaPiyumal/AI-Pattern-Mining-Project/blob/main/notebooks/result/repo_callgraph_clusters/nuplan-devkit/cluster_2.py,NO,NO,NO
https://github.com/HasinthakaPiyumal/AI-Pattern-Mining-Project/blob/main/notebooks/result/repo_callgraph_clusters/nuplan-devkit/cluster_20.py,NO,NO,NO
https://github.com/HasinthakaPiyumal/AI-Pattern-Mining-Project/blob/main/notebooks/result/repo_callgraph_clusters/nuplan-devkit/cluster_21.py,NO,NO,NO
https://github.com/HasinthakaPiyumal/AI-Pattern-Mining-Project/blob/main/notebooks/result/repo_callgraph_clusters/nuplan-devkit/cluster_22.py,NO,NO,NO
https://github.com/HasinthakaPiyumal/AI-Pattern-Mining-Project/blob/main/notebooks/result/repo_callgraph_clusters/nuplan-devkit/cluster_23.py,NO,NO,NO
https://github.com/HasinthakaPiyumal/AI-Pattern-Mining-Project/blob/main/notebooks/result/repo_callgraph_clusters/nuplan-devkit/cluster_24.py,NO,NO,NO
https://github.com/HasinthakaPiyumal/AI-Pattern-Mining-Project/blob/main/notebooks/result/repo_callgraph_clusters/nuplan-devkit/cluster_25.py,NO,NO,NO
https://github.com/HasinthakaPiyumal/AI-Pattern-Mining-Project/blob/main/notebooks/result/repo_callgraph_clusters/nuplan-devkit/cluster_28.py,NO,NO,NO
https://github.com/HasinthakaPiyumal/AI-Pattern-Mining-Project/blob/main/notebooks/result/repo_callgraph_clusters/nuplan-devkit/cluster_3.py,NO,YES,NO
https://github.com/HasinthakaPiyumal/AI-Pattern-Mining-Project/blob/main/notebooks/result/repo_callgraph_clusters/nuplan-devkit/cluster_30.py,NO,NO,NO
https://github.com/HasinthakaPiyumal/AI-Pattern-Mining-Project/blob/main/notebooks/result/repo_callgraph_clusters/nuplan-devkit/cluster_31.py,NO,NO,NO
https://github.com/HasinthakaPiyumal/AI-Pattern-Mining-Project/blob/main/notebooks/result/repo_callgraph_clusters/nuplan-devkit/cluster_32.py,NO,NO,NO
https://github.com/HasinthakaPiyumal/AI-Pattern-Mining-Project/blob/main/notebooks/result/repo_callgraph_clusters/nuplan-devkit/cluster_33.py,NO,NO,NO
https://github.com/HasinthakaPiyumal/AI-Pattern-Mining-Project/blob/main/notebooks/result/repo_callgraph_clusters/nuplan-devkit/cluster_34.py,NO,NO,NO
https://github.com/HasinthakaPiyumal/AI-Pattern-Mining-Project/blob/main/notebooks/result/repo_callgraph_clusters/nuplan-devkit/cluster_35.py,NO,NO,NO
https://github.com/HasinthakaPiyumal/AI-Pattern-Mining-Project/blob/main/notebooks/result/repo_callgraph_clusters/nuplan-devkit/cluster_37.py,NO,NO,NO
https://github.com/HasinthakaPiyumal/AI-Pattern-Mining-Project/blob/main/notebooks/result/repo_callgraph_clusters/nuplan-devkit/cluster_39.py,NO,NO,NO
https://github.com/HasinthakaPiyumal/AI-Pattern-Mining-Project/blob/main/notebooks/result/repo_callgraph_clusters/nuplan-devkit/cluster_4.py,NO,NO,NO
https://github.com/HasinthakaPiyumal/AI-Pattern-Mining-Project/blob/main/notebooks/result/repo_callgraph_clusters/nuplan-devkit/cluster_40.py,NO,NO,NO
https://github.com/HasinthakaPiyumal/AI-Pattern-Mining-Project/blob/main/notebooks/result/repo_callgraph_clusters/nuplan-devkit/cluster_41.py,NO,NO,NO
https://github.com/HasinthakaPiyumal/AI-Pattern-Mining-Project/blob/main/notebooks/result/repo_callgraph_clusters/nuplan-devkit/cluster_42.py,NO,NO,NO
https://github.com/HasinthakaPiyumal/AI-Pattern-Mining-Project/blob/main/notebooks/result/repo_callgraph_clusters/nuplan-devkit/cluster_43.py,NO,NO,NO
https://github.com/HasinthakaPiyumal/AI-Pattern-Mining-Project/blob/main/notebooks/result/repo_callgraph_clusters/nuplan-devkit/cluster_44.py,NO,NO,NO
https://github.com/HasinthakaPiyumal/AI-Pattern-Mining-Project/blob/main/notebooks/result/repo_callgraph_clusters/nuplan-devkit/cluster_45.py,NO,NO,NO
https://github.com/HasinthakaPiyumal/AI-Pattern-Mining-Project/blob/main/notebooks/result/repo_callgraph_clusters/nuplan-devkit/cluster_47.py,NO,NO,NO
https://github.com/HasinthakaPiyumal/AI-Pattern-Mining-Project/blob/main/notebooks/result/repo_callgraph_clusters/nuplan-devkit/cluster_48.py,NO,NO,NO
https://github.com/HasinthakaPiyumal/AI-Pattern-Mining-Project/blob/main/notebooks/result/repo_callgraph_clusters/nuplan-devkit/cluster_49.py,NO,NO,NO
https://github.com/HasinthakaPiyumal/AI-Pattern-Mining-Project/blob/main/notebooks/result/repo_callgraph_clusters/nuplan-devkit/cluster_5.py,NO,NO,NO
https://github.com/HasinthakaPiyumal/AI-Pattern-Mining-Project/blob/main/notebooks/result/repo_callgraph_clusters/nuplan-devkit/cluster_50.py,NO,NO,NO
https://github.com/HasinthakaPiyumal/AI-Pattern-Mining-Project/blob/main/notebooks/result/repo_callgraph_clusters/nuplan-devkit/cluster_51.py,NO,NO,NO
https://github.com/HasinthakaPiyumal/AI-Pattern-Mining-Project/blob/main/notebooks/result/repo_callgraph_clusters/nuplan-devkit/cluster_52.py,NO,NO,NO
https://github.com/HasinthakaPiyumal/AI-Pattern-Mining-Project/blob/main/notebooks/result/repo_callgraph_clusters/nuplan-devkit/cluster_54.py,NO,NO,NO
https://github.com/HasinthakaPiyumal/AI-Pattern-Mining-Project/blob/main/notebooks/result/repo_callgraph_clusters/nuplan-devkit/cluster_55.py,NO,NO,NO
https://github.com/HasinthakaPiyumal/AI-Pattern-Mining-Project/blob/main/notebooks/result/repo_callgraph_clusters/nuplan-devkit/cluster_56.py,NO,NO,NO
https://github.com/HasinthakaPiyumal/AI-Pattern-Mining-Project/blob/main/notebooks/result/repo_callgraph_clusters/nuplan-devkit/cluster_57.py,NO,NO,NO
https://github.com/HasinthakaPiyumal/AI-Pattern-Mining-Project/blob/main/notebooks/result/repo_callgraph_clusters/nuplan-devkit/cluster_58.py,NO,NO,NO
https://github.com/HasinthakaPiyumal/AI-Pattern-Mining-Project/blob/main/notebooks/result/repo_callgraph_clusters/nuplan-devkit/cluster_59.py,NO,NO,NO
https://github.com/HasinthakaPiyumal/AI-Pattern-Mining-Project/blob/main/notebooks/result/repo_callgraph_clusters/nuplan-devkit/cluster_6.py,NO,NO,NO
https://github.com/HasinthakaPiyumal/AI-Pattern-Mining-Project/blob/main/notebooks/result/repo_callgraph_clusters/nuplan-devkit/cluster_60.py,NO,NO,NO
https://github.com/HasinthakaPiyumal/AI-Pattern-Mining-Project/blob/main/notebooks/result/repo_callgraph_clusters/nuplan-devkit/cluster_61.py,NO,NO,NO
https://github.com/HasinthakaPiyumal/AI-Pattern-Mining-Project/blob/main/notebooks/result/repo_callgraph_clusters/nuplan-devkit/cluster_63.py,NO,NO,NO
https://github.com/HasinthakaPiyumal/AI-Pattern-Mining-Project/blob/main/notebooks/result/repo_callgraph_clusters/nuplan-devkit/cluster_64.py,NO,NO,NO
https://github.com/HasinthakaPiyumal/AI-Pattern-Mining-Project/blob/main/notebooks/result/repo_callgraph_clusters/nuplan-devkit/cluster_66.py,NO,NO,NO
https://github.com/HasinthakaPiyumal/AI-Pattern-Mining-Project/blob/main/notebooks/result/repo_callgraph_clusters/nuplan-devkit/cluster_67.py,NO,NO,NO
https://github.com/HasinthakaPiyumal/AI-Pattern-Mining-Project/blob/main/notebooks/result/repo_callgraph_clusters/nuplan-devkit/cluster_68.py,NO,NO,NO
https://github.com/HasinthakaPiyumal/AI-Pattern-Mining-Project/blob/main/notebooks/result/repo_callgraph_clusters/nuplan-devkit/cluster_69.py,NO,NO,NO
https://github.com/HasinthakaPiyumal/AI-Pattern-Mining-Project/blob/main/notebooks/result/repo_callgraph_clusters/nuplan-devkit/cluster_7.py,NO,NO,NO
https://github.com/HasinthakaPiyumal/AI-Pattern-Mining-Project/blob/main/notebooks/result/repo_callgraph_clusters/nuplan-devkit/cluster_70.py,NO,NO,NO
https://github.com/HasinthakaPiyumal/AI-Pattern-Mining-Project/blob/main/notebooks/result/repo_callgraph_clusters/nuplan-devkit/cluster_71.py,NO,NO,NO
https://github.com/HasinthakaPiyumal/AI-Pattern-Mining-Project/blob/main/notebooks/result/repo_callgraph_clusters/nuplan-devkit/cluster_72.py,NO,NO,NO
https://github.com/HasinthakaPiyumal/AI-Pattern-Mining-Project/blob/main/notebooks/result/repo_callgraph_clusters/nuplan-devkit/cluster_73.py,NO,NO,NO
https://github.com/HasinthakaPiyumal/AI-Pattern-Mining-Project/blob/main/notebooks/result/repo_callgraph_clusters/nuplan-devkit/cluster_74.py,NO,NO,NO
https://github.com/HasinthakaPiyumal/AI-Pattern-Mining-Project/blob/main/notebooks/result/repo_callgraph_clusters/nuplan-devkit/cluster_75.py,NO,NO,NO
https://github.com/HasinthakaPiyumal/AI-Pattern-Mining-Project/blob/main/notebooks/result/repo_callgraph_clusters/nuplan-devkit/cluster_76.py,NO,NO,NO
https://github.com/HasinthakaPiyumal/AI-Pattern-Mining-Project/blob/main/notebooks/result/repo_callgraph_clusters/nuplan-devkit/cluster_77.py,NO,NO,NO
https://github.com/HasinthakaPiyumal/AI-Pattern-Mining-Project/blob/main/notebooks/result/repo_callgraph_clusters/nuplan-devkit/cluster_79.py,NO,NO,NO
https://github.com/HasinthakaPiyumal/AI-Pattern-Mining-Project/blob/main/notebooks/result/repo_callgraph_clusters/nuplan-devkit/cluster_8.py,NO,NO,NO
https://github.com/HasinthakaPiyumal/AI-Pattern-Mining-Project/blob/main/notebooks/result/repo_callgraph_clusters/nuplan-devkit/cluster_80.py,NO,NO,NO
https://github.com/HasinthakaPiyumal/AI-Pattern-Mining-Project/blob/main/notebooks/result/repo_callgraph_clusters/nuplan-devkit/cluster_81.py,NO,NO,NO
https://github.com/HasinthakaPiyumal/AI-Pattern-Mining-Project/blob/main/notebooks/result/repo_callgraph_clusters/nuplan-devkit/cluster_82.py,NO,NO,NO
https://github.com/HasinthakaPiyumal/AI-Pattern-Mining-Project/blob/main/notebooks/result/repo_callgraph_clusters/nuplan-devkit/cluster_83.py,NO,NO,NO
https://github.com/HasinthakaPiyumal/AI-Pattern-Mining-Project/blob/main/notebooks/result/repo_callgraph_clusters/nuplan-devkit/cluster_84.py,NO,YES,NO
https://github.com/HasinthakaPiyumal/AI-Pattern-Mining-Project/blob/main/notebooks/result/repo_callgraph_clusters/nuplan-devkit/cluster_85.py,NO,NO,NO
https://github.com/HasinthakaPiyumal/AI-Pattern-Mining-Project/blob/main/notebooks/result/repo_callgraph_clusters/nuplan-devkit/cluster_86.py,NO,NO,NO
https://github.com/HasinthakaPiyumal/AI-Pattern-Mining-Project/blob/main/notebooks/result/repo_callgraph_clusters/nuplan-devkit/cluster_87.py,NO,NO,NO
https://github.com/HasinthakaPiyumal/AI-Pattern-Mining-Project/blob/main/notebooks/result/repo_callgraph_clusters/nuplan-devkit/cluster_89.py,NO,YES,NO
https://github.com/HasinthakaPiyumal/AI-Pattern-Mining-Project/blob/main/notebooks/result/repo_callgraph_clusters/nuplan-devkit/cluster_9.py,NO,NO,NO
https://github.com/HasinthakaPiyumal/AI-Pattern-Mining-Project/blob/main/notebooks/result/repo_callgraph_clusters/nuplan-devkit/cluster_91.py,NO,NO,NO
https://github.com/HasinthakaPiyumal/AI-Pattern-Mining-Project/blob/main/notebooks/result/repo_callgraph_clusters/nuplan-devkit/cluster_92.py,NO,NO,NO
https://github.com/HasinthakaPiyumal/AI-Pattern-Mining-Project/blob/main/notebooks/result/repo_callgraph_clusters/nuplan-devkit/cluster_93.py,NO,NO,NO
https://github.com/HasinthakaPiyumal/AI-Pattern-Mining-Project/blob/main/notebooks/result/repo_callgraph_clusters/nuplan-devkit/cluster_94.py,NO,NO,NO
https://github.com/HasinthakaPiyumal/AI-Pattern-Mining-Project/blob/main/notebooks/result/repo_callgraph_clusters/nuplan-devkit/cluster_96.py,NO,NO,NO
https://github.com/HasinthakaPiyumal/AI-Pattern-Mining-Project/blob/main/notebooks/result/repo_callgraph_clusters/nuplan-devkit/cluster_97.py,NO,NO,NO
https://github.com/HasinthakaPiyumal/AI-Pattern-Mining-Project/blob/main/notebooks/result/repo_callgraph_clusters/nuplan-devkit/cluster_98.py,NO,NO,NO
https://github.com/HasinthakaPiyumal/AI-Pattern-Mining-Project/blob/main/notebooks/result/repo_callgraph_clusters/oasis/cluster_1.py,NO,NO,NO
https://github.com/HasinthakaPiyumal/AI-Pattern-Mining-Project/blob/main/notebooks/result/repo_callgraph_clusters/oasis/cluster_10.py,NO,NO,NO
https://github.com/HasinthakaPiyumal/AI-Pattern-Mining-Project/blob/main/notebooks/result/repo_callgraph_clusters/oasis/cluster_14.py,NO,NO,NO
https://github.com/HasinthakaPiyumal/AI-Pattern-Mining-Project/blob/main/notebooks/result/repo_callgraph_clusters/oasis/cluster_15.py,NO,NO,NO
https://github.com/HasinthakaPiyumal/AI-Pattern-Mining-Project/blob/main/notebooks/result/repo_callgraph_clusters/oasis/cluster_16.py,NO,NO,NO
https://github.com/HasinthakaPiyumal/AI-Pattern-Mining-Project/blob/main/notebooks/result/repo_callgraph_clusters/oasis/cluster_17.py,NO,NO,NO
https://github.com/HasinthakaPiyumal/AI-Pattern-Mining-Project/blob/main/notebooks/result/repo_callgraph_clusters/oasis/cluster_19.py,NO,NO,NO
https://github.com/HasinthakaPiyumal/AI-Pattern-Mining-Project/blob/main/notebooks/result/repo_callgraph_clusters/oasis/cluster_2.py,NO,NO,NO
https://github.com/HasinthakaPiyumal/AI-Pattern-Mining-Project/blob/main/notebooks/result/repo_callgraph_clusters/oasis/cluster_20.py,YES,NO,NO
https://github.com/HasinthakaPiyumal/AI-Pattern-Mining-Project/blob/main/notebooks/result/repo_callgraph_clusters/oasis/cluster_23.py,NO,NO,NO
https://github.com/HasinthakaPiyumal/AI-Pattern-Mining-Project/blob/main/notebooks/result/repo_callgraph_clusters/oasis/cluster_26.py,NO,NO,NO
https://github.com/HasinthakaPiyumal/AI-Pattern-Mining-Project/blob/main/notebooks/result/repo_callgraph_clusters/oasis/cluster_3.py,NO,NO,NO
https://github.com/HasinthakaPiyumal/AI-Pattern-Mining-Project/blob/main/notebooks/result/repo_callgraph_clusters/oasis/cluster_6.py,NO,NO,NO
https://github.com/HasinthakaPiyumal/AI-Pattern-Mining-Project/blob/main/notebooks/result/repo_callgraph_clusters/optillm/cluster_1.py,NO,NO,NO
https://github.com/HasinthakaPiyumal/AI-Pattern-Mining-Project/blob/main/notebooks/result/repo_callgraph_clusters/optillm/cluster_10.py,NO,NO,NO
https://github.com/HasinthakaPiyumal/AI-Pattern-Mining-Project/blob/main/notebooks/result/repo_callgraph_clusters/optillm/cluster_12.py,NO,NO,NO
https://github.com/HasinthakaPiyumal/AI-Pattern-Mining-Project/blob/main/notebooks/result/repo_callgraph_clusters/optillm/cluster_13.py,YES,NO,NO
https://github.com/HasinthakaPiyumal/AI-Pattern-Mining-Project/blob/main/notebooks/result/repo_callgraph_clusters/optillm/cluster_15.py,YES,NO,NO
https://github.com/HasinthakaPiyumal/AI-Pattern-Mining-Project/blob/main/notebooks/result/repo_callgraph_clusters/optillm/cluster_16.py,YES,YES,NO
https://github.com/HasinthakaPiyumal/AI-Pattern-Mining-Project/blob/main/notebooks/result/repo_callgraph_clusters/optillm/cluster_18.py,NO,NO,NO
https://github.com/HasinthakaPiyumal/AI-Pattern-Mining-Project/blob/main/notebooks/result/repo_callgraph_clusters/optillm/cluster_19.py,NO,NO,NO
https://github.com/HasinthakaPiyumal/AI-Pattern-Mining-Project/blob/main/notebooks/result/repo_callgraph_clusters/optillm/cluster_2.py,NO,NO,NO
https://github.com/HasinthakaPiyumal/AI-Pattern-Mining-Project/blob/main/notebooks/result/repo_callgraph_clusters/optillm/cluster_20.py,NO,NO,NO
https://github.com/HasinthakaPiyumal/AI-Pattern-Mining-Project/blob/main/notebooks/result/repo_callgraph_clusters/optillm/cluster_21.py,NO,NO,NO
https://github.com/HasinthakaPiyumal/AI-Pattern-Mining-Project/blob/main/notebooks/result/repo_callgraph_clusters/optillm/cluster_23.py,NO,NO,NO
https://github.com/HasinthakaPiyumal/AI-Pattern-Mining-Project/blob/main/notebooks/result/repo_callgraph_clusters/optillm/cluster_24.py,NO,NO,NO
https://github.com/HasinthakaPiyumal/AI-Pattern-Mining-Project/blob/main/notebooks/result/repo_callgraph_clusters/optillm/cluster_26.py,YES,NO,NO
https://github.com/HasinthakaPiyumal/AI-Pattern-Mining-Project/blob/main/notebooks/result/repo_callgraph_clusters/optillm/cluster_27.py,NO,NO,NO
https://github.com/HasinthakaPiyumal/AI-Pattern-Mining-Project/blob/main/notebooks/result/repo_callgraph_clusters/optillm/cluster_29.py,NO,NO,NO
https://github.com/HasinthakaPiyumal/AI-Pattern-Mining-Project/blob/main/notebooks/result/repo_callgraph_clusters/optillm/cluster_3.py,NO,NO,NO
https://github.com/HasinthakaPiyumal/AI-Pattern-Mining-Project/blob/main/notebooks/result/repo_callgraph_clusters/optillm/cluster_30.py,YES,NO,NO
https://github.com/HasinthakaPiyumal/AI-Pattern-Mining-Project/blob/main/notebooks/result/repo_callgraph_clusters/optillm/cluster_31.py,NO,YES,NO
https://github.com/HasinthakaPiyumal/AI-Pattern-Mining-Project/blob/main/notebooks/result/repo_callgraph_clusters/optillm/cluster_32.py,YES,NO,NO
https://github.com/HasinthakaPiyumal/AI-Pattern-Mining-Project/blob/main/notebooks/result/repo_callgraph_clusters/optillm/cluster_33.py,YES,NO,NO
https://github.com/HasinthakaPiyumal/AI-Pattern-Mining-Project/blob/main/notebooks/result/repo_callgraph_clusters/optillm/cluster_34.py,YES,NO,NO
https://github.com/HasinthakaPiyumal/AI-Pattern-Mining-Project/blob/main/notebooks/result/repo_callgraph_clusters/optillm/cluster_35.py,NO,NO,NO
https://github.com/HasinthakaPiyumal/AI-Pattern-Mining-Project/blob/main/notebooks/result/repo_callgraph_clusters/optillm/cluster_36.py,NO,NO,NO
https://github.com/HasinthakaPiyumal/AI-Pattern-Mining-Project/blob/main/notebooks/result/repo_callgraph_clusters/optillm/cluster_37.py,NO,NO,NO
https://github.com/HasinthakaPiyumal/AI-Pattern-Mining-Project/blob/main/notebooks/result/repo_callgraph_clusters/optillm/cluster_38.py,NO,NO,NO
https://github.com/HasinthakaPiyumal/AI-Pattern-Mining-Project/blob/main/notebooks/result/repo_callgraph_clusters/optillm/cluster_39.py,NO,NO,NO
https://github.com/HasinthakaPiyumal/AI-Pattern-Mining-Project/blob/main/notebooks/result/repo_callgraph_clusters/optillm/cluster_40.py,NO,NO,NO
https://github.com/HasinthakaPiyumal/AI-Pattern-Mining-Project/blob/main/notebooks/result/repo_callgraph_clusters/optillm/cluster_41.py,NO,NO,NO
https://github.com/HasinthakaPiyumal/AI-Pattern-Mining-Project/blob/main/notebooks/result/repo_callgraph_clusters/optillm/cluster_42.py,NO,NO,NO
https://github.com/HasinthakaPiyumal/AI-Pattern-Mining-Project/blob/main/notebooks/result/repo_callgraph_clusters/optillm/cluster_45.py,NO,NO,NO
https://github.com/HasinthakaPiyumal/AI-Pattern-Mining-Project/blob/main/notebooks/result/repo_callgraph_clusters/optillm/cluster_47.py,NO,NO,NO
https://github.com/HasinthakaPiyumal/AI-Pattern-Mining-Project/blob/main/notebooks/result/repo_callgraph_clusters/optillm/cluster_48.py,NO,NO,NO
https://github.com/HasinthakaPiyumal/AI-Pattern-Mining-Project/blob/main/notebooks/result/repo_callgraph_clusters/optillm/cluster_49.py,YES,NO,NO
https://github.com/HasinthakaPiyumal/AI-Pattern-Mining-Project/blob/main/notebooks/result/repo_callgraph_clusters/optillm/cluster_5.py,NO,NO,NO
https://github.com/HasinthakaPiyumal/AI-Pattern-Mining-Project/blob/main/notebooks/result/repo_callgraph_clusters/optillm/cluster_51.py,NO,NO,NO
https://github.com/HasinthakaPiyumal/AI-Pattern-Mining-Project/blob/main/notebooks/result/repo_callgraph_clusters/optillm/cluster_53.py,NO,NO,NO
https://github.com/HasinthakaPiyumal/AI-Pattern-Mining-Project/blob/main/notebooks/result/repo_callgraph_clusters/optillm/cluster_56.py,NO,NO,NO
https://github.com/HasinthakaPiyumal/AI-Pattern-Mining-Project/blob/main/notebooks/result/repo_callgraph_clusters/optillm/cluster_58.py,NO,NO,NO
https://github.com/HasinthakaPiyumal/AI-Pattern-Mining-Project/blob/main/notebooks/result/repo_callgraph_clusters/optillm/cluster_59.py,NO,NO,NO
https://github.com/HasinthakaPiyumal/AI-Pattern-Mining-Project/blob/main/notebooks/result/repo_callgraph_clusters/optillm/cluster_6.py,NO,NO,NO
https://github.com/HasinthakaPiyumal/AI-Pattern-Mining-Project/blob/main/notebooks/result/repo_callgraph_clusters/optillm/cluster_60.py,NO,NO,NO
https://github.com/HasinthakaPiyumal/AI-Pattern-Mining-Project/blob/main/notebooks/result/repo_callgraph_clusters/optillm/cluster_61.py,NO,NO,NO
https://github.com/HasinthakaPiyumal/AI-Pattern-Mining-Project/blob/main/notebooks/result/repo_callgraph_clusters/optillm/cluster_62.py,NO,NO,NO
https://github.com/HasinthakaPiyumal/AI-Pattern-Mining-Project/blob/main/notebooks/result/repo_callgraph_clusters/optillm/cluster_63.py,NO,NO,NO
https://github.com/HasinthakaPiyumal/AI-Pattern-Mining-Project/blob/main/notebooks/result/repo_callgraph_clusters/optillm/cluster_64.py,YES,NO,NO
https://github.com/HasinthakaPiyumal/AI-Pattern-Mining-Project/blob/main/notebooks/result/repo_callgraph_clusters/optillm/cluster_65.py,NO,NO,NO
https://github.com/HasinthakaPiyumal/AI-Pattern-Mining-Project/blob/main/notebooks/result/repo_callgraph_clusters/optillm/cluster_8.py,NO,NO,NO
https://github.com/HasinthakaPiyumal/AI-Pattern-Mining-Project/blob/main/notebooks/result/repo_callgraph_clusters/optillm/cluster_9.py,NO,NO,NO
https://github.com/HasinthakaPiyumal/AI-Pattern-Mining-Project/blob/main/notebooks/result/repo_callgraph_clusters/pomdp-baselines/cluster_10.py,NO,YES,NO
https://github.com/HasinthakaPiyumal/AI-Pattern-Mining-Project/blob/main/notebooks/result/repo_callgraph_clusters/pomdp-baselines/cluster_12.py,NO,NO,NO
https://github.com/HasinthakaPiyumal/AI-Pattern-Mining-Project/blob/main/notebooks/result/repo_callgraph_clusters/pomdp-baselines/cluster_13.py,NO,NO,NO
https://github.com/HasinthakaPiyumal/AI-Pattern-Mining-Project/blob/main/notebooks/result/repo_callgraph_clusters/pomdp-baselines/cluster_15.py,NO,NO,NO
https://github.com/HasinthakaPiyumal/AI-Pattern-Mining-Project/blob/main/notebooks/result/repo_callgraph_clusters/pomdp-baselines/cluster_16.py,NO,YES,NO
https://github.com/HasinthakaPiyumal/AI-Pattern-Mining-Project/blob/main/notebooks/result/repo_callgraph_clusters/pomdp-baselines/cluster_18.py,NO,YES,NO
https://github.com/HasinthakaPiyumal/AI-Pattern-Mining-Project/blob/main/notebooks/result/repo_callgraph_clusters/pomdp-baselines/cluster_22.py,NO,NO,NO
https://github.com/HasinthakaPiyumal/AI-Pattern-Mining-Project/blob/main/notebooks/result/repo_callgraph_clusters/pomdp-baselines/cluster_23.py,NO,NO,NO
https://github.com/HasinthakaPiyumal/AI-Pattern-Mining-Project/blob/main/notebooks/result/repo_callgraph_clusters/pomdp-baselines/cluster_24.py,NO,NO,NO
https://github.com/HasinthakaPiyumal/AI-Pattern-Mining-Project/blob/main/notebooks/result/repo_callgraph_clusters/pomdp-baselines/cluster_25.py,NO,NO,NO
https://github.com/HasinthakaPiyumal/AI-Pattern-Mining-Project/blob/main/notebooks/result/repo_callgraph_clusters/pomdp-baselines/cluster_26.py,NO,NO,NO
https://github.com/HasinthakaPiyumal/AI-Pattern-Mining-Project/blob/main/notebooks/result/repo_callgraph_clusters/pomdp-baselines/cluster_29.py,NO,NO,NO
https://github.com/HasinthakaPiyumal/AI-Pattern-Mining-Project/blob/main/notebooks/result/repo_callgraph_clusters/pomdp-baselines/cluster_30.py,NO,NO,NO
https://github.com/HasinthakaPiyumal/AI-Pattern-Mining-Project/blob/main/notebooks/result/repo_callgraph_clusters/pomdp-baselines/cluster_31.py,NO,NO,NO
https://github.com/HasinthakaPiyumal/AI-Pattern-Mining-Project/blob/main/notebooks/result/repo_callgraph_clusters/pomdp-baselines/cluster_32.py,NO,NO,NO
https://github.com/HasinthakaPiyumal/AI-Pattern-Mining-Project/blob/main/notebooks/result/repo_callgraph_clusters/pomdp-baselines/cluster_33.py,NO,NO,NO
https://github.com/HasinthakaPiyumal/AI-Pattern-Mining-Project/blob/main/notebooks/result/repo_callgraph_clusters/pomdp-baselines/cluster_4.py,NO,NO,NO
https://github.com/HasinthakaPiyumal/AI-Pattern-Mining-Project/blob/main/notebooks/result/repo_callgraph_clusters/pomdp-baselines/cluster_5.py,NO,YES,NO
https://github.com/HasinthakaPiyumal/AI-Pattern-Mining-Project/blob/main/notebooks/result/repo_callgraph_clusters/pomdp-baselines/cluster_6.py,NO,NO,NO
https://github.com/HasinthakaPiyumal/AI-Pattern-Mining-Project/blob/main/notebooks/result/repo_callgraph_clusters/pomdp-baselines/cluster_8.py,NO,YES,NO
https://github.com/HasinthakaPiyumal/AI-Pattern-Mining-Project/blob/main/notebooks/result/repo_callgraph_clusters/pts/cluster_1.py,NO,NO,NO
https://github.com/HasinthakaPiyumal/AI-Pattern-Mining-Project/blob/main/notebooks/result/repo_callgraph_clusters/pts/cluster_2.py,NO,NO,NO
https://github.com/HasinthakaPiyumal/AI-Pattern-Mining-Project/blob/main/notebooks/result/repo_callgraph_clusters/pts/cluster_3.py,NO,NO,NO
https://github.com/HasinthakaPiyumal/AI-Pattern-Mining-Project/blob/main/notebooks/result/repo_callgraph_clusters/pts/cluster_4.py,NO,NO,NO
https://github.com/HasinthakaPiyumal/AI-Pattern-Mining-Project/blob/main/notebooks/result/repo_callgraph_clusters/pybroker/cluster_0.py,NO,YES,NO
https://github.com/HasinthakaPiyumal/AI-Pattern-Mining-Project/blob/main/notebooks/result/repo_callgraph_clusters/pybroker/cluster_1.py,NO,NO,NO
https://github.com/HasinthakaPiyumal/AI-Pattern-Mining-Project/blob/main/notebooks/result/repo_callgraph_clusters/pybroker/cluster_10.py,NO,NO,NO
https://github.com/HasinthakaPiyumal/AI-Pattern-Mining-Project/blob/main/notebooks/result/repo_callgraph_clusters/pybroker/cluster_11.py,NO,NO,NO
https://github.com/HasinthakaPiyumal/AI-Pattern-Mining-Project/blob/main/notebooks/result/repo_callgraph_clusters/pybroker/cluster_12.py,NO,NO,NO
https://github.com/HasinthakaPiyumal/AI-Pattern-Mining-Project/blob/main/notebooks/result/repo_callgraph_clusters/pybroker/cluster_13.py,NO,NO,NO
https://github.com/HasinthakaPiyumal/AI-Pattern-Mining-Project/blob/main/notebooks/result/repo_callgraph_clusters/pybroker/cluster_16.py,NO,NO,NO
https://github.com/HasinthakaPiyumal/AI-Pattern-Mining-Project/blob/main/notebooks/result/repo_callgraph_clusters/pybroker/cluster_17.py,NO,NO,NO
https://github.com/HasinthakaPiyumal/AI-Pattern-Mining-Project/blob/main/notebooks/result/repo_callgraph_clusters/pybroker/cluster_18.py,NO,NO,NO
https://github.com/HasinthakaPiyumal/AI-Pattern-Mining-Project/blob/main/notebooks/result/repo_callgraph_clusters/pybroker/cluster_19.py,NO,NO,NO
https://github.com/HasinthakaPiyumal/AI-Pattern-Mining-Project/blob/main/notebooks/result/repo_callgraph_clusters/pybroker/cluster_2.py,NO,YES,NO
https://github.com/HasinthakaPiyumal/AI-Pattern-Mining-Project/blob/main/notebooks/result/repo_callgraph_clusters/pybroker/cluster_20.py,NO,NO,NO
https://github.com/HasinthakaPiyumal/AI-Pattern-Mining-Project/blob/main/notebooks/result/repo_callgraph_clusters/pybroker/cluster_21.py,NO,NO,NO
https://github.com/HasinthakaPiyumal/AI-Pattern-Mining-Project/blob/main/notebooks/result/repo_callgraph_clusters/pybroker/cluster_26.py,NO,NO,NO
https://github.com/HasinthakaPiyumal/AI-Pattern-Mining-Project/blob/main/notebooks/result/repo_callgraph_clusters/pybroker/cluster_3.py,NO,NO,NO
https://github.com/HasinthakaPiyumal/AI-Pattern-Mining-Project/blob/main/notebooks/result/repo_callgraph_clusters/pybroker/cluster_32.py,NO,NO,NO
https://github.com/HasinthakaPiyumal/AI-Pattern-Mining-Project/blob/main/notebooks/result/repo_callgraph_clusters/pybroker/cluster_4.py,NO,NO,NO
https://github.com/HasinthakaPiyumal/AI-Pattern-Mining-Project/blob/main/notebooks/result/repo_callgraph_clusters/pybroker/cluster_6.py,NO,NO,NO
https://github.com/HasinthakaPiyumal/AI-Pattern-Mining-Project/blob/main/notebooks/result/repo_callgraph_clusters/pybroker/cluster_8.py,NO,NO,NO
https://github.com/HasinthakaPiyumal/AI-Pattern-Mining-Project/blob/main/notebooks/result/repo_callgraph_clusters/pybroker/cluster_9.py,NO,NO,NO
https://github.com/HasinthakaPiyumal/AI-Pattern-Mining-Project/blob/main/notebooks/result/repo_callgraph_clusters/pytorch_RVAE/cluster_5.py,NO,YES,NO
https://github.com/HasinthakaPiyumal/AI-Pattern-Mining-Project/blob/main/notebooks/result/repo_callgraph_clusters/pytorch_RVAE/cluster_6.py,NO,YES,NO
https://github.com/HasinthakaPiyumal/AI-Pattern-Mining-Project/blob/main/notebooks/result/repo_callgraph_clusters/pytorch_RVAE/cluster_7.py,NO,YES,NO
https://github.com/HasinthakaPiyumal/AI-Pattern-Mining-Project/blob/main/notebooks/result/repo_callgraph_clusters/scattertext/cluster_100.py,NO,NO,NO
https://github.com/HasinthakaPiyumal/AI-Pattern-Mining-Project/blob/main/notebooks/result/repo_callgraph_clusters/scattertext/cluster_101.py,NO,NO,NO
https://github.com/HasinthakaPiyumal/AI-Pattern-Mining-Project/blob/main/notebooks/result/repo_callgraph_clusters/scattertext/cluster_104.py,NO,NO,NO
https://github.com/HasinthakaPiyumal/AI-Pattern-Mining-Project/blob/main/notebooks/result/repo_callgraph_clusters/scattertext/cluster_107.py,NO,NO,NO
https://github.com/HasinthakaPiyumal/AI-Pattern-Mining-Project/blob/main/notebooks/result/repo_callgraph_clusters/scattertext/cluster_108.py,NO,NO,NO
https://github.com/HasinthakaPiyumal/AI-Pattern-Mining-Project/blob/main/notebooks/result/repo_callgraph_clusters/scattertext/cluster_109.py,NO,NO,NO
https://github.com/HasinthakaPiyumal/AI-Pattern-Mining-Project/blob/main/notebooks/result/repo_callgraph_clusters/scattertext/cluster_11.py,NO,NO,NO
https://github.com/HasinthakaPiyumal/AI-Pattern-Mining-Project/blob/main/notebooks/result/repo_callgraph_clusters/scattertext/cluster_110.py,NO,NO,NO
https://github.com/HasinthakaPiyumal/AI-Pattern-Mining-Project/blob/main/notebooks/result/repo_callgraph_clusters/scattertext/cluster_112.py,NO,NO,NO
https://github.com/HasinthakaPiyumal/AI-Pattern-Mining-Project/blob/main/notebooks/result/repo_callgraph_clusters/scattertext/cluster_114.py,NO,NO,NO
https://github.com/HasinthakaPiyumal/AI-Pattern-Mining-Project/blob/main/notebooks/result/repo_callgraph_clusters/scattertext/cluster_115.py,NO,NO,NO
https://github.com/HasinthakaPiyumal/AI-Pattern-Mining-Project/blob/main/notebooks/result/repo_callgraph_clusters/scattertext/cluster_12.py,NO,NO,NO
https://github.com/HasinthakaPiyumal/AI-Pattern-Mining-Project/blob/main/notebooks/result/repo_callgraph_clusters/scattertext/cluster_13.py,NO,NO,NO
https://github.com/HasinthakaPiyumal/AI-Pattern-Mining-Project/blob/main/notebooks/result/repo_callgraph_clusters/scattertext/cluster_14.py,NO,YES,YES
https://github.com/HasinthakaPiyumal/AI-Pattern-Mining-Project/blob/main/notebooks/result/repo_callgraph_clusters/scattertext/cluster_15.py,NO,NO,NO
https://github.com/HasinthakaPiyumal/AI-Pattern-Mining-Project/blob/main/notebooks/result/repo_callgraph_clusters/scattertext/cluster_16.py,NO,NO,NO
https://github.com/HasinthakaPiyumal/AI-Pattern-Mining-Project/blob/main/notebooks/result/repo_callgraph_clusters/scattertext/cluster_17.py,NO,NO,NO
https://github.com/HasinthakaPiyumal/AI-Pattern-Mining-Project/blob/main/notebooks/result/repo_callgraph_clusters/scattertext/cluster_18.py,NO,YES,NO
https://github.com/HasinthakaPiyumal/AI-Pattern-Mining-Project/blob/main/notebooks/result/repo_callgraph_clusters/scattertext/cluster_19.py,NO,NO,NO
https://github.com/HasinthakaPiyumal/AI-Pattern-Mining-Project/blob/main/notebooks/result/repo_callgraph_clusters/scattertext/cluster_20.py,NO,YES,NO
https://github.com/HasinthakaPiyumal/AI-Pattern-Mining-Project/blob/main/notebooks/result/repo_callgraph_clusters/scattertext/cluster_21.py,NO,YES,NO
https://github.com/HasinthakaPiyumal/AI-Pattern-Mining-Project/blob/main/notebooks/result/repo_callgraph_clusters/scattertext/cluster_22.py,NO,NO,NO
https://github.com/HasinthakaPiyumal/AI-Pattern-Mining-Project/blob/main/notebooks/result/repo_callgraph_clusters/scattertext/cluster_25.py,NO,YES,NO
https://github.com/HasinthakaPiyumal/AI-Pattern-Mining-Project/blob/main/notebooks/result/repo_callgraph_clusters/scattertext/cluster_26.py,NO,NO,NO
https://github.com/HasinthakaPiyumal/AI-Pattern-Mining-Project/blob/main/notebooks/result/repo_callgraph_clusters/scattertext/cluster_27.py,NO,NO,NO
https://github.com/HasinthakaPiyumal/AI-Pattern-Mining-Project/blob/main/notebooks/result/repo_callgraph_clusters/scattertext/cluster_29.py,NO,YES,NO
https://github.com/HasinthakaPiyumal/AI-Pattern-Mining-Project/blob/main/notebooks/result/repo_callgraph_clusters/scattertext/cluster_3.py,NO,YES,NO
https://github.com/HasinthakaPiyumal/AI-Pattern-Mining-Project/blob/main/notebooks/result/repo_callgraph_clusters/scattertext/cluster_34.py,NO,YES,NO
https://github.com/HasinthakaPiyumal/AI-Pattern-Mining-Project/blob/main/notebooks/result/repo_callgraph_clusters/scattertext/cluster_35.py,NO,NO,NO
https://github.com/HasinthakaPiyumal/AI-Pattern-Mining-Project/blob/main/notebooks/result/repo_callgraph_clusters/scattertext/cluster_36.py,NO,NO,NO
https://github.com/HasinthakaPiyumal/AI-Pattern-Mining-Project/blob/main/notebooks/result/repo_callgraph_clusters/scattertext/cluster_37.py,NO,YES,NO
https://github.com/HasinthakaPiyumal/AI-Pattern-Mining-Project/blob/main/notebooks/result/repo_callgraph_clusters/scattertext/cluster_38.py,NO,YES,NO
https://github.com/HasinthakaPiyumal/AI-Pattern-Mining-Project/blob/main/notebooks/result/repo_callgraph_clusters/scattertext/cluster_39.py,NO,YES,NO
https://github.com/HasinthakaPiyumal/AI-Pattern-Mining-Project/blob/main/notebooks/result/repo_callgraph_clusters/scattertext/cluster_40.py,NO,YES,NO
https://github.com/HasinthakaPiyumal/AI-Pattern-Mining-Project/blob/main/notebooks/result/repo_callgraph_clusters/scattertext/cluster_41.py,NO,NO,NO
https://github.com/HasinthakaPiyumal/AI-Pattern-Mining-Project/blob/main/notebooks/result/repo_callgraph_clusters/scattertext/cluster_43.py,NO,NO,NO
https://github.com/HasinthakaPiyumal/AI-Pattern-Mining-Project/blob/main/notebooks/result/repo_callgraph_clusters/scattertext/cluster_44.py,NO,NO,NO
https://github.com/HasinthakaPiyumal/AI-Pattern-Mining-Project/blob/main/notebooks/result/repo_callgraph_clusters/scattertext/cluster_45.py,NO,NO,NO
https://github.com/HasinthakaPiyumal/AI-Pattern-Mining-Project/blob/main/notebooks/result/repo_callgraph_clusters/scattertext/cluster_46.py,NO,NO,NO
https://github.com/HasinthakaPiyumal/AI-Pattern-Mining-Project/blob/main/notebooks/result/repo_callgraph_clusters/scattertext/cluster_48.py,NO,NO,NO
https://github.com/HasinthakaPiyumal/AI-Pattern-Mining-Project/blob/main/notebooks/result/repo_callgraph_clusters/scattertext/cluster_49.py,NO,NO,NO
https://github.com/HasinthakaPiyumal/AI-Pattern-Mining-Project/blob/main/notebooks/result/repo_callgraph_clusters/scattertext/cluster_50.py,NO,NO,NO
https://github.com/HasinthakaPiyumal/AI-Pattern-Mining-Project/blob/main/notebooks/result/repo_callgraph_clusters/scattertext/cluster_51.py,NO,NO,NO
https://github.com/HasinthakaPiyumal/AI-Pattern-Mining-Project/blob/main/notebooks/result/repo_callgraph_clusters/scattertext/cluster_52.py,NO,NO,NO
https://github.com/HasinthakaPiyumal/AI-Pattern-Mining-Project/blob/main/notebooks/result/repo_callgraph_clusters/scattertext/cluster_53.py,NO,NO,NO
https://github.com/HasinthakaPiyumal/AI-Pattern-Mining-Project/blob/main/notebooks/result/repo_callgraph_clusters/scattertext/cluster_55.py,NO,NO,NO
https://github.com/HasinthakaPiyumal/AI-Pattern-Mining-Project/blob/main/notebooks/result/repo_callgraph_clusters/scattertext/cluster_56.py,NO,NO,NO
https://github.com/HasinthakaPiyumal/AI-Pattern-Mining-Project/blob/main/notebooks/result/repo_callgraph_clusters/scattertext/cluster_57.py,NO,NO,NO
https://github.com/HasinthakaPiyumal/AI-Pattern-Mining-Project/blob/main/notebooks/result/repo_callgraph_clusters/scattertext/cluster_58.py,NO,NO,NO
https://github.com/HasinthakaPiyumal/AI-Pattern-Mining-Project/blob/main/notebooks/result/repo_callgraph_clusters/scattertext/cluster_6.py,NO,YES,YES
https://github.com/HasinthakaPiyumal/AI-Pattern-Mining-Project/blob/main/notebooks/result/repo_callgraph_clusters/scattertext/cluster_60.py,NO,NO,NO
https://github.com/HasinthakaPiyumal/AI-Pattern-Mining-Project/blob/main/notebooks/result/repo_callgraph_clusters/scattertext/cluster_61.py,NO,YES,NO
https://github.com/HasinthakaPiyumal/AI-Pattern-Mining-Project/blob/main/notebooks/result/repo_callgraph_clusters/scattertext/cluster_63.py,NO,YES,NO
https://github.com/HasinthakaPiyumal/AI-Pattern-Mining-Project/blob/main/notebooks/result/repo_callgraph_clusters/scattertext/cluster_7.py,NO,YES,NO
https://github.com/HasinthakaPiyumal/AI-Pattern-Mining-Project/blob/main/notebooks/result/repo_callgraph_clusters/scattertext/cluster_78.py,NO,NO,NO
https://github.com/HasinthakaPiyumal/AI-Pattern-Mining-Project/blob/main/notebooks/result/repo_callgraph_clusters/scattertext/cluster_79.py,NO,YES,NO
https://github.com/HasinthakaPiyumal/AI-Pattern-Mining-Project/blob/main/notebooks/result/repo_callgraph_clusters/scattertext/cluster_8.py,NO,YES,NO
https://github.com/HasinthakaPiyumal/AI-Pattern-Mining-Project/blob/main/notebooks/result/repo_callgraph_clusters/scattertext/cluster_82.py,NO,NO,NO
https://github.com/HasinthakaPiyumal/AI-Pattern-Mining-Project/blob/main/notebooks/result/repo_callgraph_clusters/scattertext/cluster_83.py,NO,NO,NO
https://github.com/HasinthakaPiyumal/AI-Pattern-Mining-Project/blob/main/notebooks/result/repo_callgraph_clusters/scattertext/cluster_84.py,NO,NO,NO
https://github.com/HasinthakaPiyumal/AI-Pattern-Mining-Project/blob/main/notebooks/result/repo_callgraph_clusters/scattertext/cluster_85.py,NO,NO,NO
https://github.com/HasinthakaPiyumal/AI-Pattern-Mining-Project/blob/main/notebooks/result/repo_callgraph_clusters/semantic-router/cluster_1.py,YES,NO,NO
https://github.com/HasinthakaPiyumal/AI-Pattern-Mining-Project/blob/main/notebooks/result/repo_callgraph_clusters/semantic-router/cluster_10.py,YES,YES,NO
https://github.com/HasinthakaPiyumal/AI-Pattern-Mining-Project/blob/main/notebooks/result/repo_callgraph_clusters/semantic-router/cluster_11.py,NO,NO,NO
https://github.com/HasinthakaPiyumal/AI-Pattern-Mining-Project/blob/main/notebooks/result/repo_callgraph_clusters/semantic-router/cluster_12.py,NO,NO,NO
https://github.com/HasinthakaPiyumal/AI-Pattern-Mining-Project/blob/main/notebooks/result/repo_callgraph_clusters/semantic-router/cluster_13.py,NO,NO,NO
https://github.com/HasinthakaPiyumal/AI-Pattern-Mining-Project/blob/main/notebooks/result/repo_callgraph_clusters/semantic-router/cluster_14.py,YES,NO,NO
https://github.com/HasinthakaPiyumal/AI-Pattern-Mining-Project/blob/main/notebooks/result/repo_callgraph_clusters/semantic-router/cluster_15.py,NO,NO,NO
https://github.com/HasinthakaPiyumal/AI-Pattern-Mining-Project/blob/main/notebooks/result/repo_callgraph_clusters/semantic-router/cluster_16.py,YES,NO,NO
https://github.com/HasinthakaPiyumal/AI-Pattern-Mining-Project/blob/main/notebooks/result/repo_callgraph_clusters/semantic-router/cluster_2.py,NO,NO,NO
https://github.com/HasinthakaPiyumal/AI-Pattern-Mining-Project/blob/main/notebooks/result/repo_callgraph_clusters/semantic-router/cluster_20.py,NO,NO,NO
https://github.com/HasinthakaPiyumal/AI-Pattern-Mining-Project/blob/main/notebooks/result/repo_callgraph_clusters/semantic-router/cluster_21.py,NO,NO,NO
https://github.com/HasinthakaPiyumal/AI-Pattern-Mining-Project/blob/main/notebooks/result/repo_callgraph_clusters/semantic-router/cluster_22.py,YES,NO,NO
https://github.com/HasinthakaPiyumal/AI-Pattern-Mining-Project/blob/main/notebooks/result/repo_callgraph_clusters/semantic-router/cluster_23.py,NO,YES,NO
https://github.com/HasinthakaPiyumal/AI-Pattern-Mining-Project/blob/main/notebooks/result/repo_callgraph_clusters/semantic-router/cluster_26.py,YES,NO,NO
https://github.com/HasinthakaPiyumal/AI-Pattern-Mining-Project/blob/main/notebooks/result/repo_callgraph_clusters/semantic-router/cluster_27.py,NO,NO,NO
https://github.com/HasinthakaPiyumal/AI-Pattern-Mining-Project/blob/main/notebooks/result/repo_callgraph_clusters/semantic-router/cluster_28.py,YES,NO,NO
https://github.com/HasinthakaPiyumal/AI-Pattern-Mining-Project/blob/main/notebooks/result/repo_callgraph_clusters/semantic-router/cluster_29.py,YES,NO,NO
https://github.com/HasinthakaPiyumal/AI-Pattern-Mining-Project/blob/main/notebooks/result/repo_callgraph_clusters/semantic-router/cluster_3.py,YES,NO,NO
https://github.com/HasinthakaPiyumal/AI-Pattern-Mining-Project/blob/main/notebooks/result/repo_callgraph_clusters/semantic-router/cluster_36.py,NO,NO,NO
https://github.com/HasinthakaPiyumal/AI-Pattern-Mining-Project/blob/main/notebooks/result/repo_callgraph_clusters/semantic-router/cluster_37.py,NO,NO,NO
https://github.com/HasinthakaPiyumal/AI-Pattern-Mining-Project/blob/main/notebooks/result/repo_callgraph_clusters/semantic-router/cluster_39.py,NO,NO,NO
https://github.com/HasinthakaPiyumal/AI-Pattern-Mining-Project/blob/main/notebooks/result/repo_callgraph_clusters/semantic-router/cluster_4.py,YES,NO,NO
https://github.com/HasinthakaPiyumal/AI-Pattern-Mining-Project/blob/main/notebooks/result/repo_callgraph_clusters/semantic-router/cluster_40.py,YES,NO,NO
https://github.com/HasinthakaPiyumal/AI-Pattern-Mining-Project/blob/main/notebooks/result/repo_callgraph_clusters/semantic-router/cluster_5.py,YES,NO,NO
https://github.com/HasinthakaPiyumal/AI-Pattern-Mining-Project/blob/main/notebooks/result/repo_callgraph_clusters/semantic-router/cluster_6.py,YES,NO,NO
https://github.com/HasinthakaPiyumal/AI-Pattern-Mining-Project/blob/main/notebooks/result/repo_callgraph_clusters/semantic-router/cluster_7.py,YES,NO,NO
https://github.com/HasinthakaPiyumal/AI-Pattern-Mining-Project/blob/main/notebooks/result/repo_callgraph_clusters/semantic-router/cluster_9.py,NO,NO,NO
https://github.com/HasinthakaPiyumal/AI-Pattern-Mining-Project/blob/main/notebooks/result/repo_callgraph_clusters/surpriver/cluster_0.py,NO,NO,NO
https://github.com/HasinthakaPiyumal/AI-Pattern-Mining-Project/blob/main/notebooks/result/repo_callgraph_clusters/surpriver/cluster_1.py,NO,YES,NO
https://github.com/HasinthakaPiyumal/AI-Pattern-Mining-Project/blob/main/notebooks/result/repo_callgraph_clusters/synthetic-data-generator/cluster_10.py,NO,NO,NO
https://github.com/HasinthakaPiyumal/AI-Pattern-Mining-Project/blob/main/notebooks/result/repo_callgraph_clusters/synthetic-data-generator/cluster_11.py,NO,NO,NO
https://github.com/HasinthakaPiyumal/AI-Pattern-Mining-Project/blob/main/notebooks/result/repo_callgraph_clusters/synthetic-data-generator/cluster_12.py,NO,NO,NO
https://github.com/HasinthakaPiyumal/AI-Pattern-Mining-Project/blob/main/notebooks/result/repo_callgraph_clusters/synthetic-data-generator/cluster_13.py,NO,NO,NO
https://github.com/HasinthakaPiyumal/AI-Pattern-Mining-Project/blob/main/notebooks/result/repo_callgraph_clusters/synthetic-data-generator/cluster_14.py,NO,NO,NO
https://github.com/HasinthakaPiyumal/AI-Pattern-Mining-Project/blob/main/notebooks/result/repo_callgraph_clusters/synthetic-data-generator/cluster_17.py,NO,NO,NO
https://github.com/HasinthakaPiyumal/AI-Pattern-Mining-Project/blob/main/notebooks/result/repo_callgraph_clusters/synthetic-data-generator/cluster_18.py,NO,NO,NO
https://github.com/HasinthakaPiyumal/AI-Pattern-Mining-Project/blob/main/notebooks/result/repo_callgraph_clusters/synthetic-data-generator/cluster_19.py,NO,NO,NO
https://github.com/HasinthakaPiyumal/AI-Pattern-Mining-Project/blob/main/notebooks/result/repo_callgraph_clusters/synthetic-data-generator/cluster_21.py,NO,NO,NO
https://github.com/HasinthakaPiyumal/AI-Pattern-Mining-Project/blob/main/notebooks/result/repo_callgraph_clusters/synthetic-data-generator/cluster_22.py,NO,NO,NO
https://github.com/HasinthakaPiyumal/AI-Pattern-Mining-Project/blob/main/notebooks/result/repo_callgraph_clusters/synthetic-data-generator/cluster_23.py,NO,NO,NO
https://github.com/HasinthakaPiyumal/AI-Pattern-Mining-Project/blob/main/notebooks/result/repo_callgraph_clusters/synthetic-data-generator/cluster_24.py,NO,NO,NO
https://github.com/HasinthakaPiyumal/AI-Pattern-Mining-Project/blob/main/notebooks/result/repo_callgraph_clusters/synthetic-data-generator/cluster_26.py,NO,YES,NO
https://github.com/HasinthakaPiyumal/AI-Pattern-Mining-Project/blob/main/notebooks/result/repo_callgraph_clusters/synthetic-data-generator/cluster_27.py,NO,YES,NO
https://github.com/HasinthakaPiyumal/AI-Pattern-Mining-Project/blob/main/notebooks/result/repo_callgraph_clusters/synthetic-data-generator/cluster_28.py,NO,NO,NO
https://github.com/HasinthakaPiyumal/AI-Pattern-Mining-Project/blob/main/notebooks/result/repo_callgraph_clusters/synthetic-data-generator/cluster_29.py,NO,YES,NO
https://github.com/HasinthakaPiyumal/AI-Pattern-Mining-Project/blob/main/notebooks/result/repo_callgraph_clusters/synthetic-data-generator/cluster_3.py,NO,NO,NO
https://github.com/HasinthakaPiyumal/AI-Pattern-Mining-Project/blob/main/notebooks/result/repo_callgraph_clusters/synthetic-data-generator/cluster_30.py,NO,YES,NO
https://github.com/HasinthakaPiyumal/AI-Pattern-Mining-Project/blob/main/notebooks/result/repo_callgraph_clusters/synthetic-data-generator/cluster_31.py,NO,NO,NO
https://github.com/HasinthakaPiyumal/AI-Pattern-Mining-Project/blob/main/notebooks/result/repo_callgraph_clusters/synthetic-data-generator/cluster_32.py,NO,NO,NO
https://github.com/HasinthakaPiyumal/AI-Pattern-Mining-Project/blob/main/notebooks/result/repo_callgraph_clusters/synthetic-data-generator/cluster_33.py,NO,NO,NO
https://github.com/HasinthakaPiyumal/AI-Pattern-Mining-Project/blob/main/notebooks/result/repo_callgraph_clusters/synthetic-data-generator/cluster_34.py,NO,NO,NO
https://github.com/HasinthakaPiyumal/AI-Pattern-Mining-Project/blob/main/notebooks/result/repo_callgraph_clusters/synthetic-data-generator/cluster_36.py,NO,NO,NO
https://github.com/HasinthakaPiyumal/AI-Pattern-Mining-Project/blob/main/notebooks/result/repo_callgraph_clusters/synthetic-data-generator/cluster_37.py,NO,NO,NO
https://github.com/HasinthakaPiyumal/AI-Pattern-Mining-Project/blob/main/notebooks/result/repo_callgraph_clusters/synthetic-data-generator/cluster_39.py,NO,NO,NO
https://github.com/HasinthakaPiyumal/AI-Pattern-Mining-Project/blob/main/notebooks/result/repo_callgraph_clusters/synthetic-data-generator/cluster_4.py,NO,NO,NO
https://github.com/HasinthakaPiyumal/AI-Pattern-Mining-Project/blob/main/notebooks/result/repo_callgraph_clusters/synthetic-data-generator/cluster_41.py,NO,NO,NO
https://github.com/HasinthakaPiyumal/AI-Pattern-Mining-Project/blob/main/notebooks/result/repo_callgraph_clusters/synthetic-data-generator/cluster_42.py,NO,NO,NO
https://github.com/HasinthakaPiyumal/AI-Pattern-Mining-Project/blob/main/notebooks/result/repo_callgraph_clusters/synthetic-data-generator/cluster_45.py,NO,NO,NO
https://github.com/HasinthakaPiyumal/AI-Pattern-Mining-Project/blob/main/notebooks/result/repo_callgraph_clusters/synthetic-data-generator/cluster_49.py,NO,NO,NO
https://github.com/HasinthakaPiyumal/AI-Pattern-Mining-Project/blob/main/notebooks/result/repo_callgraph_clusters/synthetic-data-generator/cluster_50.py,NO,YES,NO
https://github.com/HasinthakaPiyumal/AI-Pattern-Mining-Project/blob/main/notebooks/result/repo_callgraph_clusters/synthetic-data-generator/cluster_51.py,NO,YES,NO
https://github.com/HasinthakaPiyumal/AI-Pattern-Mining-Project/blob/main/notebooks/result/repo_callgraph_clusters/synthetic-data-generator/cluster_52.py,NO,YES,NO
https://github.com/HasinthakaPiyumal/AI-Pattern-Mining-Project/blob/main/notebooks/result/repo_callgraph_clusters/synthetic-data-generator/cluster_53.py,NO,YES,NO
https://github.com/HasinthakaPiyumal/AI-Pattern-Mining-Project/blob/main/notebooks/result/repo_callgraph_clusters/synthetic-data-generator/cluster_54.py,NO,YES,NO
https://github.com/HasinthakaPiyumal/AI-Pattern-Mining-Project/blob/main/notebooks/result/repo_callgraph_clusters/synthetic-data-generator/cluster_55.py,NO,YES,NO
https://github.com/HasinthakaPiyumal/AI-Pattern-Mining-Project/blob/main/notebooks/result/repo_callgraph_clusters/synthetic-data-generator/cluster_56.py,NO,YES,NO
https://github.com/HasinthakaPiyumal/AI-Pattern-Mining-Project/blob/main/notebooks/result/repo_callgraph_clusters/synthetic-data-generator/cluster_57.py,NO,YES,NO
https://github.com/HasinthakaPiyumal/AI-Pattern-Mining-Project/blob/main/notebooks/result/repo_callgraph_clusters/synthetic-data-generator/cluster_58.py,NO,YES,NO
https://github.com/HasinthakaPiyumal/AI-Pattern-Mining-Project/blob/main/notebooks/result/repo_callgraph_clusters/synthetic-data-generator/cluster_59.py,NO,NO,NO
https://github.com/HasinthakaPiyumal/AI-Pattern-Mining-Project/blob/main/notebooks/result/repo_callgraph_clusters/synthetic-data-generator/cluster_6.py,YES,NO,NO
https://github.com/HasinthakaPiyumal/AI-Pattern-Mining-Project/blob/main/notebooks/result/repo_callgraph_clusters/synthetic-data-generator/cluster_61.py,NO,YES,NO
https://github.com/HasinthakaPiyumal/AI-Pattern-Mining-Project/blob/main/notebooks/result/repo_callgraph_clusters/synthetic-data-generator/cluster_62.py,NO,YES,NO
https://github.com/HasinthakaPiyumal/AI-Pattern-Mining-Project/blob/main/notebooks/result/repo_callgraph_clusters/synthetic-data-generator/cluster_63.py,NO,YES,NO
https://github.com/HasinthakaPiyumal/AI-Pattern-Mining-Project/blob/main/notebooks/result/repo_callgraph_clusters/synthetic-data-generator/cluster_64.py,NO,YES,NO
https://github.com/HasinthakaPiyumal/AI-Pattern-Mining-Project/blob/main/notebooks/result/repo_callgraph_clusters/synthetic-data-generator/cluster_7.py,YES,NO,NO
https://github.com/HasinthakaPiyumal/AI-Pattern-Mining-Project/blob/main/notebooks/result/repo_callgraph_clusters/synthetic-data-generator/cluster_74.py,NO,NO,NO
https://github.com/HasinthakaPiyumal/AI-Pattern-Mining-Project/blob/main/notebooks/result/repo_callgraph_clusters/synthetic-data-generator/cluster_77.py,NO,NO,NO
https://github.com/HasinthakaPiyumal/AI-Pattern-Mining-Project/blob/main/notebooks/result/repo_callgraph_clusters/synthetic-data-generator/cluster_8.py,NO,YES,NO
https://github.com/HasinthakaPiyumal/AI-Pattern-Mining-Project/blob/main/notebooks/result/repo_callgraph_clusters/tabby/cluster_0.py,NO,NO,NO
https://github.com/HasinthakaPiyumal/AI-Pattern-Mining-Project/blob/main/notebooks/result/repo_callgraph_clusters/tabby/cluster_10.py,NO,NO,NO
https://github.com/HasinthakaPiyumal/AI-Pattern-Mining-Project/blob/main/notebooks/result/repo_callgraph_clusters/tabby/cluster_2.py,NO,NO,NO
https://github.com/HasinthakaPiyumal/AI-Pattern-Mining-Project/blob/main/notebooks/result/repo_callgraph_clusters/tabby/cluster_4.py,NO,NO,NO
https://github.com/HasinthakaPiyumal/AI-Pattern-Mining-Project/blob/main/notebooks/result/repo_callgraph_clusters/tabby/cluster_5.py,NO,NO,NO
https://github.com/HasinthakaPiyumal/AI-Pattern-Mining-Project/blob/main/notebooks/result/repo_callgraph_clusters/tf.fashionAI/cluster_0.py,NO,NO,NO
https://github.com/HasinthakaPiyumal/AI-Pattern-Mining-Project/blob/main/notebooks/result/repo_callgraph_clusters/tf.fashionAI/cluster_1.py,NO,NO,NO
https://github.com/HasinthakaPiyumal/AI-Pattern-Mining-Project/blob/main/notebooks/result/repo_callgraph_clusters/tf.fashionAI/cluster_13.py,NO,NO,NO
https://github.com/HasinthakaPiyumal/AI-Pattern-Mining-Project/blob/main/notebooks/result/repo_callgraph_clusters/tf.fashionAI/cluster_14.py,NO,NO,NO
https://github.com/HasinthakaPiyumal/AI-Pattern-Mining-Project/blob/main/notebooks/result/repo_callgraph_clusters/tf.fashionAI/cluster_16.py,NO,YES,NO
https://github.com/HasinthakaPiyumal/AI-Pattern-Mining-Project/blob/main/notebooks/result/repo_callgraph_clusters/tf.fashionAI/cluster_17.py,NO,NO,NO
https://github.com/HasinthakaPiyumal/AI-Pattern-Mining-Project/blob/main/notebooks/result/repo_callgraph_clusters/tf.fashionAI/cluster_18.py,NO,YES,NO
https://github.com/HasinthakaPiyumal/AI-Pattern-Mining-Project/blob/main/notebooks/result/repo_callgraph_clusters/tf.fashionAI/cluster_19.py,NO,YES,NO
https://github.com/HasinthakaPiyumal/AI-Pattern-Mining-Project/blob/main/notebooks/result/repo_callgraph_clusters/tf.fashionAI/cluster_2.py,NO,YES,NO
https://github.com/HasinthakaPiyumal/AI-Pattern-Mining-Project/blob/main/notebooks/result/repo_callgraph_clusters/tf.fashionAI/cluster_20.py,NO,YES,NO
https://github.com/HasinthakaPiyumal/AI-Pattern-Mining-Project/blob/main/notebooks/result/repo_callgraph_clusters/tf.fashionAI/cluster_21.py,NO,YES,NO
https://github.com/HasinthakaPiyumal/AI-Pattern-Mining-Project/blob/main/notebooks/result/repo_callgraph_clusters/tf.fashionAI/cluster_24.py,NO,NO,NO
https://github.com/HasinthakaPiyumal/AI-Pattern-Mining-Project/blob/main/notebooks/result/repo_callgraph_clusters/tf.fashionAI/cluster_25.py,NO,NO,NO
https://github.com/HasinthakaPiyumal/AI-Pattern-Mining-Project/blob/main/notebooks/result/repo_callgraph_clusters/tf.fashionAI/cluster_3.py,NO,YES,NO
https://github.com/HasinthakaPiyumal/AI-Pattern-Mining-Project/blob/main/notebooks/result/repo_callgraph_clusters/tf.fashionAI/cluster_4.py,NO,YES,NO
https://github.com/HasinthakaPiyumal/AI-Pattern-Mining-Project/blob/main/notebooks/result/repo_callgraph_clusters/tf.fashionAI/cluster_5.py,NO,YES,NO
https://github.com/HasinthakaPiyumal/AI-Pattern-Mining-Project/blob/main/notebooks/result/repo_callgraph_clusters/tf.fashionAI/cluster_9.py,NO,NO,NO
https://github.com/HasinthakaPiyumal/AI-Pattern-Mining-Project/blob/main/notebooks/result/repo_callgraph_clusters/tf.gans-comparison/cluster_0.py,NO,NO,NO
https://github.com/HasinthakaPiyumal/AI-Pattern-Mining-Project/blob/main/notebooks/result/repo_callgraph_clusters/tf.gans-comparison/cluster_1.py,NO,NO,NO
https://github.com/HasinthakaPiyumal/AI-Pattern-Mining-Project/blob/main/notebooks/result/repo_callgraph_clusters/tf.gans-comparison/cluster_2.py,NO,YES,NO
https://github.com/HasinthakaPiyumal/AI-Pattern-Mining-Project/blob/main/notebooks/result/repo_callgraph_clusters/tf.gans-comparison/cluster_3.py,NO,NO,NO
https://github.com/HasinthakaPiyumal/AI-Pattern-Mining-Project/blob/main/notebooks/result/repo_callgraph_clusters/tf.gans-comparison/cluster_4.py,NO,YES,NO
https://github.com/HasinthakaPiyumal/AI-Pattern-Mining-Project/blob/main/notebooks/result/repo_callgraph_clusters/tf.gans-comparison/cluster_5.py,NO,YES,NO
https://github.com/HasinthakaPiyumal/AI-Pattern-Mining-Project/blob/main/notebooks/result/repo_callgraph_clusters/tf.gans-comparison/cluster_7.py,NO,YES,NO
https://github.com/HasinthakaPiyumal/AI-Pattern-Mining-Project/blob/main/notebooks/result/repo_callgraph_clusters/torchio/cluster_1.py,NO,NO,NO
https://github.com/HasinthakaPiyumal/AI-Pattern-Mining-Project/blob/main/notebooks/result/repo_callgraph_clusters/torchio/cluster_10.py,NO,NO,NO
https://github.com/HasinthakaPiyumal/AI-Pattern-Mining-Project/blob/main/notebooks/result/repo_callgraph_clusters/torchio/cluster_11.py,NO,NO,NO
https://github.com/HasinthakaPiyumal/AI-Pattern-Mining-Project/blob/main/notebooks/result/repo_callgraph_clusters/torchio/cluster_12.py,NO,NO,NO
https://github.com/HasinthakaPiyumal/AI-Pattern-Mining-Project/blob/main/notebooks/result/repo_callgraph_clusters/torchio/cluster_13.py,NO,NO,NO
https://github.com/HasinthakaPiyumal/AI-Pattern-Mining-Project/blob/main/notebooks/result/repo_callgraph_clusters/torchio/cluster_15.py,NO,NO,NO
https://github.com/HasinthakaPiyumal/AI-Pattern-Mining-Project/blob/main/notebooks/result/repo_callgraph_clusters/torchio/cluster_20.py,NO,NO,NO
https://github.com/HasinthakaPiyumal/AI-Pattern-Mining-Project/blob/main/notebooks/result/repo_callgraph_clusters/torchio/cluster_21.py,NO,NO,NO
https://github.com/HasinthakaPiyumal/AI-Pattern-Mining-Project/blob/main/notebooks/result/repo_callgraph_clusters/torchio/cluster_22.py,NO,NO,NO
https://github.com/HasinthakaPiyumal/AI-Pattern-Mining-Project/blob/main/notebooks/result/repo_callgraph_clusters/torchio/cluster_23.py,NO,NO,NO
https://github.com/HasinthakaPiyumal/AI-Pattern-Mining-Project/blob/main/notebooks/result/repo_callgraph_clusters/torchio/cluster_24.py,NO,NO,NO
https://github.com/HasinthakaPiyumal/AI-Pattern-Mining-Project/blob/main/notebooks/result/repo_callgraph_clusters/torchio/cluster_25.py,NO,NO,NO
https://github.com/HasinthakaPiyumal/AI-Pattern-Mining-Project/blob/main/notebooks/result/repo_callgraph_clusters/torchio/cluster_26.py,NO,NO,NO
https://github.com/HasinthakaPiyumal/AI-Pattern-Mining-Project/blob/main/notebooks/result/repo_callgraph_clusters/torchio/cluster_27.py,NO,NO,NO
https://github.com/HasinthakaPiyumal/AI-Pattern-Mining-Project/blob/main/notebooks/result/repo_callgraph_clusters/torchio/cluster_28.py,NO,NO,NO
https://github.com/HasinthakaPiyumal/AI-Pattern-Mining-Project/blob/main/notebooks/result/repo_callgraph_clusters/torchio/cluster_29.py,NO,NO,NO
https://github.com/HasinthakaPiyumal/AI-Pattern-Mining-Project/blob/main/notebooks/result/repo_callgraph_clusters/torchio/cluster_30.py,NO,NO,NO
https://github.com/HasinthakaPiyumal/AI-Pattern-Mining-Project/blob/main/notebooks/result/repo_callgraph_clusters/torchio/cluster_31.py,NO,NO,NO
https://github.com/HasinthakaPiyumal/AI-Pattern-Mining-Project/blob/main/notebooks/result/repo_callgraph_clusters/torchio/cluster_32.py,NO,YES,NO
https://github.com/HasinthakaPiyumal/AI-Pattern-Mining-Project/blob/main/notebooks/result/repo_callgraph_clusters/torchio/cluster_33.py,NO,NO,NO
https://github.com/HasinthakaPiyumal/AI-Pattern-Mining-Project/blob/main/notebooks/result/repo_callgraph_clusters/torchio/cluster_4.py,NO,NO,NO
https://github.com/HasinthakaPiyumal/AI-Pattern-Mining-Project/blob/main/notebooks/result/repo_callgraph_clusters/torchio/cluster_6.py,NO,NO,NO
https://github.com/HasinthakaPiyumal/AI-Pattern-Mining-Project/blob/main/notebooks/result/repo_callgraph_clusters/torchio/cluster_7.py,NO,NO,NO
https://github.com/HasinthakaPiyumal/AI-Pattern-Mining-Project/blob/main/notebooks/result/repo_callgraph_clusters/torchio/cluster_8.py,NO,NO,NO
https://github.com/HasinthakaPiyumal/AI-Pattern-Mining-Project/blob/main/notebooks/result/repo_callgraph_clusters/torchio/cluster_9.py,NO,NO,NO
https://github.com/HasinthakaPiyumal/AI-Pattern-Mining-Project/blob/main/notebooks/result/repo_callgraph_clusters/traceroot/cluster_0.py,NO,NO,NO
https://github.com/HasinthakaPiyumal/AI-Pattern-Mining-Project/blob/main/notebooks/result/repo_callgraph_clusters/traceroot/cluster_1.py,NO,NO,NO
https://github.com/HasinthakaPiyumal/AI-Pattern-Mining-Project/blob/main/notebooks/result/repo_callgraph_clusters/traceroot/cluster_13.py,NO,NO,NO
https://github.com/HasinthakaPiyumal/AI-Pattern-Mining-Project/blob/main/notebooks/result/repo_callgraph_clusters/traceroot/cluster_14.py,NO,NO,NO
https://github.com/HasinthakaPiyumal/AI-Pattern-Mining-Project/blob/main/notebooks/result/repo_callgraph_clusters/traceroot/cluster_15.py,NO,NO,NO
https://github.com/HasinthakaPiyumal/AI-Pattern-Mining-Project/blob/main/notebooks/result/repo_callgraph_clusters/traceroot/cluster_16.py,NO,NO,NO
https://github.com/HasinthakaPiyumal/AI-Pattern-Mining-Project/blob/main/notebooks/result/repo_callgraph_clusters/traceroot/cluster_17.py,NO,NO,NO
https://github.com/HasinthakaPiyumal/AI-Pattern-Mining-Project/blob/main/notebooks/result/repo_callgraph_clusters/traceroot/cluster_18.py,NO,NO,NO
https://github.com/HasinthakaPiyumal/AI-Pattern-Mining-Project/blob/main/notebooks/result/repo_callgraph_clusters/traceroot/cluster_2.py,NO,NO,NO
https://github.com/HasinthakaPiyumal/AI-Pattern-Mining-Project/blob/main/notebooks/result/repo_callgraph_clusters/traceroot/cluster_21.py,NO,NO,NO
https://github.com/HasinthakaPiyumal/AI-Pattern-Mining-Project/blob/main/notebooks/result/repo_callgraph_clusters/traceroot/cluster_22.py,NO,NO,NO
https://github.com/HasinthakaPiyumal/AI-Pattern-Mining-Project/blob/main/notebooks/result/repo_callgraph_clusters/traceroot/cluster_23.py,NO,NO,NO
https://github.com/HasinthakaPiyumal/AI-Pattern-Mining-Project/blob/main/notebooks/result/repo_callgraph_clusters/traceroot/cluster_24.py,NO,NO,NO
https://github.com/HasinthakaPiyumal/AI-Pattern-Mining-Project/blob/main/notebooks/result/repo_callgraph_clusters/traceroot/cluster_25.py,NO,NO,NO
https://github.com/HasinthakaPiyumal/AI-Pattern-Mining-Project/blob/main/notebooks/result/repo_callgraph_clusters/traceroot/cluster_26.py,NO,NO,NO
https://github.com/HasinthakaPiyumal/AI-Pattern-Mining-Project/blob/main/notebooks/result/repo_callgraph_clusters/traceroot/cluster_28.py,NO,NO,NO
https://github.com/HasinthakaPiyumal/AI-Pattern-Mining-Project/blob/main/notebooks/result/repo_callgraph_clusters/traceroot/cluster_3.py,NO,NO,NO
https://github.com/HasinthakaPiyumal/AI-Pattern-Mining-Project/blob/main/notebooks/result/repo_callgraph_clusters/traceroot/cluster_5.py,NO,NO,NO
https://github.com/HasinthakaPiyumal/AI-Pattern-Mining-Project/blob/main/notebooks/result/repo_callgraph_clusters/traceroot/cluster_7.py,NO,NO,NO
https://github.com/HasinthakaPiyumal/AI-Pattern-Mining-Project/blob/main/notebooks/result/repo_callgraph_clusters/traceroot/cluster_8.py,NO,NO,NO
https://github.com/HasinthakaPiyumal/AI-Pattern-Mining-Project/blob/main/notebooks/result/repo_callgraph_clusters/transfuser/cluster_10.py,NO,NO,NO
https://github.com/HasinthakaPiyumal/AI-Pattern-Mining-Project/blob/main/notebooks/result/repo_callgraph_clusters/transfuser/cluster_12.py,NO,YES,NO
https://github.com/HasinthakaPiyumal/AI-Pattern-Mining-Project/blob/main/notebooks/result/repo_callgraph_clusters/transfuser/cluster_14.py,NO,NO,NO
https://github.com/HasinthakaPiyumal/AI-Pattern-Mining-Project/blob/main/notebooks/result/repo_callgraph_clusters/transfuser/cluster_15.py,NO,YES,NO
https://github.com/HasinthakaPiyumal/AI-Pattern-Mining-Project/blob/main/notebooks/result/repo_callgraph_clusters/transfuser/cluster_16.py,NO,NO,NO
https://github.com/HasinthakaPiyumal/AI-Pattern-Mining-Project/blob/main/notebooks/result/repo_callgraph_clusters/transfuser/cluster_17.py,NO,NO,NO
https://github.com/HasinthakaPiyumal/AI-Pattern-Mining-Project/blob/main/notebooks/result/repo_callgraph_clusters/transfuser/cluster_18.py,NO,NO,NO
https://github.com/HasinthakaPiyumal/AI-Pattern-Mining-Project/blob/main/notebooks/result/repo_callgraph_clusters/transfuser/cluster_19.py,NO,NO,NO
https://github.com/HasinthakaPiyumal/AI-Pattern-Mining-Project/blob/main/notebooks/result/repo_callgraph_clusters/transfuser/cluster_2.py,NO,NO,NO
https://github.com/HasinthakaPiyumal/AI-Pattern-Mining-Project/blob/main/notebooks/result/repo_callgraph_clusters/transfuser/cluster_20.py,NO,NO,NO
https://github.com/HasinthakaPiyumal/AI-Pattern-Mining-Project/blob/main/notebooks/result/repo_callgraph_clusters/transfuser/cluster_21.py,NO,NO,NO
https://github.com/HasinthakaPiyumal/AI-Pattern-Mining-Project/blob/main/notebooks/result/repo_callgraph_clusters/transfuser/cluster_22.py,NO,NO,NO
https://github.com/HasinthakaPiyumal/AI-Pattern-Mining-Project/blob/main/notebooks/result/repo_callgraph_clusters/transfuser/cluster_23.py,NO,NO,NO
https://github.com/HasinthakaPiyumal/AI-Pattern-Mining-Project/blob/main/notebooks/result/repo_callgraph_clusters/transfuser/cluster_24.py,NO,NO,NO
https://github.com/HasinthakaPiyumal/AI-Pattern-Mining-Project/blob/main/notebooks/result/repo_callgraph_clusters/transfuser/cluster_25.py,NO,NO,NO
https://github.com/HasinthakaPiyumal/AI-Pattern-Mining-Project/blob/main/notebooks/result/repo_callgraph_clusters/transfuser/cluster_26.py,NO,NO,NO
https://github.com/HasinthakaPiyumal/AI-Pattern-Mining-Project/blob/main/notebooks/result/repo_callgraph_clusters/transfuser/cluster_27.py,NO,NO,NO
https://github.com/HasinthakaPiyumal/AI-Pattern-Mining-Project/blob/main/notebooks/result/repo_callgraph_clusters/transfuser/cluster_28.py,NO,YES,NO
https://github.com/HasinthakaPiyumal/AI-Pattern-Mining-Project/blob/main/notebooks/result/repo_callgraph_clusters/transfuser/cluster_29.py,NO,NO,NO
https://github.com/HasinthakaPiyumal/AI-Pattern-Mining-Project/blob/main/notebooks/result/repo_callgraph_clusters/transfuser/cluster_3.py,NO,NO,NO
https://github.com/HasinthakaPiyumal/AI-Pattern-Mining-Project/blob/main/notebooks/result/repo_callgraph_clusters/transfuser/cluster_30.py,NO,NO,NO
https://github.com/HasinthakaPiyumal/AI-Pattern-Mining-Project/blob/main/notebooks/result/repo_callgraph_clusters/transfuser/cluster_32.py,NO,NO,NO
https://github.com/HasinthakaPiyumal/AI-Pattern-Mining-Project/blob/main/notebooks/result/repo_callgraph_clusters/transfuser/cluster_4.py,NO,NO,NO
https://github.com/HasinthakaPiyumal/AI-Pattern-Mining-Project/blob/main/notebooks/result/repo_callgraph_clusters/transfuser/cluster_5.py,NO,NO,NO
https://github.com/HasinthakaPiyumal/AI-Pattern-Mining-Project/blob/main/notebooks/result/repo_callgraph_clusters/transfuser/cluster_7.py,NO,NO,NO
https://github.com/HasinthakaPiyumal/AI-Pattern-Mining-Project/blob/main/notebooks/result/repo_callgraph_clusters/transfuser/cluster_8.py,NO,NO,NO
https://github.com/HasinthakaPiyumal/AI-Pattern-Mining-Project/blob/main/notebooks/result/repo_callgraph_clusters/transfuser/cluster_9.py,NO,NO,NO
https://github.com/HasinthakaPiyumal/AI-Pattern-Mining-Project/blob/main/notebooks/result/repo_callgraph_clusters/v2x-vit/cluster_1.py,NO,YES,NO
https://github.com/HasinthakaPiyumal/AI-Pattern-Mining-Project/blob/main/notebooks/result/repo_callgraph_clusters/v2x-vit/cluster_10.py,NO,NO,NO
https://github.com/HasinthakaPiyumal/AI-Pattern-Mining-Project/blob/main/notebooks/result/repo_callgraph_clusters/v2x-vit/cluster_12.py,NO,NO,NO
https://github.com/HasinthakaPiyumal/AI-Pattern-Mining-Project/blob/main/notebooks/result/repo_callgraph_clusters/v2x-vit/cluster_13.py,NO,NO,NO
https://github.com/HasinthakaPiyumal/AI-Pattern-Mining-Project/blob/main/notebooks/result/repo_callgraph_clusters/v2x-vit/cluster_14.py,NO,NO,NO
https://github.com/HasinthakaPiyumal/AI-Pattern-Mining-Project/blob/main/notebooks/result/repo_callgraph_clusters/v2x-vit/cluster_15.py,NO,NO,NO
https://github.com/HasinthakaPiyumal/AI-Pattern-Mining-Project/blob/main/notebooks/result/repo_callgraph_clusters/v2x-vit/cluster_18.py,NO,NO,NO
https://github.com/HasinthakaPiyumal/AI-Pattern-Mining-Project/blob/main/notebooks/result/repo_callgraph_clusters/v2x-vit/cluster_19.py,NO,NO,NO
https://github.com/HasinthakaPiyumal/AI-Pattern-Mining-Project/blob/main/notebooks/result/repo_callgraph_clusters/v2x-vit/cluster_2.py,NO,NO,NO
https://github.com/HasinthakaPiyumal/AI-Pattern-Mining-Project/blob/main/notebooks/result/repo_callgraph_clusters/v2x-vit/cluster_23.py,NO,YES,NO
https://github.com/HasinthakaPiyumal/AI-Pattern-Mining-Project/blob/main/notebooks/result/repo_callgraph_clusters/v2x-vit/cluster_27.py,NO,YES,NO
https://github.com/HasinthakaPiyumal/AI-Pattern-Mining-Project/blob/main/notebooks/result/repo_callgraph_clusters/v2x-vit/cluster_3.py,NO,YES,NO
https://github.com/HasinthakaPiyumal/AI-Pattern-Mining-Project/blob/main/notebooks/result/repo_callgraph_clusters/v2x-vit/cluster_4.py,NO,YES,NO
https://github.com/HasinthakaPiyumal/AI-Pattern-Mining-Project/blob/main/notebooks/result/repo_callgraph_clusters/v2x-vit/cluster_7.py,NO,YES,NO
https://github.com/HasinthakaPiyumal/AI-Pattern-Mining-Project/blob/main/notebooks/result/repo_callgraph_clusters/v2x-vit/cluster_8.py,NO,NO,NO
https://github.com/HasinthakaPiyumal/AI-Pattern-Mining-Project/blob/main/notebooks/result/repo_callgraph_clusters/v2x-vit/cluster_9.py,NO,NO,NO
https://github.com/HasinthakaPiyumal/AI-Pattern-Mining-Project/blob/main/notebooks/result/repo_callgraph_clusters/vigil-llm/cluster_0.py,NO,NO,NO
https://github.com/HasinthakaPiyumal/AI-Pattern-Mining-Project/blob/main/notebooks/result/repo_callgraph_clusters/vigil-llm/cluster_10.py,NO,NO,NO
https://github.com/HasinthakaPiyumal/AI-Pattern-Mining-Project/blob/main/notebooks/result/repo_callgraph_clusters/vigil-llm/cluster_11.py,NO,NO,NO
https://github.com/HasinthakaPiyumal/AI-Pattern-Mining-Project/blob/main/notebooks/result/repo_callgraph_clusters/vigil-llm/cluster_12.py,NO,NO,NO
https://github.com/HasinthakaPiyumal/AI-Pattern-Mining-Project/blob/main/notebooks/result/repo_callgraph_clusters/vigil-llm/cluster_2.py,NO,NO,NO
https://github.com/HasinthakaPiyumal/AI-Pattern-Mining-Project/blob/main/notebooks/result/repo_callgraph_clusters/vigil-llm/cluster_3.py,NO,NO,NO
https://github.com/HasinthakaPiyumal/AI-Pattern-Mining-Project/blob/main/notebooks/result/repo_callgraph_clusters/vigil-llm/cluster_7.py,NO,NO,NO
https://github.com/HasinthakaPiyumal/AI-Pattern-Mining-Project/blob/main/notebooks/result/repo_callgraph_clusters/vigil-llm/cluster_9.py,NO,NO,NO
https://github.com/HasinthakaPiyumal/AI-Pattern-Mining-Project/blob/main/notebooks/result/repo_callgraph_clusters/viral-clips-crew/cluster_0.py,NO,NO,NO
https://github.com/HasinthakaPiyumal/AI-Pattern-Mining-Project/blob/main/notebooks/result/repo_callgraph_clusters/viral-clips-crew/cluster_1.py,NO,NO,NO
https://github.com/HasinthakaPiyumal/AI-Pattern-Mining-Project/blob/main/notebooks/result/repo_callgraph_clusters/viral-clips-crew/cluster_2.py,NO,NO,NO
https://github.com/HasinthakaPiyumal/AI-Pattern-Mining-Project/blob/main/notebooks/result/repo_callgraph_clusters/viral-clips-crew/cluster_3.py,NO,NO,NO
https://github.com/HasinthakaPiyumal/AI-Pattern-Mining-Project/blob/main/notebooks/result/repo_callgraph_clusters/viral-clips-crew/cluster_4.py,NO,NO,NO
https://github.com/HasinthakaPiyumal/AI-Pattern-Mining-Project/blob/main/notebooks/result/repo_callgraph_clusters/viral-clips-crew/cluster_6.py,NO,NO,NO
https://github.com/HasinthakaPiyumal/AI-Pattern-Mining-Project/blob/main/notebooks/result/repo_callgraph_clusters/viral-clips-crew/cluster_7.py,NO,NO,NO
https://github.com/HasinthakaPiyumal/AI-Pattern-Mining-Project/blob/main/notebooks/result/repo_callgraph_clusters/web-eval-agent/cluster_1.py,NO,NO,NO
https://github.com/HasinthakaPiyumal/AI-Pattern-Mining-Project/blob/main/notebooks/result/repo_callgraph_clusters/web-eval-agent/cluster_2.py,NO,NO,NO
https://github.com/HasinthakaPiyumal/AI-Pattern-Mining-Project/blob/main/notebooks/result/repo_callgraph_clusters/web-eval-agent/cluster_6.py,NO,NO,NO
