file,weighted_pred,weighted_score,code_summary
https://github.com/HasinthakaPiyumal/AI-Pattern-Mining-Project/tree/main/notebooks/result/ms_repo_callgraph_clusters/saigonparking_java/cluster_11.java,Other,0.9201893982885452,"This file defines a suite of custom Java annotations for the `saigonparking` application, primarily implementing domain-specific data validation rules like UUIDs, email formats, license plates, and parking lot capacity/time flow using the `javax.validation` framework. It also includes an annotation to enable `@Component` inheritance for abstract classes or interfaces in Spring."
https://github.com/HasinthakaPiyumal/AI-Pattern-Mining-Project/tree/main/notebooks/result/ms_repo_callgraph_clusters/saigonparking_java/cluster_19.java,Other,1.6429874002160636,"This abstract Spring configuration class establishes common infrastructure for the ""Saigon Parking"" application, configuring Protobuf message conversion and customizing Spring's asynchronous execution. It provides a `ThreadPoolTaskExecutor` for `@Async` methods and registers a `CustomAsyncExceptionHandler` to manage uncaught exceptions during asynchronous operations."
https://github.com/HasinthakaPiyumal/AI-Pattern-Mining-Project/tree/main/notebooks/result/ms_repo_callgraph_clusters/saigonparking_java/cluster_9.java,Other,1.6785270076012848,"This code defines two Spring MVC controllers for a `saigonparking` service: a `CustomizedErrorController` to provide a custom error page for HTTP requests, and a `HealthCheckController` that exposes an `/actuator/health` endpoint returning ""OK"", primarily for service discovery."
https://github.com/HasinthakaPiyumal/AI-Pattern-Mining-Project/tree/main/notebooks/result/ms_repo_callgraph_clusters/saigonparking_java/cluster_25.java,Other,1.445732799098417,"This `ImageUtil` class provides static utility methods for encoding and decoding image data between `byte[]` and `ByteString` formats. Its primary purpose is to facilitate efficient image transmission between server and client components using gRPC's Protocol Buffers, including a utility to check for empty decoded images."
https://github.com/HasinthakaPiyumal/AI-Pattern-Mining-Project/tree/main/notebooks/result/ms_repo_callgraph_clusters/saigonparking_java/cluster_13.java,Other,1.9684330729733333,"This code defines a `BaseBean` interface with `@PostConstruct` and `@PreDestroy` lifecycle hooks, and implements Spring's `DestructionAwareBeanPostProcessor` in `SpringBeanLifeCycle` classes. Its main functionality is to log the creation and destruction events of non-proxy Spring beans within specific application packages, providing a centralized mechanism for monitoring bean lifecycle activity."
https://github.com/HasinthakaPiyumal/AI-Pattern-Mining-Project/tree/main/notebooks/result/ms_repo_callgraph_clusters/saigonparking_java/cluster_26.java,Other,1.994256676771514,"This code defines a static `LoggingUtil` class, duplicated across `common` and `emulator` packages, which provides a standardized way to log messages using Log4j2. It specifically formats log entries into a consistent `[key] description: value` structure, ensuring uniform and readable logging."
https://github.com/HasinthakaPiyumal/AI-Pattern-Mining-Project/tree/main/notebooks/result/ms_repo_callgraph_clusters/saigonparking_java/cluster_33.java,Other,1.815628779761786,"This code defines a `SpringApplicationContext` utility class that implements `ApplicationContextAware` to statically store and provide global access to the Spring `ApplicationContext`. It acts as a Service Locator, enabling retrieval of Spring beans via a static `getBean` method, and is notably duplicated across different packages within the application."
https://github.com/HasinthakaPiyumal/AI-Pattern-Mining-Project/tree/main/notebooks/result/ms_repo_callgraph_clusters/saigonparking_java/cluster_39.java,Other,1.9680930855459997,"This Spring Boot controller implements `ErrorController` to provide a custom HTTP endpoint for handling web errors. It maps the `/error` path to return a generic ""error"" view, serving as a basic error page for the `saigonparking.service.contact` application."
https://github.com/HasinthakaPiyumal/AI-Pattern-Mining-Project/tree/main/notebooks/result/ms_repo_callgraph_clusters/saigonparking_java/cluster_35.java,Other,1.2893017769772872,This code defines a custom gRPC `NameResolverProvider` that integrates Spring Cloud's `DiscoveryClient` (configured for Consul) to resolve service names. It enables gRPC clients to discover and connect to services registered via Spring Cloud Consul by providing a custom name resolution mechanism.
https://github.com/HasinthakaPiyumal/AI-Pattern-Mining-Project/tree/main/notebooks/result/ms_repo_callgraph_clusters/saigonparking_java/cluster_1.java,Microservices Security,2.0289385852306436,"This code implements a comprehensive gRPC server-side authentication and authorization system for the ""SaigonParking"" application, utilizing JWT tokens for user validation and managing various token types (access, refresh, activation). It employs gRPC interceptors to handle token parsing, context propagation of authenticated user details, and custom error mapping for a robust security layer."
https://github.com/HasinthakaPiyumal/AI-Pattern-Mining-Project/tree/main/notebooks/result/ms_repo_callgraph_clusters/saigonparking_java/cluster_34.java,Other,1.2701772845726635,This code defines a gRPC `NameResolverProvider` that integrates with Spring Cloud's `DiscoveryClient` (defaulting to Consul) to resolve service names. It enables client-side load balancing for gRPC services by providing a custom name resolution mechanism based on discovered service instances.
https://github.com/HasinthakaPiyumal/AI-Pattern-Mining-Project/tree/main/notebooks/result/ms_repo_callgraph_clusters/saigonparking_java/cluster_37.java,Other,1.212581185376884,"This code implements a custom gRPC `NameResolver` that integrates with Spring Cloud's `DiscoveryClient` (using ""consul"" as the default scheme) to dynamically resolve service addresses. It enables gRPC clients to discover and connect to backend services registered via Consul, providing a mechanism for service discovery and load balancing."
https://github.com/HasinthakaPiyumal/AI-Pattern-Mining-Project/tree/main/notebooks/result/ms_repo_callgraph_clusters/saigonparking_java/cluster_24.java,Other,1.1070205149249113,"This file comprises multiple Spring `@Configuration` classes, each defining the core infrastructure beans for a distinct microservice (e.g., auth, parkinglot, user, booking, contact) within the `SaigonParking` application. These configurations consistently set up gRPC client interceptors, global gRPC server interceptors for standardized exception handling, transaction management, and service-specific utilities like password encoders or QR code writers."
https://github.com/HasinthakaPiyumal/AI-Pattern-Mining-Project/tree/main/notebooks/result/ms_repo_callgraph_clusters/saigonparking_java/cluster_23.java,Other,1.3213513280314164,"This `ImageUtil` class provides utility methods to encode and decode image data, converting between `byte[]` and Google Protocol Buffers' `ByteString`, specifically to facilitate image transfer between server and client in a gRPC communication context. It also includes a helper method to check for empty decoded image data."
https://github.com/HasinthakaPiyumal/AI-Pattern-Mining-Project/tree/main/notebooks/result/ms_repo_callgraph_clusters/saigonparking_java/cluster_20.java,Other,2.24763327477296,"This Java code defines an abstract `BaseRuntimeException` that extends `RuntimeException`. Its primary functionality is to override `fillInStackTrace()` to prevent the generation and storage of stack trace information, likely for performance optimization or to hide internal implementation details."
https://github.com/HasinthakaPiyumal/AI-Pattern-Mining-Project/tree/main/notebooks/result/ms_repo_callgraph_clusters/saigonparking_java/cluster_16.java,Other,1.5160678278747204,"This abstract Spring configuration class establishes foundational beans and asynchronous execution settings for a Saigon Parking application. It specifically configures a `ProtobufHttpMessageConverter` for message serialization, provides a `SpringApplicationContext` bean, and defines a `ThreadPoolTaskExecutor` with a custom exception handler for async operations."
https://github.com/HasinthakaPiyumal/AI-Pattern-Mining-Project/tree/main/notebooks/result/ms_repo_callgraph_clusters/saigonparking_java/cluster_29.java,EDA,0.8742953174676592,"This code file defines two distinct Spring `@Configuration` classes for the `booking` and `contact` microservices of the Saigon Parking application. These configurations establish core infrastructure, including gRPC client/server interceptors with detailed exception-to-error-code mappings, transaction management, asynchronous processing, and service-specific beans like QR code generation and message queue integration."
https://github.com/HasinthakaPiyumal/AI-Pattern-Mining-Project/tree/main/notebooks/result/ms_repo_callgraph_clusters/saigonparking_java/cluster_40.java,Other,1.125707707914695,"This code implements a custom gRPC `NameResolver` that integrates with Spring Cloud's `DiscoveryClient` to dynamically discover service instances. It resolves a given `serviceId` by fetching its host and port addresses, enabling gRPC clients to connect to available service endpoints for load balancing."
https://github.com/HasinthakaPiyumal/AI-Pattern-Mining-Project/tree/main/notebooks/result/ms_repo_callgraph_clusters/saigonparking_java/cluster_38.java,Other,1.1718671793338806,"This code implements a custom gRPC `NameResolver` that integrates with Spring Cloud's `DiscoveryClient` to dynamically resolve service instances. It queries a service discovery system (likely Consul, given the `consulURI`) for a specified `serviceId` and provides the resolved host and port addresses to the gRPC client for connection and load balancing."
https://github.com/HasinthakaPiyumal/AI-Pattern-Mining-Project/tree/main/notebooks/result/ms_repo_callgraph_clusters/saigonparking_java/cluster_36.java,Other,1.2822320328109118,"This code defines a gRPC `NameResolverProvider` that integrates with Spring Cloud's `DiscoveryClient` (specifically for Consul, indicated by `getDefaultScheme`) to resolve service instances. It provides a custom `SaigonParkingNameResolver` responsible for dynamically discovering the network addresses of gRPC services using the configured discovery client."
https://github.com/HasinthakaPiyumal/AI-Pattern-Mining-Project/tree/main/notebooks/result/ms_repo_callgraph_clusters/saigonparking_java/cluster_4.java,EDA,1.080192745028348,"This Spring `WebSocketConfigurer` defines and registers eight distinct WebSocket endpoints for the ""Saigon Parking"" contact service, supporting both binary and text communication. It meticulously maps different paths, including those for QR scanner and web authentication, to specific message handlers and dedicated handshake interceptors for robust connection management."
https://github.com/HasinthakaPiyumal/AI-Pattern-Mining-Project/tree/main/notebooks/result/ms_repo_callgraph_clusters/saigonparking_java/cluster_17.java,Other,1.398974640188246,"This abstract Spring configuration class establishes foundational infrastructure for the ""Saigon Parking"" application, providing beans for Protobuf message conversion and programmatic Spring context access. It also configures asynchronous execution by defining a `ThreadPoolTaskExecutor` and a custom exception handler for async methods."
https://github.com/HasinthakaPiyumal/AI-Pattern-Mining-Project/tree/main/notebooks/result/ms_repo_callgraph_clusters/saigonparking_java/cluster_14.java,Data Model/ Domain design,1.1376019606034857,"This code defines the comprehensive JPA entity model for a ""Saigon Parking Project"" application, covering core domains like users, parking lots, and bookings. It leverages a `BaseEntity` for common fields and optimistic locking, Lombok for boilerplate reduction, and Hibernate-specific annotations such as `@NaturalId` and `@SelectBeforeUpdate` for robust and efficient ORM."
https://github.com/HasinthakaPiyumal/AI-Pattern-Mining-Project/tree/main/notebooks/result/ms_repo_callgraph_clusters/saigonparking_java/cluster_41.java,Other,1.5612241965102007,"This Spring Boot controller provides a simple `/actuator/health` GET endpoint that returns ""OK"". Its primary function is to serve as a health check for service discovery mechanisms like Consul, indicating the application's operational status."
https://github.com/HasinthakaPiyumal/AI-Pattern-Mining-Project/tree/main/notebooks/result/ms_repo_callgraph_clusters/saigonparking_java/cluster_18.java,Other,0.8735087273954633,"This code defines the core Spring configurations for multiple microservices (e.g., auth, parkinglot, user, booking) within the ""SaigonParking"" application. Each service's configuration sets up essential components like transaction management, asynchronous processing, gRPC client/server interceptors with centralized exception mapping, and service-specific utilities such as password encoders or QR code writers."
https://github.com/HasinthakaPiyumal/AI-Pattern-Mining-Project/tree/main/notebooks/result/ms_repo_callgraph_clusters/saigonparking_java/cluster_27.java,Other,1.4079969273773696,"This Java class defines `public static final` string constants, `AUTHORIZATION_KEY_NAME` and `INTERNAL_KEY_NAME`, which serve as specific metadata keys for transactional operations or internal service communication within the SaigonParking application. Its private constructor ensures it functions purely as a container for these shared constants."
https://github.com/HasinthakaPiyumal/AI-Pattern-Mining-Project/tree/main/notebooks/result/ms_repo_callgraph_clusters/saigonparking_java/cluster_0.java,Other,1.9271940341104805,"This gRPC `ForwardingServerCall` implementation intercepts server-side call closures to customize error handling. It specifically transforms `UNKNOWN` status codes with a `null` description and a known exception cause into `INTERNAL` errors, using a provided map to assign a more specific description while logging the original exception type."
https://github.com/HasinthakaPiyumal/AI-Pattern-Mining-Project/tree/main/notebooks/result/ms_repo_callgraph_clusters/train-ticket_java/cluster_56.java,Other,1.400126554157465,"This JUnit test class validates the `VerifyCodeServiceImpl`, specifically its `getImageCode` and `verifyCode` methods. It extensively mocks `HttpServletRequest` and `HttpServletResponse` using anonymous inner classes, providing minimal implementations to isolate and test the service's core logic for generating and verifying codes."
https://github.com/HasinthakaPiyumal/AI-Pattern-Mining-Project/tree/main/notebooks/result/ms_repo_callgraph_clusters/train-ticket_java/cluster_158.java,Other,1.6793486596017122,"This code implements Spring AOP components to enable distributed tracing, using `SleuthAdvisorConfig` to define pointcuts that target methods or classes annotated with `NewSpan` or `ContinueSpan`. The `SleuthInterceptor` then automatically creates new trace spans, continues existing ones, and adds relevant tags or logs based on these annotations during intercepted method execution."
https://github.com/HasinthakaPiyumal/AI-Pattern-Mining-Project/tree/main/notebooks/result/ms_repo_callgraph_clusters/train-ticket_java/cluster_127.java,Other,2.1978737905043917,"This Spring Boot `@ConfigurationProperties` class, `ChainKeys`, defines a comprehensive set of default and configurable keys (tags) for distributed tracing with Spring Sleuth. It organizes these keys by component type, such as HTTP, messaging, Hystrix, async operations, and MVC, allowing customization via `spring.sleuth.keys` properties."
https://github.com/HasinthakaPiyumal/AI-Pattern-Mining-Project/tree/main/notebooks/result/ms_repo_callgraph_clusters/train-ticket_java/cluster_171.java,Other,1.8829098297912934,"This `ExecutorService` decorator transparently instruments asynchronous task execution (Runnable/Callable) by propagating distributed tracing context. It wraps tasks with custom objects (`LCTRun`, `SCTCall`) to ensure tracing spans are created and managed around their execution, enabling monitoring of concurrent operations."
https://github.com/HasinthakaPiyumal/AI-Pattern-Mining-Project/tree/main/notebooks/result/ms_repo_callgraph_clusters/train-ticket_java/cluster_182.java,Other,2.2310757153953116,"This Spring Boot `@ConfigurationProperties` class (`spring.sleuth.web`) defines configuration settings for Spring Cloud Sleuth's web instrumentation, allowing control over tracing enablement, URL skip patterns, and client-side tracing for both synchronous and asynchronous requests. It uses nested static classes to structure related properties hierarchically."
https://github.com/HasinthakaPiyumal/AI-Pattern-Mining-Project/tree/main/notebooks/result/ms_repo_callgraph_clusters/train-ticket_java/cluster_73.java,Other,1.7757781970950415,"This Java code is a JUnit 4 test class for `VerifyCodeServiceImpl`, specifically testing its `getImageCode` and `verifyCode` methods. It extensively uses anonymous inner classes to manually stub `HttpServletRequest` and `HttpServletResponse` objects, isolating the service logic for unit testing."
https://github.com/HasinthakaPiyumal/AI-Pattern-Mining-Project/tree/main/notebooks/result/ms_repo_callgraph_clusters/train-ticket_java/cluster_19.java,Microservices Security,1.4190407073211624,"This code provides core utilities for a microservice application, including JWT token generation and validation, JSON serialization/deserialization, and HTTP cookie management. A significant portion is dedicated to implementing distributed tracing using Spring Cloud Sleuth, applying AOP for method-level tracing and interceptors for message channels, HTTP clients, and WebSockets to propagate trace context."
https://github.com/HasinthakaPiyumal/AI-Pattern-Mining-Project/tree/main/notebooks/result/ms_repo_callgraph_clusters/train-ticket_java/cluster_31.java,Microservices Security,2.4298375886913286,"This `JWTUtil` class provides core functionality for authenticating requests using JSON Web Tokens (JWTs). It validates JWTs extracted from HTTP headers, parses user details (username, roles), and constructs a Spring Security `Authentication` object, incorporating robust error handling for token validation failures."
https://github.com/HasinthakaPiyumal/AI-Pattern-Mining-Project/tree/main/notebooks/result/ms_repo_callgraph_clusters/train-ticket_java/cluster_7.java,Microservices Test,1.595767833744276,"This code file primarily contains a comprehensive suite of JUnit tests for various microservices within a train ticket booking system, covering functionalities like user management, order processing, and route planning. It extensively uses Mockito to simulate interactions with repositories and other microservices via `RestTemplate`, demonstrating a robust testing strategy for a distributed Spring Boot application."
https://github.com/HasinthakaPiyumal/AI-Pattern-Mining-Project/tree/main/notebooks/result/ms_repo_callgraph_clusters/train-ticket_java/cluster_57.java,Other,1.8822277278186816,"This is a JUnit 4 test class for `VerifyCodeServiceImpl`, designed to verify its `getImageCode` and `verifyCode` methods. It notably employs anonymous inner classes to create mock `HttpServletRequest` and `HttpServletResponse` objects, providing stubbed behavior for isolated unit testing."
https://github.com/HasinthakaPiyumal/AI-Pattern-Mining-Project/tree/main/notebooks/result/ms_repo_callgraph_clusters/train-ticket_java/cluster_68.java,Other,1.688393741792559,"This is a JUnit test class for `VerifyCodeServiceImpl`, designed to verify its `getImageCode` and `verifyCode` methods. It utilizes extensive anonymous inner classes to create stubbed `HttpServletRequest` and `HttpServletResponse` objects, enabling isolated testing of the service logic without a full servlet container."
https://github.com/HasinthakaPiyumal/AI-Pattern-Mining-Project/tree/main/notebooks/result/ms_repo_callgraph_clusters/train-ticket_java/cluster_155.java,Other,1.8979235166420418,"This Spring `@ConfigurationProperties` class (`SProps`) externalizes and manages the `percentage` property for Spring Sleuth's sampler, defaulting its value to 0.1. It allows configuration of the tracing sampling rate via `spring.sleuth.sampler.percentage`."
https://github.com/HasinthakaPiyumal/AI-Pattern-Mining-Project/tree/main/notebooks/result/ms_repo_callgraph_clusters/train-ticket_java/cluster_86.java,Other,1.7601545541308203,"This is a JUnit 4 unit test class for `VerifyCodeServiceImpl`, designed to verify the functionality of its `getImageCode` and `verifyCode` methods. It extensively uses anonymous inner classes to mock `HttpServletRequest` and `HttpServletResponse` objects, providing default null or empty implementations for all their methods to isolate the service logic during testing."
https://github.com/HasinthakaPiyumal/AI-Pattern-Mining-Project/tree/main/notebooks/result/ms_repo_callgraph_clusters/train-ticket_java/cluster_109.java,Other,1.5892799084461307,"This is a JUnit 4 test class for `VerifyCodeServiceImpl`, designed to verify its `getImageCode` and `verifyCode` functionalities. It extensively uses manual, bare-bones mock implementations for `HttpServletRequest` and `HttpServletResponse` to isolate the service logic during testing."
https://github.com/HasinthakaPiyumal/AI-Pattern-Mining-Project/tree/main/notebooks/result/ms_repo_callgraph_clusters/train-ticket_java/cluster_100.java,Other,1.6643883575812977,"This is a JUnit 4 test class for `VerifyCodeServiceImpl`, designed to verify its functionality for generating and validating image-based verification codes. It employs extensive manual mocking of `HttpServletRequest` and `HttpServletResponse` using anonymous inner classes to isolate the service logic during testing."
https://github.com/HasinthakaPiyumal/AI-Pattern-Mining-Project/tree/main/notebooks/result/ms_repo_callgraph_clusters/train-ticket_java/cluster_25.java,Data Model/ Domain design,1.2128064297314485,"This Java class, `VerifyResult`, functions as a simple data transfer object (DTO) to encapsulate the outcome of a verification process. It utilizes Lombok's `@Data` annotation to automatically generate boilerplate code for its `status` (boolean) and `message` (String) fields, providing a concise way to report verification results."
https://github.com/HasinthakaPiyumal/AI-Pattern-Mining-Project/tree/main/notebooks/result/ms_repo_callgraph_clusters/train-ticket_java/cluster_44.java,Data Model/ Domain design,2.1328528542301046,"These two Java classes, `QueryInfo` and `OrderInfo`, serve as data transfer objects (DTOs) for encapsulating various query parameters such as user ID, travel dates, purchase dates, and order state. They utilize Lombok's `@Data` annotation for boilerplate reduction and employ a consistent pattern of `enableXQuery` and `disableXQuery` methods to dynamically activate or deactivate specific search criteria."
https://github.com/HasinthakaPiyumal/AI-Pattern-Mining-Project/tree/main/notebooks/result/ms_repo_callgraph_clusters/train-ticket_java/cluster_166.java,Other,2.0373147637358224,"This code defines Spring Boot `@ConfigurationProperties` for Spring Sleuth, enabling configuration of its distributed tracing behavior for scheduled tasks and web interactions. It allows users to enable/disable instrumentation and specify URL patterns to skip for both scheduled jobs and various web components, including client-side and asynchronous operations."
https://github.com/HasinthakaPiyumal/AI-Pattern-Mining-Project/tree/main/notebooks/result/ms_repo_callgraph_clusters/train-ticket_java/cluster_139.java,Other,2.179807450812197,"This Spring Boot `@ConfigurationProperties` class (`ChainKeys`) centralizes and defines default keys/tags for Spring Sleuth's distributed tracing. It categorizes these customizable keys for various application components, including HTTP requests, messaging, Hystrix commands, asynchronous operations, and MVC controllers."
https://github.com/HasinthakaPiyumal/AI-Pattern-Mining-Project/tree/main/notebooks/result/ms_repo_callgraph_clusters/train-ticket_java/cluster_106.java,Other,1.431644010828119,"This JUnit 4 test class validates the `VerifyCodeServiceImpl`, specifically its `getImageCode` and `verifyCode` functionalities. It employs manually stubbed `HttpServletRequest` and `HttpServletResponse` objects to isolate and test the service logic without a full servlet container."
https://github.com/HasinthakaPiyumal/AI-Pattern-Mining-Project/tree/main/notebooks/result/ms_repo_callgraph_clusters/train-ticket_java/cluster_187.java,Other,1.8884426996648291,"This code provides an instrumented `AsyncRestTemplate` (`TARTemp`) that automatically manages distributed tracing spans for asynchronous HTTP client requests. It wraps the `ListenableFuture` returned by `doExecute` to ensure tracing spans are properly continued, closed, and tagged with success or failure information upon request completion, integrating with a custom `Chainer` API."
https://github.com/HasinthakaPiyumal/AI-Pattern-Mining-Project/tree/main/notebooks/result/ms_repo_callgraph_clusters/train-ticket_java/cluster_21.java,Microservices Security,2.609695092041199,"This code defines a `User` JPA entity that implements Spring Security's `UserDetails` for storing user credentials and roles, alongside a `JWTUtil` class. The `JWTUtil` is responsible for extracting, validating, and parsing JSON Web Tokens from requests to create Spring Security `Authentication` objects based on the token's contained user details and roles."
https://github.com/HasinthakaPiyumal/AI-Pattern-Mining-Project/tree/main/notebooks/result/ms_repo_callgraph_clusters/train-ticket_java/cluster_13.java,Business Logic,2.1457301284954156,"This extensive code file defines numerous JPA entities and Spring services for a microservice-based train ticket booking system, covering functionalities like user authentication, trip information retrieval, comprehensive order management (creation, query, update, cancellation, rebooking), and related services such as payment, consignment, and food delivery. It leverages Lombok for concise data models, `RestTemplate` for inter-service communication, and includes custom JWT authentication and distributed tracing."
https://github.com/HasinthakaPiyumal/AI-Pattern-Mining-Project/tree/main/notebooks/result/ms_repo_callgraph_clusters/train-ticket_java/cluster_118.java,Data Model/ Domain design,1.446021920796335,"This code defines an immutable `Log` data class, designed to represent a log entry with a timestamp and an event string. It utilizes Jackson annotations (`@JsonCreator`, `@JsonProperty`) for robust JSON deserialization and overrides `equals`, `hashCode`, and `toString` for standard object behavior."
https://github.com/HasinthakaPiyumal/AI-Pattern-Mining-Project/tree/main/notebooks/result/ms_repo_callgraph_clusters/train-ticket_java/cluster_184.java,Other,2.012463757918539,"This Spring Boot auto-configuration class sets up distributed tracing for web applications by registering a web filter and an aspect to instrument HTTP requests and responses. It dynamically configures URL patterns to skip from tracing, integrating with Spring Boot's management server properties if present."
https://github.com/HasinthakaPiyumal/AI-Pattern-Mining-Project/tree/main/notebooks/result/ms_repo_callgraph_clusters/train-ticket_java/cluster_91.java,Other,1.5402736414033737,"This JUnit4 test class validates the `VerifyCodeServiceImpl` by testing its `getImageCode` and `verifyCode` methods. It employs manual mocking for `HttpServletRequest` and `HttpServletResponse` through anonymous inner classes, providing empty implementations to isolate the service logic during testing."
https://github.com/HasinthakaPiyumal/AI-Pattern-Mining-Project/tree/main/notebooks/result/ms_repo_callgraph_clusters/train-ticket_java/cluster_87.java,Other,1.57103080346681,"This Java code is a JUnit test class for `VerifyCodeServiceImpl`, designed to verify its functionality. It uses extensively mocked `HttpServletRequest` and `HttpServletResponse` objects to test methods like `getImageCode` (ensuring a non-null return map containing a generated code string) and `verifyCode` (asserting a specific verification failure)."
https://github.com/HasinthakaPiyumal/AI-Pattern-Mining-Project/tree/main/notebooks/result/ms_repo_callgraph_clusters/train-ticket_java/cluster_135.java,Other,2.193225032365181,"This Spring Boot `@ConfigurationProperties` class, `ChainKeys`, defines a structured set of default keys (tags) used by Spring Cloud Sleuth for distributed tracing across various components like HTTP requests, message processing, Hystrix commands, asynchronous operations, and MVC controller calls. It enables external configuration to customize the names of these tracing tags."
https://github.com/HasinthakaPiyumal/AI-Pattern-Mining-Project/tree/main/notebooks/result/ms_repo_callgraph_clusters/train-ticket_java/cluster_62.java,Other,1.7369630121169606,"This is a JUnit 4 test class for `VerifyCodeServiceImpl`, designed to verify its functionality for generating and validating verification codes. It extensively uses anonymous inner classes to stub `HttpServletRequest` and `HttpServletResponse` objects, enabling isolated unit testing of methods like `getImageCode` and `verifyCode`."
https://github.com/HasinthakaPiyumal/AI-Pattern-Mining-Project/tree/main/notebooks/result/ms_repo_callgraph_clusters/train-ticket_java/cluster_167.java,Other,1.949058945523561,"This class implements `ExecutorService` using a decorator pattern, wrapping an existing `ExecutorService` to inject tracing and monitoring capabilities into asynchronous tasks. It automatically instruments `Runnable` and `Callable` submissions with `Chainer` and `ItemNamer` to propagate distributed tracing context across thread boundaries."
https://github.com/HasinthakaPiyumal/AI-Pattern-Mining-Project/tree/main/notebooks/result/ms_repo_callgraph_clusters/train-ticket_java/cluster_129.java,Other,2.169026440634117,"This `ChainKeys` class defines and organizes customizable key names for a distributed tracing system, specifically for Spring Cloud Sleuth's monitoring tags across HTTP, messaging, Hystrix, async, and MVC contexts. It leverages Spring Boot's `@ConfigurationProperties` to allow external configuration of these tracing tag keys via `spring.sleuth.keys` properties."
https://github.com/HasinthakaPiyumal/AI-Pattern-Mining-Project/tree/main/notebooks/result/ms_repo_callgraph_clusters/train-ticket_java/cluster_126.java,Other,2.2379958229838883,"This Spring `@ConfigurationProperties` class defines a structured set of default keys and prefixes for various monitoring aspects within a Spring Sleuth distributed tracing context. It organizes these customizable keys for HTTP, message, Hystrix, async operations, and MVC controllers into nested classes, allowing them to be configured externally."
https://github.com/HasinthakaPiyumal/AI-Pattern-Mining-Project/tree/main/notebooks/result/ms_repo_callgraph_clusters/train-ticket_java/cluster_168.java,Other,1.887518580358089,"This class acts as a decorator for `ExecutorService`, instrumenting submitted `Runnable` and `Callable` tasks with tracing context using `Chainer`, `ChainKeys`, and `ItemNamer`. It ensures that asynchronous operations executed via this service propagate monitoring information, optionally resolving tracing components via a `BeanFactory`."
https://github.com/HasinthakaPiyumal/AI-Pattern-Mining-Project/tree/main/notebooks/result/ms_repo_callgraph_clusters/train-ticket_java/cluster_151.java,Other,2.222626896107886,"This Java class defines externalized configuration properties for Spring Sleuth metrics, allowing users to enable/disable them and customize the names of ""accepted"" and ""dropped"" span counters. It utilizes Spring's `@ConfigurationProperties` annotation to bind properties prefixed with `spring.sleuth.metric`."
https://github.com/HasinthakaPiyumal/AI-Pattern-Mining-Project/tree/main/notebooks/result/ms_repo_callgraph_clusters/train-ticket_java/cluster_121.java,Other,2.2106677221483597,"This Spring Boot `@ConfigurationProperties` class, `ChainKeys`, centralizes and allows customization of the tag keys used by Spring Cloud Sleuth for distributed tracing. It provides a structured configuration for trace tag names across various components like HTTP requests, messages, Hystrix commands, asynchronous operations, and MVC controllers."
https://github.com/HasinthakaPiyumal/AI-Pattern-Mining-Project/tree/main/notebooks/result/ms_repo_callgraph_clusters/train-ticket_java/cluster_154.java,Other,2.1529743578324743,"This Java class, `NeverSampler`, implements the `Sampler` interface and provides a singleton instance. Its `isSampled` method always returns `false`, ensuring that it will never sample any items for monitoring."
https://github.com/HasinthakaPiyumal/AI-Pattern-Mining-Project/tree/main/notebooks/result/ms_repo_callgraph_clusters/train-ticket_java/cluster_88.java,Other,1.49198960545745,"This JUnit 4 test class validates the `VerifyCodeServiceImpl`, specifically its `getImageCode` and `verifyCode` methods. It notably uses extensive anonymous inner classes to create stub implementations of `HttpServletRequest` and `HttpServletResponse` for isolated unit testing of the verification code generation and validation logic."
https://github.com/HasinthakaPiyumal/AI-Pattern-Mining-Project/tree/main/notebooks/result/ms_repo_callgraph_clusters/train-ticket_java/cluster_176.java,Other,1.610416629401565,"This `TSEServ` class acts as a decorator for `ScheduledExecutorService`, transparently injecting distributed tracing context into `Runnable` and `Callable` tasks before they are scheduled. It achieves this by wrapping tasks with `SCTRun` and `SCTCall` to propagate tracing information across asynchronous boundaries."
https://github.com/HasinthakaPiyumal/AI-Pattern-Mining-Project/tree/main/notebooks/result/ms_repo_callgraph_clusters/train-ticket_java/cluster_175.java,Other,1.9058248956693096,"This class acts as a decorator for Spring's `ThreadPoolTaskExecutor`, instrumenting asynchronous task submissions for distributed tracing. It achieves this by wrapping `Runnable` and `Callable` tasks with tracing context (`SCTRun`/`SCTCall`) before delegation, dynamically resolving tracing components like `Chainer` and `ItemNamer` from the `BeanFactory`."
https://github.com/HasinthakaPiyumal/AI-Pattern-Mining-Project/tree/main/notebooks/result/ms_repo_callgraph_clusters/train-ticket_java/cluster_142.java,Other,2.153736245369868,"This Spring Boot `@ConfigurationProperties` class, `ChainKeys`, centralizes the definition of configurable keys and tags used by Spring Sleuth for distributed tracing. It provides specific attributes for monitoring various components like HTTP requests, message queues, Hystrix commands, asynchronous operations, and MVC controllers, allowing customization of trace data."
https://github.com/HasinthakaPiyumal/AI-Pattern-Mining-Project/tree/main/notebooks/result/ms_repo_callgraph_clusters/train-ticket_java/cluster_144.java,Other,2.1798282758262726,"This Spring Boot `@ConfigurationProperties` class (`spring.sleuth.log.slf4j`) defines settings for Spring Cloud Sleuth's SLF4J logging integration, allowing configuration of its enablement and a pattern to skip specific logger names. It provides a structured way to bind external properties for controlling Sleuth's logging behavior."
https://github.com/HasinthakaPiyumal/AI-Pattern-Mining-Project/tree/main/notebooks/result/ms_repo_callgraph_clusters/train-ticket_java/cluster_140.java,Other,2.2227926016789956,"This Spring Boot `@ConfigurationProperties` class, `ChainKeys`, centralizes and manages default tag names and prefixes for various monitoring aspects within a Spring Cloud Sleuth-based distributed tracing system. It provides customizable keys for HTTP requests, message processing, Hystrix commands, asynchronous operations, and MVC controller interactions, allowing them to be overridden via external configuration."
https://github.com/HasinthakaPiyumal/AI-Pattern-Mining-Project/tree/main/notebooks/result/ms_repo_callgraph_clusters/train-ticket_java/cluster_180.java,Other,2.0330677091148353,"This Spring `@Configuration` class provides auto-configuration for web-based distributed tracing, conditionally defining beans to inject trace keys into HTTP requests, extract span details (with a configurable skip pattern), and inject span information, integrating with a `Chainer` for distributed tracing."
https://github.com/HasinthakaPiyumal/AI-Pattern-Mining-Project/tree/main/notebooks/result/ms_repo_callgraph_clusters/train-ticket_java/cluster_79.java,Other,1.561634101287201,"This Java file is a JUnit 4 test suite for `VerifyCodeServiceImpl`, designed to test its functionality for generating and verifying image-based verification codes (CAPTCHAs). It employs verbose anonymous inner classes to create stub `HttpServletRequest` and `HttpServletResponse` objects, isolating the service logic for unit testing."
https://github.com/HasinthakaPiyumal/AI-Pattern-Mining-Project/tree/main/notebooks/result/ms_repo_callgraph_clusters/train-ticket_java/cluster_47.java,Other,1.5353067733533043,"This Spring `@Configuration` class integrates Alibaba Sentinel with Spring Cloud Gateway to implement API gateway flow control. It configures a global Sentinel filter and exception handler, specifically initializing a flow rule that limits requests to the ""admin-basic-info"" route to 20 QPS."
https://github.com/HasinthakaPiyumal/AI-Pattern-Mining-Project/tree/main/notebooks/result/ms_repo_callgraph_clusters/train-ticket_java/cluster_163.java,Other,1.9125600204665694,"This utility class defines a set of `public static final` string constants representing standard header names for distributed tracing metadata, such as span ID, trace ID, and parent ID. It centralizes these names for consistent use within a message monitoring and instrumentation framework."
https://github.com/HasinthakaPiyumal/AI-Pattern-Mining-Project/tree/main/notebooks/result/ms_repo_callgraph_clusters/train-ticket_java/cluster_70.java,Other,1.5716674607010166,"This JUnit 4 test class validates the `VerifyCodeServiceImpl`, specifically its functionality for generating image-based verification codes and verifying submitted codes. It extensively uses manually implemented anonymous inner classes to mock `HttpServletRequest` and `HttpServletResponse` objects, providing dummy implementations for all their methods to simulate a web environment for testing."
https://github.com/HasinthakaPiyumal/AI-Pattern-Mining-Project/tree/main/notebooks/result/ms_repo_callgraph_clusters/train-ticket_java/cluster_125.java,Other,2.1396614489101022,"This class defines a comprehensive set of configurable keys and tags for a Spring Cloud Sleuth distributed tracing system. It uses Spring Boot's `@ConfigurationProperties` to allow customization of attribute names for various operations like HTTP requests, message processing, Hystrix commands, async tasks, and MVC calls."
https://github.com/HasinthakaPiyumal/AI-Pattern-Mining-Project/tree/main/notebooks/result/ms_repo_callgraph_clusters/train-ticket_java/cluster_161.java,Other,1.7676597684199253,"This Spring Boot auto-configuration class sets up components for integrating Sleuth's distributed tracing with annotations. It conditionally provides beans like `SpanCreator` and `TagValueExpressionResolver` to enable automatic span creation and dynamic tag resolution for annotated methods, enhancing observability."
https://github.com/HasinthakaPiyumal/AI-Pattern-Mining-Project/tree/main/notebooks/result/ms_repo_callgraph_clusters/train-ticket_java/cluster_93.java,Other,1.3853921071152102,This JUnit test class validates the `VerifyCodeServiceImpl`'s functionality for generating and verifying image-based verification codes. It employs extensive manual mocking of `HttpServletRequest` and `HttpServletResponse` to isolate the service logic during testing.
https://github.com/HasinthakaPiyumal/AI-Pattern-Mining-Project/tree/main/notebooks/result/ms_repo_callgraph_clusters/train-ticket_java/cluster_46.java,Other,1.2819187294750065,"This Spring Cloud Gateway configuration integrates Alibaba Sentinel to implement API gateway flow control. It sets up a global Sentinel filter, a block exception handler, and specifically defines a QPS limit of 20 requests per second for the ""admin-basic-info"" route."
https://github.com/HasinthakaPiyumal/AI-Pattern-Mining-Project/tree/main/notebooks/result/ms_repo_callgraph_clusters/train-ticket_java/cluster_104.java,Other,1.396887942987876,"This JUnit test file validates the `VerifyCodeServiceImpl` by testing its `getImageCode` and `verifyCode` methods. It employs manual stubbing for `HttpServletRequest` and `HttpServletResponse` interfaces, providing empty implementations to isolate the service logic during testing."
https://github.com/HasinthakaPiyumal/AI-Pattern-Mining-Project/tree/main/notebooks/result/ms_repo_callgraph_clusters/train-ticket_java/cluster_82.java,Other,1.3728273404760025,"This JUnit4 test class validates the `VerifyCodeServiceImpl`, specifically its `getImageCode` generation and `verifyCode` validation methods. It utilizes extensive manual mocking of `HttpServletRequest` and `HttpServletResponse` to isolate the service logic for testing."
https://github.com/HasinthakaPiyumal/AI-Pattern-Mining-Project/tree/main/notebooks/result/ms_repo_callgraph_clusters/train-ticket_java/cluster_149.java,Other,2.2761919947491247,"This Spring Boot configuration class (`SMProp`) defines externalizable properties for Spring Sleuth metrics, allowing users to enable/disable metric collection and customize the names of ""accepted"" and ""dropped"" span counters. It leverages `@ConfigurationProperties` to bind values from `spring.sleuth.metric` in application configuration files."
https://github.com/HasinthakaPiyumal/AI-Pattern-Mining-Project/tree/main/notebooks/result/ms_repo_callgraph_clusters/train-ticket_java/cluster_131.java,Other,2.141734815977808,"This Spring Boot `@ConfigurationProperties` class, `ChainKeys`, centralizes and externalizes the configuration of key names for distributed tracing, providing default strings for various contexts like HTTP, messaging, Hystrix, async operations, and MVC controllers. It allows these tracing key definitions to be easily overridden via application properties."
https://github.com/HasinthakaPiyumal/AI-Pattern-Mining-Project/tree/main/notebooks/result/ms_repo_callgraph_clusters/train-ticket_java/cluster_6.java,Microservices Test,1.2515424334860037,"This code file contains a comprehensive suite of Spring Boot unit and integration tests for various microservices within a train ticket booking system. It extensively utilizes `MockMvc` to simulate HTTP requests against controllers and Mockito to mock service dependencies and external `RestTemplate` calls, ensuring robust validation of API endpoints and business logic."
https://github.com/HasinthakaPiyumal/AI-Pattern-Mining-Project/tree/main/notebooks/result/ms_repo_callgraph_clusters/train-ticket_java/cluster_170.java,Other,1.5125644520309431,"This `TEServ` class acts as a decorator for `ExecutorService`, transparently instrumenting asynchronous task execution with tracing capabilities. It wraps submitted `Runnable` and `Callable` tasks to propagate tracing context (e.g., span names, chain keys) using a `Chainer` and `ItemNamer`, with dependencies optionally resolved via a Spring `BeanFactory`."
https://github.com/HasinthakaPiyumal/AI-Pattern-Mining-Project/tree/main/notebooks/result/ms_repo_callgraph_clusters/train-ticket_java/cluster_123.java,Other,2.2261273397600854,"This Spring `@ConfigurationProperties` class, `ChainKeys`, centralizes and allows customization of the default key names used by Spring Cloud Sleuth for various tracing tags, encompassing HTTP, messaging, Hystrix, asynchronous, and MVC operations. It provides a structured way to configure the specific attribute names used in distributed tracing spans."
https://github.com/HasinthakaPiyumal/AI-Pattern-Mining-Project/tree/main/notebooks/result/ms_repo_callgraph_clusters/train-ticket_java/cluster_90.java,Other,1.398375835093334,This JUnit 4 test class validates the `getImageCode` and `verifyCode` methods of `VerifyCodeServiceImpl`. It extensively mocks `HttpServletRequest` and `HttpServletResponse` using anonymous inner classes to facilitate isolated unit testing of the service logic.
https://github.com/HasinthakaPiyumal/AI-Pattern-Mining-Project/tree/main/notebooks/result/ms_repo_callgraph_clusters/train-ticket_java/cluster_148.java,Other,1.7709725522457926,"This code defines an `ItemMetricReporter` interface for tracking accepted and dropped ""spans,"" providing two implementations: `CSBSMRep` which actively increments Spring Boot Actuator `CounterService` metrics, and `NOIMRep` which serves as a no-op reporter. It uses an interface-based approach to allow flexible metric reporting strategies."
https://github.com/HasinthakaPiyumal/AI-Pattern-Mining-Project/tree/main/notebooks/result/ms_repo_callgraph_clusters/train-ticket_java/cluster_65.java,Other,1.8555309275114857,"This is a JUnit 4 test class for `VerifyCodeServiceImpl`, designed to unit test its `getImageCode` and `verifyCode` methods. It employs anonymous inner classes to mock `HttpServletRequest` and `HttpServletResponse` objects, enabling isolated testing of the service's functionality without requiring a full servlet container."
https://github.com/HasinthakaPiyumal/AI-Pattern-Mining-Project/tree/main/notebooks/result/ms_repo_callgraph_clusters/train-ticket_java/cluster_185.java,Other,2.0496635134912125,"This code defines a custom `AsyncRestTemplate` named `TARTemp` that instruments asynchronous HTTP client calls for distributed tracing. It wraps `ListenableFuture` callbacks to ensure tracing spans are correctly continued, closed, and tagged with success/failure information across asynchronous request lifecycles."
https://github.com/HasinthakaPiyumal/AI-Pattern-Mining-Project/tree/main/notebooks/result/ms_repo_callgraph_clusters/train-ticket_java/cluster_164.java,EDA,1.310385913892399,"This Spring `@Configuration` class auto-configures components for distributed tracing within messaging systems. It conditionally provides beans for extracting and injecting tracing span information from/into `Message` objects, integrating with a `Chainer` for monitoring."
https://github.com/HasinthakaPiyumal/AI-Pattern-Mining-Project/tree/main/notebooks/result/ms_repo_callgraph_clusters/train-ticket_java/cluster_128.java,Other,2.2104284353121546,"This Spring Boot `@ConfigurationProperties` class, `ChainKeys`, centralizes the configuration of various keys (tags) used for distributed tracing and monitoring within a Spring Sleuth context. It provides customizable default names for tracing attributes related to HTTP requests, messages, Hystrix commands, asynchronous operations, and MVC controllers."
https://github.com/HasinthakaPiyumal/AI-Pattern-Mining-Project/tree/main/notebooks/result/ms_repo_callgraph_clusters/train-ticket_java/cluster_35.java,Other,1.7438757328927161,"This code primarily defines various Spring Boot configuration properties, with a significant focus on **Spring Cloud Sleuth** for managing distributed tracing, logging, and sampling behavior across different application components. It also includes an example of an asynchronous task using `RestTemplate` for inter-service communication."
https://github.com/HasinthakaPiyumal/AI-Pattern-Mining-Project/tree/main/notebooks/result/ms_repo_callgraph_clusters/train-ticket_java/cluster_72.java,Other,1.462211149640292,This JUnit test class validates the `VerifyCodeServiceImpl` by creating mock `HttpServletRequest` and `HttpServletResponse` objects (with all methods returning nulls) to test its `getImageCode` and `verifyCode` methods. It specifically asserts that `getImageCode` returns a non-null map containing a verification string and that `verifyCode` returns false for a given input.
https://github.com/HasinthakaPiyumal/AI-Pattern-Mining-Project/tree/main/notebooks/result/ms_repo_callgraph_clusters/train-ticket_java/cluster_85.java,Other,1.6042106617586946,"This Java code is a JUnit test class for `VerifyCodeServiceImpl`, designed to verify the functionality of its image code generation and verification methods. It employs extensive mocking of `HttpServletRequest` and `HttpServletResponse` objects to isolate the service logic for unit testing."
https://github.com/HasinthakaPiyumal/AI-Pattern-Mining-Project/tree/main/notebooks/result/ms_repo_callgraph_clusters/train-ticket_java/cluster_34.java,EDA,1.0327739563301042,"This code defines multiple Spring `@Configuration` classes, each responsible for declaring a single AMQP queue bean. These beans expose specific queues, named either ""email"" or ""food_delivery"", for message-driven communication across different application modules or microservices."
https://github.com/HasinthakaPiyumal/AI-Pattern-Mining-Project/tree/main/notebooks/result/ms_repo_callgraph_clusters/train-ticket_java/cluster_59.java,Other,1.594805167823418,"This is a JUnit 4 test class for `VerifyCodeServiceImpl`, designed to verify its functionality for generating and validating verification codes. It manually mocks `HttpServletRequest` and `HttpServletResponse` with empty implementations to test methods like `getImageCode` and `verifyCode`."
https://github.com/HasinthakaPiyumal/AI-Pattern-Mining-Project/tree/main/notebooks/result/ms_repo_callgraph_clusters/train-ticket_java/cluster_178.java,Other,2.1743229087020444,"This `TSOStr` class acts as a decorator for `ServletOutputStream`, designed to instrument web responses within a monitoring system. It transparently delegates all stream operations but specifically annotates a provided monitoring `Item` (span) with ""Server Send"" when the output stream is flushed or closed, marking the completion of the server's response transmission."
https://github.com/HasinthakaPiyumal/AI-Pattern-Mining-Project/tree/main/notebooks/result/ms_repo_callgraph_clusters/train-ticket_java/cluster_143.java,Other,2.141586305833671,"This code defines a collection of Spring Boot `@ConfigurationProperties` classes, enabling externalized configuration for various aspects of Spring Sleuth's distributed tracing functionality. It allows users to customize settings such as logging, metrics, annotation processing, scheduled tasks, and web instrumentation, often including enablement flags and skip patterns."
https://github.com/HasinthakaPiyumal/AI-Pattern-Mining-Project/tree/main/notebooks/result/ms_repo_callgraph_clusters/train-ticket_java/cluster_174.java,Other,2.034403558178693,"This `ThreadPoolTaskExecutor` decorator automatically instruments asynchronous tasks by wrapping `Runnable` and `Callable` submissions with tracing context (e.g., `Chainer`, `ChainKeys`). This ensures distributed tracing information propagates correctly across thread boundaries for monitoring purposes."
https://github.com/HasinthakaPiyumal/AI-Pattern-Mining-Project/tree/main/notebooks/result/ms_repo_callgraph_clusters/train-ticket_java/cluster_145.java,Other,1.7796548428534855,"This utility class, `TextMapUtil`, provides a static method `asMap` to convert an iterable of string map entries into a `TreeMap` that maintains its keys in a case-insensitive alphabetical order."
https://github.com/HasinthakaPiyumal/AI-Pattern-Mining-Project/tree/main/notebooks/result/ms_repo_callgraph_clusters/train-ticket_java/cluster_186.java,Other,1.9900470802224057,"This code defines a custom `AsyncRestTemplate` named `TARTemp` that automatically instruments asynchronous HTTP client requests for distributed tracing. It wraps the `ListenableFuture` results and their callbacks to ensure tracing spans are properly continued, logged (e.g., `CLIENT_RECV`, error tags), and closed upon request completion or failure."
https://github.com/HasinthakaPiyumal/AI-Pattern-Mining-Project/tree/main/notebooks/result/ms_repo_callgraph_clusters/train-ticket_java/cluster_84.java,Other,1.6286470288253885,"This Java file is a JUnit 4 test suite for `VerifyCodeServiceImpl`, designed to verify its `getImageCode` and `verifyCode` methods. It utilizes manually created, basic stub implementations of `HttpServletRequest` and `HttpServletResponse` to simulate web environment interactions during testing."
https://github.com/HasinthakaPiyumal/AI-Pattern-Mining-Project/tree/main/notebooks/result/ms_repo_callgraph_clusters/train-ticket_java/cluster_122.java,Other,2.1915869755744977,"This Spring Boot `@ConfigurationProperties` class, `ChainKeys`, centralizes and allows customization of various keys and prefixes used for distributed tracing and monitoring across different components like HTTP, messaging, Hystrix, asynchronous operations, and MVC controllers. It provides default values for these monitoring tags, which can be overridden via external configuration."
https://github.com/HasinthakaPiyumal/AI-Pattern-Mining-Project/tree/main/notebooks/result/ms_repo_callgraph_clusters/train-ticket_java/cluster_95.java,Other,1.8396289676177688,"This Java file is a JUnit 4 test class for `VerifyCodeServiceImpl`, designed to validate its `getImageCode` and `verifyCode` functionalities. It utilizes verbose anonymous inner classes to manually mock `HttpServletRequest` and `HttpServletResponse` with empty implementations for isolated unit testing."
https://github.com/HasinthakaPiyumal/AI-Pattern-Mining-Project/tree/main/notebooks/result/ms_repo_callgraph_clusters/train-ticket_java/cluster_169.java,Other,1.8711792503531899,"This code provides a decorator for `ExecutorService` that automatically instruments asynchronous task execution with distributed tracing. It wraps submitted `Runnable` and `Callable` tasks to propagate tracing context, ensuring that spans are correctly managed across thread boundaries."
https://github.com/HasinthakaPiyumal/AI-Pattern-Mining-Project/tree/main/notebooks/result/ms_repo_callgraph_clusters/train-ticket_java/cluster_132.java,Other,2.141772383919121,"This Spring Boot `@ConfigurationProperties` class, `ChainKeys`, defines a structured set of configurable string keys used for various monitoring and tracing aspects within a distributed system. It organizes these keys into categories like HTTP, Message, Hystrix, Async, and MVC, allowing external configuration of the names used for metrics or trace tags."
https://github.com/HasinthakaPiyumal/AI-Pattern-Mining-Project/tree/main/notebooks/result/ms_repo_callgraph_clusters/train-ticket_java/cluster_37.java,Other,1.4691292456638787,"This Spring component, `EmailProperties`, serves as a strongly-typed configuration holder for email service connection details. It uses `@ConfigurationProperties(""email"")` to automatically bind external properties like host, port, username, and password from application configuration files into its fields."
https://github.com/HasinthakaPiyumal/AI-Pattern-Mining-Project/tree/main/notebooks/result/ms_repo_callgraph_clusters/train-ticket_java/cluster_113.java,Data Model/ Domain design,1.808944966089735,"This Java class, `GetAccountByIdResult`, functions as a data transfer object (DTO) to encapsulate the result of an operation to retrieve an account by ID. It uses Lombok's `@Data` annotation to provide a concise structure, including a boolean status, a descriptive message, and the retrieved `Account` entity."
https://github.com/HasinthakaPiyumal/AI-Pattern-Mining-Project/tree/main/notebooks/result/ms_repo_callgraph_clusters/train-ticket_java/cluster_60.java,Other,1.5778833621944797,"This Java file is a JUnit4 test suite for `VerifyCodeServiceImpl`, designed to verify its core functionalities like generating image verification codes and validating input codes. It notably employs extensive manual stubbing of `HttpServletRequest` and `HttpServletResponse` objects to isolate the service logic during testing."
https://github.com/HasinthakaPiyumal/AI-Pattern-Mining-Project/tree/main/notebooks/result/ms_repo_callgraph_clusters/train-ticket_java/cluster_61.java,Other,1.4801734844867305,This JUnit 4 test class validates the `VerifyCodeServiceImpl` by testing its `getImageCode` and `verifyCode` methods. It notably employs extensive manual mocking for `HttpServletRequest` and `HttpServletResponse` using anonymous inner classes that return nulls or empty values for all methods.
https://github.com/HasinthakaPiyumal/AI-Pattern-Mining-Project/tree/main/notebooks/result/ms_repo_callgraph_clusters/train-ticket_java/cluster_24.java,Other,2.2266358248412246,"This Java code defines `BaseException`, an unchecked exception extending `RuntimeException`, to serve as a common base for application-specific errors within the `edu.fudan` system. It provides standard constructors for message-only and message-with-cause exceptions, facilitating consistent error handling."
https://github.com/HasinthakaPiyumal/AI-Pattern-Mining-Project/tree/main/notebooks/result/ms_repo_callgraph_clusters/train-ticket_java/cluster_54.java,Data Model/ Domain design,2.47534632695557,"This Java class, `GetPriceDomain`, serves as a data transfer object (DTO) to encapsulate `weight` and `isWithinRegion` parameters, likely for a price calculation service. It leverages Lombok's `@Data` annotation to automatically generate standard boilerplate methods like getters and setters."
https://github.com/HasinthakaPiyumal/AI-Pattern-Mining-Project/tree/main/notebooks/result/ms_repo_callgraph_clusters/train-ticket_java/cluster_110.java,Other,1.52768931432119,"This Java file is a JUnit test suite for the `VerifyCodeServiceImpl` class, specifically verifying its `getImageCode` and `verifyCode` methods. It employs a manual mocking approach by implementing `HttpServletRequest` and `HttpServletResponse` as anonymous inner classes, with most methods returning default or null values, to isolate the service logic for testing."
https://github.com/HasinthakaPiyumal/AI-Pattern-Mining-Project/tree/main/notebooks/result/ms_repo_callgraph_clusters/train-ticket_java/cluster_108.java,Other,1.3588403486692906,"This JUnit 4 test class validates the `VerifyCodeServiceImpl`, specifically testing its `getImageCode` (likely for CAPTCHA generation) and `verifyCode` methods. It employs mock `HttpServletRequest` and `HttpServletResponse` objects with default empty implementations to isolate the service logic for unit testing."
https://github.com/HasinthakaPiyumal/AI-Pattern-Mining-Project/tree/main/notebooks/result/ms_repo_callgraph_clusters/train-ticket_java/cluster_153.java,Other,1.8273517333692837,"This `IsChainingSampler` implements the `Sampler` interface, determining if a monitoring span should be sampled. It delegates this decision entirely to an injected `ItemAccessor`, sampling only when `isTracing()` indicates that tracing is active."
https://github.com/HasinthakaPiyumal/AI-Pattern-Mining-Project/tree/main/notebooks/result/ms_repo_callgraph_clusters/train-ticket_java/cluster_120.java,Other,2.1945965326864743,"This Spring Boot `@ConfigurationProperties` class, `ChainKeys`, centralizes and defines default tag keys for Spring Cloud Sleuth's distributed tracing. It provides configurable names for span tags related to HTTP, messaging, Hystrix, asynchronous operations, and MVC controllers, along with options to specify headers for tracing."
https://github.com/HasinthakaPiyumal/AI-Pattern-Mining-Project/tree/main/notebooks/result/ms_repo_callgraph_clusters/train-ticket_java/cluster_83.java,Other,1.4245222300575378,"This JUnit test class validates the `getImageCode` and `verifyCode` methods of `VerifyCodeServiceImpl`. It utilizes extensively stubbed `HttpServletRequest` and `HttpServletResponse` objects, implemented as anonymous inner classes, to provide controlled inputs for testing the service's logic in isolation."
https://github.com/HasinthakaPiyumal/AI-Pattern-Mining-Project/tree/main/notebooks/result/ms_repo_callgraph_clusters/train-ticket_java/cluster_98.java,Other,1.4129699612277327,"This JUnit 4 test class validates the `VerifyCodeServiceImpl`, specifically its `getImageCode` and `verifyCode` methods. It employs manually mocked `HttpServletRequest` and `HttpServletResponse` objects, with all their methods returning default null or empty values, to isolate the service logic during testing."
https://github.com/HasinthakaPiyumal/AI-Pattern-Mining-Project/tree/main/notebooks/result/ms_repo_callgraph_clusters/train-ticket_java/cluster_50.java,Other,1.535465485152026,"This code implements a distributed tracing framework, akin to Spring Cloud Sleuth, to monitor application execution flow. It leverages Spring AOP with custom annotations (`@NewSpan`, `@ContinueSpan`, `@SpanTag`) for declarative tracing and instruments various asynchronous execution mechanisms and Spring Web components to propagate tracing context across threads and service calls."
https://github.com/HasinthakaPiyumal/AI-Pattern-Mining-Project/tree/main/notebooks/result/ms_repo_callgraph_clusters/train-ticket_java/cluster_64.java,Other,1.554041397857862,"This JUnit 4 test class validates the `VerifyCodeServiceImpl`, specifically its methods for generating image verification codes and verifying them. It notably employs extensive manual mocking of `HttpServletRequest` and `HttpServletResponse` using anonymous inner classes to isolate the service logic during testing."
https://github.com/HasinthakaPiyumal/AI-Pattern-Mining-Project/tree/main/notebooks/result/ms_repo_callgraph_clusters/train-ticket_java/cluster_22.java,Microservices Security,2.5534511646621434,"This code defines a Spring Security `UserDetails` entity for user persistence and authentication, alongside a utility class for processing JSON Web Tokens (JWTs). The `JWTUtil` extracts user details and roles from incoming JWTs to create Spring Security authentication tokens, handling various token validation and parsing exceptions."
https://github.com/HasinthakaPiyumal/AI-Pattern-Mining-Project/tree/main/notebooks/result/ms_repo_callgraph_clusters/train-ticket_java/cluster_49.java,Other,1.236681907166953,"This Spring Cloud Gateway configuration integrates Alibaba Sentinel to implement API gateway flow control. It sets up a global filter and an exception handler, specifically initializing a QPS-based rate limit of 20 requests per second for the ""admin-basic-info"" route."
https://github.com/HasinthakaPiyumal/AI-Pattern-Mining-Project/tree/main/notebooks/result/ms_repo_callgraph_clusters/train-ticket_java/cluster_107.java,Other,1.6477312468770464,"This Java file is a JUnit test class for `VerifyCodeServiceImpl`, designed to verify its functionality for generating and validating image verification codes. It extensively uses anonymous inner classes to create stub implementations of `HttpServletRequest` and `HttpServletResponse` to facilitate isolated unit testing of the service methods."
https://github.com/HasinthakaPiyumal/AI-Pattern-Mining-Project/tree/main/notebooks/result/ms_repo_callgraph_clusters/train-ticket_java/cluster_124.java,Other,2.20078830691512,"This Spring Boot `@ConfigurationProperties` class, `ChainKeys`, centralizes and defines the default keys/tags used by Spring Sleuth for distributed tracing. It provides a structured way to configure monitoring aspects like HTTP requests, messages, Hystrix commands, asynchronous operations, and MVC interactions via application properties."
https://github.com/HasinthakaPiyumal/AI-Pattern-Mining-Project/tree/main/notebooks/result/ms_repo_callgraph_clusters/train-ticket_java/cluster_89.java,Other,1.8998271045862938,This is a JUnit test class (`VerifyCodeServiceImplTest`) designed to verify the functionality of `VerifyCodeServiceImpl` for generating and validating verification codes. It utilizes anonymous inner classes to create basic stub implementations of `HttpServletRequest` and `HttpServletResponse` for isolated testing of the service's `getImageCode` and `verifyCode` methods.
https://github.com/HasinthakaPiyumal/AI-Pattern-Mining-Project/tree/main/notebooks/result/ms_repo_callgraph_clusters/train-ticket_java/cluster_133.java,Other,2.245375761898954,"This Spring Boot `@ConfigurationProperties` class, `ChainKeys`, centralizes and allows customization of the string keys used for distributed tracing tags across various components like HTTP, messaging, Hystrix, asynchronous operations, and MVC controllers. It provides a hierarchical structure with default values for these monitoring keys, which can be overridden via external configuration."
https://github.com/HasinthakaPiyumal/AI-Pattern-Mining-Project/tree/main/notebooks/result/ms_repo_callgraph_clusters/train-ticket_java/cluster_160.java,Other,1.899882597948485,"This Spring Boot auto-configuration class enables annotation-driven distributed tracing with Sleuth, conditionally providing default beans like `SpanCreator`, `TagValueExpressionResolver`, and `SleuthAdvisorConfig` to facilitate automatic span creation and tag resolution based on method annotations."
https://github.com/HasinthakaPiyumal/AI-Pattern-Mining-Project/tree/main/notebooks/result/ms_repo_callgraph_clusters/train-ticket_java/cluster_52.java,Other,1.131394391362055,"This code implements a CAPTCHA generation and verification service, creating random image-based challenges and securely managing their associated IDs via `HttpOnly` cookies. It stores the CAPTCHA solutions server-side using a Guava cache for efficient lookup and validation."
https://github.com/HasinthakaPiyumal/AI-Pattern-Mining-Project/tree/main/notebooks/result/ms_repo_callgraph_clusters/train-ticket_java/cluster_111.java,Other,1.5372620875994916,"This is a JUnit 4 test class for `VerifyCodeServiceImpl`, designed to verify its core functionalities. It manually mocks `HttpServletRequest` and `HttpServletResponse` objects with empty implementations to test methods like `getImageCode` and `verifyCode`, asserting basic outcomes such as non-null results and boolean return values."
https://github.com/HasinthakaPiyumal/AI-Pattern-Mining-Project/tree/main/notebooks/result/ms_repo_callgraph_clusters/train-ticket_java/cluster_78.java,Other,1.3512067347418433,"This JUnit4 test class validates the `VerifyCodeServiceImpl`, specifically its `getImageCode` and `verifyCode` methods. It employs a verbose manual mocking approach for `HttpServletRequest` and `HttpServletResponse` to isolate and test the service's functionality, asserting basic return values and a negative verification case."
https://github.com/HasinthakaPiyumal/AI-Pattern-Mining-Project/tree/main/notebooks/result/ms_repo_callgraph_clusters/train-ticket_java/cluster_29.java,Data Model/ Domain design,1.955540631572945,"This Java `TravelResult` class serves as a data entity to encapsulate the comprehensive outcome of a travel-related query or calculation. It stores details like a boolean status, a percentage, specific `TrainType` and `Route` objects, and a map of various prices, utilizing Lombok for boilerplate code generation."
https://github.com/HasinthakaPiyumal/AI-Pattern-Mining-Project/tree/main/notebooks/result/ms_repo_callgraph_clusters/train-ticket_java/cluster_137.java,Other,2.2112754980373284,"This Spring Boot `@ConfigurationProperties` class, `ChainKeys`, centralizes and defines the default string keys used by Spring Sleuth for distributed tracing. It organizes these keys into nested classes for various operational domains like HTTP requests, message processing, Hystrix commands, asynchronous operations, and MVC controller invocations, allowing them to be externally configured."
https://github.com/HasinthakaPiyumal/AI-Pattern-Mining-Project/tree/main/notebooks/result/ms_repo_callgraph_clusters/train-ticket_java/cluster_40.java,Data Model/ Domain design,2.22079220386122,"This code defines `QueryInfo` and `OrderInfo` classes, serving as flexible data transfer objects for constructing database queries. They encapsulate various search criteria (login ID, travel dates, bought dates, order state) and provide explicit methods to dynamically enable or disable specific query parameters using boolean flags."
https://github.com/HasinthakaPiyumal/AI-Pattern-Mining-Project/tree/main/notebooks/result/ms_repo_callgraph_clusters/train-ticket_java/cluster_181.java,Other,2.1048117770577783,"This Spring Boot `@ConfigurationProperties` class (`SWProp`) defines externalized configuration for Spring Sleuth's web instrumentation. It allows users to control tracing activation, specify URL skip patterns, and configure client, asynchronous, and template-related tracing components through a hierarchical structure of nested properties."
https://github.com/HasinthakaPiyumal/AI-Pattern-Mining-Project/tree/main/notebooks/result/ms_repo_callgraph_clusters/train-ticket_java/cluster_38.java,Other,1.380989201322436,"This Spring Boot component externalizes and manages email server configuration properties (host, port, username, password). It uses `@ConfigurationProperties(""email"")` to automatically bind these settings from application configuration files, enabling flexible and environment-specific email service setup."
https://github.com/HasinthakaPiyumal/AI-Pattern-Mining-Project/tree/main/notebooks/result/ms_repo_callgraph_clusters/train-ticket_java/cluster_48.java,Other,1.431241330062026,"This Spring Cloud Gateway configuration integrates Alibaba Sentinel to implement API gateway flow control. It specifically applies a QPS limit of 20 requests per second to the ""admin-basic-info"" route and registers a custom exception handler for blocked requests."
https://github.com/HasinthakaPiyumal/AI-Pattern-Mining-Project/tree/main/notebooks/result/ms_repo_callgraph_clusters/train-ticket_java/cluster_36.java,Other,1.8911199978165736,"This file defines two Spring Boot `@ConfigurationProperties` classes for externalizing application settings. `EmailProperties` handles email server configuration, while `ChainKeys` provides customizable tag names for Spring Cloud Sleuth's distributed tracing across HTTP, messaging, Hystrix, async, and MVC components."
https://github.com/HasinthakaPiyumal/AI-Pattern-Mining-Project/tree/main/notebooks/result/ms_repo_callgraph_clusters/train-ticket_java/cluster_177.java,Other,1.978828944366249,"This `TPWriter` class acts as a `PrintWriter` decorator, primarily designed for distributed tracing. It intercepts `flush()` and `close()` calls to annotate an associated `Item` (likely a tracing span) with a ""Server Send"" event, signaling the completion of the server's response before delegating to the underlying `PrintWriter`."
https://github.com/HasinthakaPiyumal/AI-Pattern-Mining-Project/tree/main/notebooks/result/ms_repo_callgraph_clusters/train-ticket_java/cluster_141.java,Other,2.191542084657703,"This Spring Boot `@ConfigurationProperties` class, `ChainKeys`, centralizes and externalizes configuration for customizable keys and tags used in Spring Sleuth distributed tracing. It defines default string identifiers for monitoring attributes across HTTP requests, messages, Hystrix commands, asynchronous operations, and MVC components, allowing them to be overridden via application properties."
https://github.com/HasinthakaPiyumal/AI-Pattern-Mining-Project/tree/main/notebooks/result/ms_repo_callgraph_clusters/train-ticket_java/cluster_74.java,Other,1.3721335038688371,"This JUnit 4 test class validates the `VerifyCodeServiceImpl`, which is responsible for generating and verifying image-based verification codes. It employs manually implemented, barebones mock objects for `HttpServletRequest` and `HttpServletResponse` to test the service's `getImageCode` and `verifyCode` methods, asserting basic functionality and expected outcomes."
https://github.com/HasinthakaPiyumal/AI-Pattern-Mining-Project/tree/main/notebooks/result/ms_repo_callgraph_clusters/train-ticket_java/cluster_55.java,Data Model/ Domain design,1.5585439827344123,"This Java class, `InsertConsignRecordResult`, functions as a data transfer object (DTO) to encapsulate the outcome of an operation that inserts a consign record. It utilizes Lombok's `@Data` annotation to automatically generate boilerplate methods for its `status` (boolean) and `message` (String) fields, providing a concise way to report success/failure and details."
https://github.com/HasinthakaPiyumal/AI-Pattern-Mining-Project/tree/main/notebooks/result/ms_repo_callgraph_clusters/train-ticket_java/cluster_96.java,Other,1.615757490967754,"This Java file is a JUnit test suite for `VerifyCodeServiceImpl`, specifically verifying the functionality of its `getImageCode` and `verifyCode` methods. It extensively uses anonymous inner classes to mock `HttpServletRequest` and `HttpServletResponse` objects, enabling isolated unit testing without a full servlet container."
https://github.com/HasinthakaPiyumal/AI-Pattern-Mining-Project/tree/main/notebooks/result/ms_repo_callgraph_clusters/train-ticket_java/cluster_28.java,Business Logic,1.1608000394811966,"This code implements a Spring Boot microservice, `ConsignPriceService`, which provides REST endpoints to calculate consignment prices based on weight and region, and to manage its underlying pricing configuration. It extensively uses enums to categorize various types, including general items, assurance options, and financial transaction types."
https://github.com/HasinthakaPiyumal/AI-Pattern-Mining-Project/tree/main/notebooks/result/ms_repo_callgraph_clusters/train-ticket_java/cluster_99.java,Other,1.536674125985276,"This JUnit 4 test class, `VerifyCodeServiceImplTest`, unit tests the `VerifyCodeServiceImpl` by invoking its `getImageCode` and `verifyCode` methods. It utilizes anonymous inner classes to create basic mock `HttpServletRequest` and `HttpServletResponse` objects, with most methods returning null, to isolate the service logic during testing."
https://github.com/HasinthakaPiyumal/AI-Pattern-Mining-Project/tree/main/notebooks/result/ms_repo_callgraph_clusters/train-ticket_java/cluster_162.java,Other,1.6916145392529014,"This Spring Integration `VetoCapableInterceptor`, `ITCInter`, is designed for message monitoring and tracing. It specifically prevents its own interception of channel messages if another interceptor of type `ATCInter` is already present in the channel's interceptor chain, likely to avoid redundant or conflicting tracing operations."
https://github.com/HasinthakaPiyumal/AI-Pattern-Mining-Project/tree/main/notebooks/result/ms_repo_callgraph_clusters/train-ticket_java/cluster_189.java,Other,1.9161539575421114,"This Spring `@Configuration` class provides auto-configuration for a custom distributed tracing system, defining core components like a `Chainer` (tracer), `Sampler`, `ItemNamer`, `ItemReporter`, and `ItemAdjuster`. It leverages `@ConditionalOnMissingBean` to supply default implementations, including a `NeverSampler` and NO-OP reporters, ensuring a basic tracing setup is available unless explicitly overridden or disabled."
https://github.com/HasinthakaPiyumal/AI-Pattern-Mining-Project/tree/main/notebooks/result/ms_repo_callgraph_clusters/train-ticket_java/cluster_102.java,Other,1.440320679976008,"This Java code is a JUnit 4 test class designed to unit test the `VerifyCodeServiceImpl`. It utilizes stub implementations for `HttpServletRequest` and `HttpServletResponse` to isolate the service's `getImageCode` and `verifyCode` methods from a real servlet environment, asserting their basic functionality and return values."
https://github.com/HasinthakaPiyumal/AI-Pattern-Mining-Project/tree/main/notebooks/result/ms_repo_callgraph_clusters/train-ticket_java/cluster_179.java,Other,1.8600823956699715,"This code provides Spring Boot auto-configuration for web request tracing, defining beans to inject trace keys and manage HTTP spans. The `HTKInject` component specifically adds detailed HTTP request metadata (URL, host, path, method, and configured headers) as tags to tracing spans, enabling comprehensive monitoring of web interactions."
https://github.com/HasinthakaPiyumal/AI-Pattern-Mining-Project/tree/main/notebooks/result/ms_repo_callgraph_clusters/train-ticket_java/cluster_63.java,Other,1.6193975188567107,"This Java file is a JUnit 4 test class (`VerifyCodeServiceImplTest`) designed to verify the functionality of `VerifyCodeServiceImpl`. It manually mocks `HttpServletRequest` and `HttpServletResponse` with empty implementations to test methods like `getImageCode` and `verifyCode`, asserting basic return values."
https://github.com/HasinthakaPiyumal/AI-Pattern-Mining-Project/tree/main/notebooks/result/ms_repo_callgraph_clusters/train-ticket_java/cluster_101.java,Other,1.5890714375542256,"This Java code is a JUnit 4 test class for `VerifyCodeServiceImpl`, designed to verify its functionality for generating and validating verification codes. It employs extensively mocked `HttpServletRequest` and `HttpServletResponse` objects, stubbing most methods to return null or default values, to isolate and test the service's `getImageCode` and `verifyCode` methods."
https://github.com/HasinthakaPiyumal/AI-Pattern-Mining-Project/tree/main/notebooks/result/ms_repo_callgraph_clusters/train-ticket_java/cluster_157.java,Other,1.7837139978357808,"This code implements a Spring AOP advisor and interceptor (`SleuthAdvisorConfig`, `SleuthInterceptor`) to enable distributed tracing. It dynamically applies tracing logic, automatically creating new spans or continuing existing ones for methods, classes, or arguments annotated with `@NewSpan` or `@ContinueSpan`, while also handling event logging and error tagging."
https://github.com/HasinthakaPiyumal/AI-Pattern-Mining-Project/tree/main/notebooks/result/ms_repo_callgraph_clusters/train-ticket_java/cluster_103.java,Other,1.5887284971530602,"This Java code is a JUnit 4 test class designed to verify the functionality of `VerifyCodeServiceImpl`. It tests methods like `getImageCode` and `verifyCode`, employing extensive anonymous inner classes to mock `HttpServletRequest` and `HttpServletResponse` dependencies for isolated unit testing."
https://github.com/HasinthakaPiyumal/AI-Pattern-Mining-Project/tree/main/notebooks/result/ms_repo_callgraph_clusters/train-ticket_java/cluster_15.java,Other,1.8223186306037045,"This code primarily implements a custom distributed tracing and monitoring library, providing comprehensive instrumentation for Spring applications across web requests (client and server), asynchronous operations, scheduled tasks, and Hystrix commands. It leverages Spring AOP, Servlet filters, and various interceptors to automatically manage and propagate trace contexts (spans) using a `ThreadLocal`-based approach, alongside defining several core domain entities for a microservice architecture."
https://github.com/HasinthakaPiyumal/AI-Pattern-Mining-Project/tree/main/notebooks/result/ms_repo_callgraph_clusters/train-ticket_java/cluster_117.java,Data Model/ Domain design,1.1180226702595748,"This `Item` class models a distributed tracing span, encapsulating its lifecycle, unique identifiers (trace/span IDs), parent relationships, and associated metadata like tags, logs, and baggage. It leverages a builder pattern for construction and thread-safe collections, aligning with B3 propagation for microservice monitoring."
https://github.com/HasinthakaPiyumal/AI-Pattern-Mining-Project/tree/main/notebooks/result/ms_repo_callgraph_clusters/train-ticket_java/cluster_115.java,Business Logic,1.3029309229803738,"This code defines a Spring service (`PriceServiceImpl`) for managing price configurations, providing CRUD operations for `PriceConfig` entities based on route and train type. Additionally, it includes a comprehensive distributed tracing and metrics collection library that leverages Spring Boot auto-configuration, AOP, and SLF4J MDC to instrument various application components for trace context propagation and span reporting."
https://github.com/HasinthakaPiyumal/AI-Pattern-Mining-Project/tree/main/notebooks/result/ms_repo_callgraph_clusters/train-ticket_java/cluster_58.java,Other,1.4656665221802134,"This JUnit 4 test class validates the `VerifyCodeServiceImpl`, specifically its `getImageCode` and `verifyCode` methods. It employs a notable pattern of manually stubbing `HttpServletRequest` and `HttpServletResponse` interfaces with empty anonymous inner class implementations to isolate the service logic during testing."
https://github.com/HasinthakaPiyumal/AI-Pattern-Mining-Project/tree/main/notebooks/result/ms_repo_callgraph_clusters/train-ticket_java/cluster_146.java,Other,2.3699312040364253,"This `final` utility class, `ExceptionUtils`, provides static methods for logging warnings via Apache Commons Logging and retrieving exception messages. It notably implements a ""fail-fast"" mechanism, where a static `fail` flag can be set to force `warn` calls to throw and store an `IllegalStateException` for controlled error propagation or testing."
https://github.com/HasinthakaPiyumal/AI-Pattern-Mining-Project/tree/main/notebooks/result/ms_repo_callgraph_clusters/train-ticket_java/cluster_188.java,EDA,1.2859044560079516,This Spring Boot auto-configuration integrates distributed tracing into STOMP over WebSocket messaging. It achieves this by registering a custom `TCInter` interceptor on both inbound and outbound client channels to propagate tracing context (like trace and span IDs) across WebSocket messages.
https://github.com/HasinthakaPiyumal/AI-Pattern-Mining-Project/tree/main/notebooks/result/ms_repo_callgraph_clusters/train-ticket_java/cluster_67.java,Other,1.5402305891850572,"This JUnit 4 test class validates the `VerifyCodeServiceImpl`, specifically its `getImageCode` and `verifyCode` methods. It extensively uses anonymous inner classes to create minimal stub implementations of `HttpServletRequest` and `HttpServletResponse` for isolated unit testing of the verification code generation and validation logic."
https://github.com/HasinthakaPiyumal/AI-Pattern-Mining-Project/tree/main/notebooks/result/ms_repo_callgraph_clusters/train-ticket_java/cluster_77.java,Other,1.8247478989078603,"This Java file is a JUnit4 test class for `VerifyCodeServiceImpl`, verifying the functionality of its `getImageCode` and `verifyCode` methods. It extensively uses anonymous inner classes to manually mock `HttpServletRequest` and `HttpServletResponse` objects, providing stubbed implementations for testing the service in isolation."
https://github.com/HasinthakaPiyumal/AI-Pattern-Mining-Project/tree/main/notebooks/result/ms_repo_callgraph_clusters/train-ticket_java/cluster_138.java,Other,2.1988812803715656,"This Spring Boot `@ConfigurationProperties` class centralizes and structures configurable keys (tags) for distributed tracing or monitoring across various components like HTTP, messaging, Hystrix, async operations, and MVC. It uses nested static classes to logically group these keys, allowing customization via external configuration under the `spring.sleuth.keys` prefix."
https://github.com/HasinthakaPiyumal/AI-Pattern-Mining-Project/tree/main/notebooks/result/ms_repo_callgraph_clusters/train-ticket_java/cluster_17.java,Microservices Test,1.8965194361121465,"This Spring Boot integration test class, `WaitOrderApplicationTests`, verifies that the application context loads successfully. It leverages the `@SpringBootTest` annotation to bootstrap the full Spring application context, with an empty `contextLoads()` method serving as a basic check for context initialization without errors."
https://github.com/HasinthakaPiyumal/AI-Pattern-Mining-Project/tree/main/notebooks/result/ms_repo_callgraph_clusters/train-ticket_java/cluster_66.java,Other,1.5500223470799244,"This is a JUnit 4 test class for `VerifyCodeServiceImpl`, designed to verify its functionality. It manually mocks `HttpServletRequest` and `HttpServletResponse` with empty implementations to test methods like `getImageCode` (checking for a non-null return map and generated code) and `verifyCode` (asserting a specific verification outcome)."
https://github.com/HasinthakaPiyumal/AI-Pattern-Mining-Project/tree/main/notebooks/result/ms_repo_callgraph_clusters/train-ticket_java/cluster_105.java,Other,1.379322931851612,"This JUnit test class validates the `getImageCode` and `verifyCode` methods of `VerifyCodeServiceImpl`. It extensively uses manual mocking for `HttpServletRequest` and `HttpServletResponse` interfaces, providing empty implementations to isolate the service logic during testing."
https://github.com/HasinthakaPiyumal/AI-Pattern-Mining-Project/tree/main/notebooks/result/ms_repo_callgraph_clusters/train-ticket_java/cluster_136.java,Other,2.1644147623359635,"This Spring Boot `@ConfigurationProperties` class, `ChainKeys`, centralizes and externalizes the configuration of various keys (tags) used by Spring Sleuth for distributed tracing. It categorizes these customizable tracing keys for different application components, including HTTP requests, messages, Hystrix commands, asynchronous operations, and MVC controllers."
https://github.com/HasinthakaPiyumal/AI-Pattern-Mining-Project/tree/main/notebooks/result/ms_repo_callgraph_clusters/train-ticket_java/cluster_14.java,Other,1.9300120744860456,"This Spring `@Configuration` class provides auto-configuration for a distributed tracing system, defining core components like a `Chainer` (tracer), `Sampler`, `ItemNamer`, `ItemReporter`, and `Random` instance. It notably defaults to a `NeverSampler` and `NOItemReporter`, effectively disabling tracing and reporting unless explicitly overridden by other beans or properties."
https://github.com/HasinthakaPiyumal/AI-Pattern-Mining-Project/tree/main/notebooks/result/ms_repo_callgraph_clusters/train-ticket_java/cluster_94.java,Other,1.4822116870888813,"This JUnit 4 test class validates the `VerifyCodeServiceImpl`, specifically its `getImageCode` and `verifyCode` methods. It utilizes anonymous inner classes to mock `HttpServletRequest` and `HttpServletResponse` for isolated testing of the service's logic."
https://github.com/HasinthakaPiyumal/AI-Pattern-Mining-Project/tree/main/notebooks/result/ms_repo_callgraph_clusters/train-ticket_java/cluster_92.java,Other,1.7408024539800726,"This is a JUnit test class for `VerifyCodeServiceImpl`, designed to test its functionality for generating and verifying image-based verification codes. It notably employs extensive anonymous inner classes to mock `HttpServletRequest` and `HttpServletResponse` objects, allowing isolated testing of the service's `getImageCode` and `verifyCode` methods without a full servlet environment."
https://github.com/HasinthakaPiyumal/AI-Pattern-Mining-Project/tree/main/notebooks/result/ms_repo_callgraph_clusters/train-ticket_java/cluster_41.java,Data Model/ Domain design,2.2635098779293035,"This code defines two nearly identical data classes, `QueryInfo` and `OrderInfo`, which serve as parameter objects for filtering data. They encapsulate various query criteria (e.g., login ID, travel dates, bought dates, state) and provide explicit methods to dynamically enable or disable specific filtering dimensions."
https://github.com/HasinthakaPiyumal/AI-Pattern-Mining-Project/tree/main/notebooks/result/ms_repo_callgraph_clusters/train-ticket_java/cluster_114.java,Data Model/ Domain design,1.6878906864023508,"This Java class, `GetAccountByIdInfo`, serves as a simple data transfer object (DTO) within the `cancel` service, specifically designed to encapsulate an `accountId`. It leverages Lombok's `@Data` annotation to automatically generate boilerplate methods like getters, setters, and `equals`/`hashCode` for convenient data handling."
https://github.com/HasinthakaPiyumal/AI-Pattern-Mining-Project/tree/main/notebooks/result/ms_repo_callgraph_clusters/train-ticket_java/cluster_119.java,Other,2.2135430229984103,"This Spring Boot `@ConfigurationProperties` class, `ChainKeys`, defines a comprehensive set of configurable string keys for various monitoring and distributed tracing attributes, such as HTTP details, message payloads, Hystrix commands, and MVC controller information. It allows customization of the tags used by Spring Sleuth for different application components."
https://github.com/HasinthakaPiyumal/AI-Pattern-Mining-Project/tree/main/notebooks/result/ms_repo_callgraph_clusters/train-ticket_java/cluster_165.java,EDA,1.1285869070605177,"This code configures and implements distributed tracing context propagation for messaging systems. The `HBMInject` class specifically injects trace, span, parent IDs, sampling status, and baggage items into message headers, ensuring monitoring context is propagated across message boundaries using Spring's conditional bean registration."
https://github.com/HasinthakaPiyumal/AI-Pattern-Mining-Project/tree/main/notebooks/result/ms_repo_callgraph_clusters/train-ticket_java/cluster_3.java,Business Logic,2.104188962823282,"This extensive code collection represents a comprehensive microservices-based train ticket booking system. It encompasses functionalities from user authentication and management, route planning, and ticket reservation (including rebooking and cancellation) to payment processing, food delivery, consignment, and various administrative operations, with inter-service communication primarily via REST and RabbitMQ."
https://github.com/HasinthakaPiyumal/AI-Pattern-Mining-Project/tree/main/notebooks/result/ms_repo_callgraph_clusters/train-ticket_java/cluster_183.java,Other,2.2498348848889123,"This Spring Boot `@ConfigurationProperties` class (`spring.sleuth.web`) defines configurable settings for web instrumentation, allowing users to enable/disable tracing, customize a default URL skip pattern, and control client-side, asynchronous, and template-related tracing features."
https://github.com/HasinthakaPiyumal/AI-Pattern-Mining-Project/tree/main/notebooks/result/ms_repo_callgraph_clusters/train-ticket_java/cluster_159.java,Other,1.8376368836975059,"This Spring Boot auto-configuration class enables annotation-driven distributed tracing with Sleuth. It conditionally registers core components like a `SpanCreator`, `TagValueExpressionResolver` (leveraging SpEL), and `SleuthAdvisorConfig` to automatically create spans and resolve tags from annotated methods, integrating with an existing `Chainer` (tracer)."
https://github.com/HasinthakaPiyumal/AI-Pattern-Mining-Project/tree/main/notebooks/result/ms_repo_callgraph_clusters/train-ticket_java/cluster_76.java,Other,1.5779234495655685,This JUnit 4 test class verifies the functionality of `VerifyCodeServiceImpl` for generating and validating verification codes. It manually mocks `HttpServletRequest` and `HttpServletResponse` using anonymous inner classes to isolate and test methods like `getImageCode` and `verifyCode`.
https://github.com/HasinthakaPiyumal/AI-Pattern-Mining-Project/tree/main/notebooks/result/ms_repo_callgraph_clusters/train-ticket_java/cluster_69.java,Other,1.5627594774996791,"This JUnit 4 test class validates the `VerifyCodeServiceImpl`, specifically its `getImageCode` and `verifyCode` methods. It employs anonymous inner classes to create mock `HttpServletRequest` and `HttpServletResponse` objects with empty implementations, allowing for isolated unit testing of the service logic without a full servlet container."
https://github.com/HasinthakaPiyumal/AI-Pattern-Mining-Project/tree/main/notebooks/result/ms_repo_callgraph_clusters/train-ticket_java/cluster_150.java,Other,2.255824759005916,"This Java class defines configuration properties for Spring Sleuth metrics, allowing users to enable or disable metric collection and customize the names for ""accepted"" and ""dropped"" span counters. It leverages Spring's `@ConfigurationProperties` to bind external configuration values prefixed with `spring.sleuth.metric` to its fields, including a nested `Span` class for specific counter names."
https://github.com/HasinthakaPiyumal/AI-Pattern-Mining-Project/tree/main/notebooks/result/ms_repo_callgraph_clusters/train-ticket_java/cluster_147.java,Other,2.2678588125021495,"This `ExceptionUtils` class provides static utility methods for logging warnings and retrieving exception messages. Notably, it includes a configurable ""fail"" mode that, when enabled, converts logged warnings into thrown `IllegalStateException`s, primarily for testing or simulating failure conditions."
https://github.com/HasinthakaPiyumal/AI-Pattern-Mining-Project/tree/main/notebooks/result/ms_repo_callgraph_clusters/train-ticket_java/cluster_75.java,Other,1.5944762351549817,This Java file is a JUnit 4 test class (`VerifyCodeServiceImplTest`) dedicated to unit testing the `VerifyCodeServiceImpl`. It verifies methods like `getImageCode` and `verifyCode` by manually stubbing `HttpServletRequest` and `HttpServletResponse` objects to simulate web environment interactions without a full server context.
https://github.com/HasinthakaPiyumal/AI-Pattern-Mining-Project/tree/main/notebooks/result/ms_repo_callgraph_clusters/train-ticket_java/cluster_5.java,Business Logic,2.2232723484941115,"This code implements a comprehensive train ticket booking system, encompassing functionalities like managing train schedules, routes, prices, user accounts, and various order types (waitlist, regular, other). It leverages a microservice architecture with extensive RESTful API communication between specialized services and uses message queues for asynchronous notifications and delivery."
https://github.com/HasinthakaPiyumal/AI-Pattern-Mining-Project/tree/main/notebooks/result/ms_repo_callgraph_clusters/train-ticket_java/cluster_27.java,Data Model/ Domain design,1.6604416813434455,"This code defines three distinct Java enums (`Type`, `MoneyType`, `PaymentType`) that serve as strongly-typed enumerations for various categories within a system, such as train types, money transaction types, and payment methods. Each enum consistently associates a descriptive string name and an integer index with its members, providing a structured way to represent and retrieve these categorized values."
https://github.com/HasinthakaPiyumal/AI-Pattern-Mining-Project/tree/main/notebooks/result/ms_repo_callgraph_clusters/train-ticket_java/cluster_43.java,Data Model/ Domain design,2.2967422755644904,"These two nearly identical Java classes, `QueryInfo` and `OrderInfo`, serve as data transfer objects (DTOs) for encapsulating various query parameters. They provide a structured way to define and enable/disable filters based on login ID, travel dates, bought dates, and order state, utilizing boolean flags and Lombok's `@Data` annotation for conciseness."
https://github.com/HasinthakaPiyumal/AI-Pattern-Mining-Project/tree/main/notebooks/result/ms_repo_callgraph_clusters/train-ticket_java/cluster_71.java,Other,1.8453385077409379,"This code is a JUnit 4 test class for `VerifyCodeServiceImpl`, designed to verify its `getImageCode` and `verifyCode` functionalities. It extensively uses anonymous inner classes to create stubbed `HttpServletRequest` and `HttpServletResponse` objects, enabling isolated testing of the service methods without a full servlet environment."
https://github.com/HasinthakaPiyumal/AI-Pattern-Mining-Project/tree/main/notebooks/result/ms_repo_callgraph_clusters/train-ticket_java/cluster_112.java,Data Model/ Domain design,1.8337580825757556,"This Java class, `GetOrderByIdInfo`, is a simple data transfer object (DTO) designed to encapsulate a single `orderId` string. It leverages Lombok's `@Data` annotation to automatically generate boilerplate code like getters, setters, and `equals`/`hashCode` for convenient use in identifying specific orders, likely within a cancellation service."
https://github.com/HasinthakaPiyumal/AI-Pattern-Mining-Project/tree/main/notebooks/result/ms_repo_callgraph_clusters/train-ticket_java/cluster_173.java,Other,1.8323977223069234,"This deprecated `Callable` wrapper, `TCCall`, instruments asynchronous tasks by continuing a parent distributed tracing span into the task's execution and detaching it upon completion, ensuring trace context propagation across asynchronous boundaries."
https://github.com/HasinthakaPiyumal/AI-Pattern-Mining-Project/tree/main/notebooks/result/ms_repo_callgraph_clusters/train-ticket_java/cluster_51.java,Microservices Security,1.7924782459123643,"This Spring Boot `RestController` (`UserController`) provides a comprehensive set of RESTful API endpoints for user management, enabling operations such as retrieving all users, finding users by ID or username, registering new users, updating existing ones, and deleting users. It delegates all business logic to an injected `UserService`, consistently returning `ResponseEntity<Response>` and logging actions for each operation."
https://github.com/HasinthakaPiyumal/AI-Pattern-Mining-Project/tree/main/notebooks/result/ms_repo_callgraph_clusters/train-ticket_java/cluster_152.java,Other,2.0151000797223664,"This Spring `@Configuration` class conditionally configures an `ItemMetricReporter` for tracing spans, dynamically choosing between a `CounterService`-backed implementation (if Spring Boot Actuator is present) or a no-op reporter. It manages metric activation based on environment properties, including a deprecated one, to control its overall enablement."
https://github.com/HasinthakaPiyumal/AI-Pattern-Mining-Project/tree/main/notebooks/result/ms_repo_callgraph_clusters/train-ticket_java/cluster_97.java,Other,1.4620791433933435,"This JUnit 4 test class validates the `VerifyCodeServiceImpl` by testing its `getImageCode` and `verifyCode` methods. It utilizes anonymous inner classes to create mock `HttpServletRequest` and `HttpServletResponse` objects, with all methods returning default null or empty values, to isolate the service logic during testing."
https://github.com/HasinthakaPiyumal/AI-Pattern-Mining-Project/tree/main/notebooks/result/ms_repo_callgraph_clusters/train-ticket_java/cluster_80.java,Other,1.4518890832712377,"This JUnit 4 test class validates the `VerifyCodeServiceImpl`, specifically its `getImageCode` and `verifyCode` methods. It employs a manual mocking strategy, providing anonymous inner class implementations for `HttpServletRequest` and `HttpServletResponse` with all methods stubbed to facilitate isolated unit testing of the service's core logic."
https://github.com/HasinthakaPiyumal/AI-Pattern-Mining-Project/tree/main/notebooks/result/ms_repo_callgraph_clusters/ita-challenges-backend_java/cluster_11.java,Other,1.3720563701528448,"This Spring Boot microservice acts as a centralized API documentation aggregator, fetching OpenAPI specifications from other internal microservices (challenge, auth, user) via Spring Cloud OpenFeign. It employs Resilience4j's Circuit Breaker for fault tolerance, providing fallback API documentation when dependent services are unavailable, and consolidates these into a single, accessible endpoint."
https://github.com/HasinthakaPiyumal/AI-Pattern-Mining-Project/tree/main/notebooks/result/ms_repo_callgraph_clusters/ita-challenges-backend_java/cluster_19.java,Other,1.1462065060981117,"This file primarily defines several custom Spring/Jakarta Bean Validation annotations (`@ValidGithubUsername`, `@GenericUUIDValid`, `@ValidUUID`, `@ValidGenericPattern`) to enforce specific data formats like GitHub usernames and UUIDs using custom validators. It also includes a `MockMvc` test for an `ApiDocsController`, verifying that a request to `/api-docs/all` correctly redirects to `/api-docs`."
https://github.com/HasinthakaPiyumal/AI-Pattern-Mining-Project/tree/main/notebooks/result/ms_repo_callgraph_clusters/ita-challenges-backend_java/cluster_9.java,Business Logic,1.7761073059465688,"This Spring Boot microservice, named `itachallenge-document`, provides document-related functionality within a larger system. It registers itself with a service discovery server and uses Feign clients for declarative HTTP communication with other microservices."
https://github.com/HasinthakaPiyumal/AI-Pattern-Mining-Project/tree/main/notebooks/result/ms_repo_callgraph_clusters/ita-challenges-backend_java/cluster_25.java,Other,1.956258961862531,"This Spring configuration enables caching and provides a custom `CacheManager` that creates `CustomCache` instances. These custom caches implement a time-to-live (TTL) mechanism, automatically expiring entries after 10 minutes to prevent serving stale data."
https://github.com/HasinthakaPiyumal/AI-Pattern-Mining-Project/tree/main/notebooks/result/ms_repo_callgraph_clusters/ita-challenges-backend_java/cluster_44.java,Other,1.0768654381550606,"This code implements and thoroughly tests custom data validation logic using `jakarta.validation.ConstraintValidator`. It specifically validates string formats like MongoDB ObjectIds (via regex) and GitHub usernames, alongside a basic check for non-null `java.util.UUID` objects, demonstrating robust pattern matching and custom error message handling."
https://github.com/HasinthakaPiyumal/AI-Pattern-Mining-Project/tree/main/notebooks/result/ms_repo_callgraph_clusters/ita-challenges-backend_java/cluster_13.java,Other,1.9971535492897408,This Java code defines a custom `SubmissionNotFoundException` that extends `RuntimeException`. Its sole purpose is to provide a specific unchecked exception to signal when a requested submission cannot be found within the application.
https://github.com/HasinthakaPiyumal/AI-Pattern-Mining-Project/tree/main/notebooks/result/ms_repo_callgraph_clusters/ita-challenges-backend_java/cluster_26.java,Other,2.021726681745093,"This Spring configuration enables caching and provides a custom in-memory `CacheManager` and `Cache` implementation. It specifically implements a time-to-live (TTL) mechanism, automatically expiring cache entries after 10 minutes by tracking their insertion time."
https://github.com/HasinthakaPiyumal/AI-Pattern-Mining-Project/tree/main/notebooks/result/ms_repo_callgraph_clusters/ita-challenges-backend_java/cluster_10.java,Business Logic,1.6522115078068575,"This file contains multiple Spring Boot application entry points, each representing a distinct microservice within the `itachallenge` project (e.g., document, authentication, core backend, mock services). These microservices are primarily configured for service discovery (`@EnableDiscoveryClient`), with some also utilizing Feign clients for inter-service communication or importing specific configurations like GitHub service integration."
https://github.com/HasinthakaPiyumal/AI-Pattern-Mining-Project/tree/main/notebooks/result/ms_repo_callgraph_clusters/ita-challenges-backend_java/cluster_33.java,Microservices Test,1.8332795453916206,"This JUnit 5 test class, `UUIDValidatorTest`, verifies the functionality of the `UUIDValidator`. It specifically tests the `isValid` method, asserting that it correctly returns `false` for null UUID inputs and `true` for valid, randomly generated UUIDs."
https://github.com/HasinthakaPiyumal/AI-Pattern-Mining-Project/tree/main/notebooks/result/ms_repo_callgraph_clusters/ita-challenges-backend_java/cluster_6.java,Microservices Test,1.0168155556535212,"This code file primarily comprises comprehensive unit and integration tests for a reactive Spring WebFlux microservice that manages programming challenges, user interactions (bookmarks, favorites), and integrations with external services like GitHub. It showcases extensive use of Project Reactor for asynchronous operations and employs `MockWebServer`, `WebTestClient`, and `Testcontainers` for robust testing of reactive data persistence and inter-service communication."
https://github.com/HasinthakaPiyumal/AI-Pattern-Mining-Project/tree/main/notebooks/result/ms_repo_callgraph_clusters/ita-challenges-backend_java/cluster_39.java,Other,1.8698115887019764,"This Spring Boot configuration class uses `@ConfigurationProperties` to externalize and bind the `server.tomcat.maxHttpFormPostSize` property, allowing dynamic control over the maximum size of HTTP POST form data accepted by the embedded Tomcat server."
https://github.com/HasinthakaPiyumal/AI-Pattern-Mining-Project/tree/main/notebooks/result/ms_repo_callgraph_clusters/ita-challenges-backend_java/cluster_12.java,Other,2.1366097568989284,"This Spring `@Controller` defines a single GET endpoint `/api-docs/all`. Its primary function is to redirect requests from this specific path to the more general `/api-docs` endpoint, likely consolidating access to API documentation."
https://github.com/HasinthakaPiyumal/AI-Pattern-Mining-Project/tree/main/notebooks/result/ms_repo_callgraph_clusters/ita-challenges-backend_java/cluster_35.java,Microservices Security,2.3471394647549637,"This code defines the main entry point for a Spring Boot authentication microservice (`itachallenge-auth`), enabling service discovery and explicitly integrating a `jwtcore` module for centralized JWT handling."
https://github.com/HasinthakaPiyumal/AI-Pattern-Mining-Project/tree/main/notebooks/result/ms_repo_callgraph_clusters/ita-challenges-backend_java/cluster_1.java,Microservices Security,2.376578366461167,"This code provides a Spring `@Service` for comprehensive JSON Web Token (JWT) management, handling token generation with user details (username, role, UUID), validation, and extraction of claims from incoming tokens. It leverages the `io.jsonwebtoken` library and includes extensive JUnit tests to ensure robust functionality and error handling for various token states."
https://github.com/HasinthakaPiyumal/AI-Pattern-Mining-Project/tree/main/notebooks/result/ms_repo_callgraph_clusters/ita-challenges-backend_java/cluster_34.java,Other,1.4643377539920026,"This code defines two distinct but structurally identical Java enums, `ChallengeStatus` and `SubmissionStatus`, which enumerate possible states for challenges and submissions (e.g., `SUBMITTED_COMPLETE`, `IN_PROGRESS`). Both enums provide static factory methods to convert a case-insensitive string into its corresponding enum instance, differing in their error handling for invalid input."
https://github.com/HasinthakaPiyumal/AI-Pattern-Mining-Project/tree/main/notebooks/result/ms_repo_callgraph_clusters/ita-challenges-backend_java/cluster_37.java,Microservices Security,1.2747758904005133,"This DTO defines the request payload for an administrator to create a new user, utilizing Lombok for boilerplate reduction and Jakarta Bean Validation to enforce that the `username` field is not blank."
https://github.com/HasinthakaPiyumal/AI-Pattern-Mining-Project/tree/main/notebooks/result/ms_repo_callgraph_clusters/ita-challenges-backend_java/cluster_42.java,Other,1.9692661737521668,"This Spring `@Configuration` file customizes the Spring Data MongoDB `MappingMongoConverter` bean. Its core function is to disable the automatic insertion of the `_class` attribute into MongoDB documents, ensuring cleaner data persistence by preventing type information from being stored directly in the database."
https://github.com/HasinthakaPiyumal/AI-Pattern-Mining-Project/tree/main/notebooks/result/ms_repo_callgraph_clusters/ita-challenges-backend_java/cluster_24.java,Other,1.2503071176294522,"This code defines Data Transfer Objects (DTOs) for structured API error responses and provides a comprehensive test suite for an `ErrorResponseBuilder` that centralizes the conversion of various exceptions into these standardized responses. It consistently leverages Lombok, Jackson, and `jakarta.validation` for efficient data representation, JSON serialization, and robust input validation across multiple microservice DTOs."
https://github.com/HasinthakaPiyumal/AI-Pattern-Mining-Project/tree/main/notebooks/result/ms_repo_callgraph_clusters/ita-challenges-backend_java/cluster_23.java,Other,2.413714018797378,"This abstract `BaseApiException` serves as the foundational class for all user-facing API exceptions, extending `RuntimeException`. It standardizes error responses by encapsulating an `ApiCustomErrorInfo` object, which holds details like HTTP status, an i18n message key, and optional arguments for consistent error handling."
https://github.com/HasinthakaPiyumal/AI-Pattern-Mining-Project/tree/main/notebooks/result/ms_repo_callgraph_clusters/ita-challenges-backend_java/cluster_22.java,Other,1.6660840365885852,"This `GenericResultDto` is a generic Java DTO designed to standardize paginated API responses, encapsulating an array of results (`T[]`) along with pagination metadata such as offset, limit, and total count. It uses Lombok for boilerplate and is marked as a Spring `@Component`, providing a flexible structure for various data types."
https://github.com/HasinthakaPiyumal/AI-Pattern-Mining-Project/tree/main/notebooks/result/ms_repo_callgraph_clusters/ita-challenges-backend_java/cluster_29.java,Other,1.1271365741106254,"This Java enum defines a comprehensive list of programming challenge topics, such as ""Components"" or ""React Router"", each associated with a user-friendly display name. It provides utility methods for retrieving these display names and for robustly converting a display name string back into its corresponding enum constant."
https://github.com/HasinthakaPiyumal/AI-Pattern-Mining-Project/tree/main/notebooks/result/ms_repo_callgraph_clusters/ita-challenges-backend_java/cluster_38.java,Other,1.9004528467653166,"This Spring `@Configuration` class customizes the embedded Tomcat server, specifically setting the maximum allowed size for HTTP POST requests and saved POST data. It achieves this by injecting a configurable property and applying it to the Tomcat connector via a `WebServerFactoryCustomizer` bean."
https://github.com/HasinthakaPiyumal/AI-Pattern-Mining-Project/tree/main/notebooks/result/ms_repo_callgraph_clusters/ita-challenges-backend_java/cluster_28.java,Microservices Test,2.0228975364845687,This JUnit 5 test file validates the `ErrorResponseBuilder`'s functionality in constructing standardized `APIErrorResponse` objects from various Spring and Jakarta validation exceptions. It specifically tests the builder's ability to extract relevant error details and resolve localized messages using a real `ReloadableResourceBundleMessageSource`.
https://github.com/HasinthakaPiyumal/AI-Pattern-Mining-Project/tree/main/notebooks/result/ms_repo_callgraph_clusters/ita-challenges-backend_java/cluster_15.java,Other,1.496690938902919,"This Spring configuration class centralizes OpenAPI documentation for the ""ITA Challenges"" microservices. It dynamically retrieves individual Swagger specifications for challenge, user, and authentication services, parses them, and combines them into a single `OpenAPI` object by embedding them as extensions for unified access."
https://github.com/HasinthakaPiyumal/AI-Pattern-Mining-Project/tree/main/notebooks/result/ms_repo_callgraph_clusters/ita-challenges-backend_java/cluster_14.java,Business Logic,0.9990305774481061,"This Spring `@Service` centralizes the retrieval and exposure of Swagger documentation from multiple backend microservices (challenge, user, auth) by fetching their OpenAPI specifications through dedicated client proxies. It acts as an API gateway for accessing the aggregated API documentation of these services."
https://github.com/HasinthakaPiyumal/AI-Pattern-Mining-Project/tree/main/notebooks/result/ms_repo_callgraph_clusters/ita-challenges-backend_java/cluster_32.java,Microservices Test,1.9795850894818652,"This file is an integration test suite for a Spring Boot application's `GlobalExceptionHandler`. It systematically verifies that the handler correctly processes a wide range of exceptions, including validation errors, type mismatches, and custom API exceptions, ensuring appropriate HTTP status codes and structured `APIErrorResponse` bodies are returned."
https://github.com/HasinthakaPiyumal/AI-Pattern-Mining-Project/tree/main/notebooks/result/ms_repo_callgraph_clusters/ita-challenges-backend_java/cluster_41.java,Other,1.3447661840704803,"This Spring `@Configuration` class registers a `ContentLengthFilter` as a web filter, specifically applying it to all requests under the `/itachallenge/api/v1/user/solution/*` endpoint. This setup likely enforces or processes content length requirements for API calls related to user solutions."
https://github.com/HasinthakaPiyumal/AI-Pattern-Mining-Project/tree/main/notebooks/result/ms_repo_callgraph_clusters/ita-challenges-backend_java/cluster_18.java,Microservices Test,1.7995043474894745,"This code comprises a comprehensive suite of unit and integration tests for a microservices backend, validating functionalities across authentication, user management, challenge handling, submissions, and API documentation. It extensively leverages Spring Boot testing utilities, Mockito for dependency mocking, and Testcontainers with MongoDB for robust persistence and API endpoint validation."
https://github.com/HasinthakaPiyumal/AI-Pattern-Mining-Project/tree/main/notebooks/result/ms_repo_callgraph_clusters/ita-challenges-backend_java/cluster_27.java,Other,1.9221547560260608,"This Spring configuration enables caching and defines a custom `CacheManager` that provides a `CustomCache` implementation. This custom cache extends `ConcurrentMapCache` to implement a time-to-live (TTL) eviction strategy, automatically expiring entries after 10 minutes."
https://github.com/HasinthakaPiyumal/AI-Pattern-Mining-Project/tree/main/notebooks/result/ms_repo_callgraph_clusters/ita-challenges-backend_java/cluster_43.java,Other,2.3336204382617804,"This Spring `@RestControllerAdvice` class provides a centralized, global exception handling mechanism for a REST API. It maps various application and system exceptions, including custom `BaseApiException`s, validation errors, and data binding issues, to appropriate HTTP status codes and standardized `APIErrorResponse` DTOs using an `ErrorResponseBuilder`."
https://github.com/HasinthakaPiyumal/AI-Pattern-Mining-Project/tree/main/notebooks/result/ms_repo_callgraph_clusters/ita-challenges-backend_java/cluster_0.java,Microservices Test,1.2805763107214885,"This integration test verifies the `TestDatabaseInitializer`'s ability to execute and roll back database changes within a real MongoDB environment. It leverages Testcontainers to provision an ephemeral MongoDB instance and asserts that a collection is created and then successfully removed after a rollback operation, utilizing reactive streams for asynchronous MongoDB interactions."
https://github.com/HasinthakaPiyumal/AI-Pattern-Mining-Project/tree/main/notebooks/result/ms_repo_callgraph_clusters/springboot-kafka-microservices_java/cluster_11.java,Microservices Security,2.7537229593428507,"This Spring Boot identity service provides REST APIs for user registration, login, and JWT-based authentication. It integrates Spring Security with a custom JWT filter to generate, validate, and parse tokens, managing user roles and permissions for secure access via cookies."
https://github.com/HasinthakaPiyumal/AI-Pattern-Mining-Project/tree/main/notebooks/result/ms_repo_callgraph_clusters/springboot-kafka-microservices_java/cluster_19.java,Microservices Security,2.676946451821189,"This Spring Cloud Gateway filter implements JWT-based role and permission access control by extracting and validating a token from request cookies. It authorizes requests by comparing the user's extracted roles and permissions against configured requirements, returning a standardized JSON error response for unauthorized access."
https://github.com/HasinthakaPiyumal/AI-Pattern-Mining-Project/tree/main/notebooks/result/ms_repo_callgraph_clusters/springboot-kafka-microservices_java/cluster_31.java,Microservices Security,2.6428178668858666,"This Spring Security configuration establishes a stateless, JWT-based authentication mechanism for an identity service. It defines public API endpoints for authentication and Swagger, secures all other requests, and integrates custom handlers for authentication failures and access denials."
https://github.com/HasinthakaPiyumal/AI-Pattern-Mining-Project/tree/main/notebooks/result/ms_repo_callgraph_clusters/springboot-kafka-microservices_java/cluster_25.java,Microservices Security,2.081830967107086,"This `CustomUserDetails` class implements Spring Security's `UserDetails` interface, providing a custom representation of an authenticated user for the `identity_service`. It includes a static `build` method to construct user details from a `UserCredential` entity, mapping user roles and permissions into `GrantedAuthority` objects and a set of permission strings for authorization."
https://github.com/HasinthakaPiyumal/AI-Pattern-Mining-Project/tree/main/notebooks/result/ms_repo_callgraph_clusters/springboot-kafka-microservices_java/cluster_21.java,Microservices Security,1.4585314694903084,"This Spring `@Service` implementation (`UserServiceImpl`) retrieves user credentials by username from a `UserCredentialRepository`. It then maps the found `UserCredential` entity to a `UserDto` using `ModelMapper`, returning `null` if the user is not found."
https://github.com/HasinthakaPiyumal/AI-Pattern-Mining-Project/tree/main/notebooks/result/ms_repo_callgraph_clusters/springboot-kafka-microservices_java/cluster_13.java,Business Logic,1.4961293329800047,"This code implements core functionalities for an e-commerce microservices system, orchestrating order placement, product stock updates, payment processing, and email notifications. It heavily relies on Apache Kafka for asynchronous, event-driven communication between services and utilizes Redis for caching and optimistic locking for concurrent data management."
https://github.com/HasinthakaPiyumal/AI-Pattern-Mining-Project/tree/main/notebooks/result/ms_repo_callgraph_clusters/springboot-kafka-microservices_java/cluster_26.java,Microservices Security,2.0434749094812896,"This class implements Spring Security's `UserDetails` interface, serving as a custom user principal for an identity service. It encapsulates user authentication details (username, password) and authorization information (roles as `GrantedAuthority` and explicit permissions), primarily built from a `UserCredential` entity via a static factory method."
https://github.com/HasinthakaPiyumal/AI-Pattern-Mining-Project/tree/main/notebooks/result/ms_repo_callgraph_clusters/springboot-kafka-microservices_java/cluster_10.java,Microservices Test,1.1726295185024684,"This JUnit 5 test file, `ProductServiceImplTest`, unit tests the `ProductServiceImpl` class, verifying its `saveProduct` and `getProductById` methods. It uses Mockito to mock dependencies like `ProductRepository`, `ModelMapper`, `ProductRedis`, and `CloudinaryService`, covering scenarios such as successful operations, exception handling, and product retrieval from cache or database."
https://github.com/HasinthakaPiyumal/AI-Pattern-Mining-Project/tree/main/notebooks/result/ms_repo_callgraph_clusters/springboot-kafka-microservices_java/cluster_33.java,Data Model/ Domain design,1.3285399834932343,"This code defines a comprehensive set of JPA entity classes across multiple microservices (identity, order, product, payment) to model their respective domain data. It leverages JPA annotations for object-relational mapping, including complex relationships like ManyToMany and OneToMany, and Lombok for concise boilerplate code."
https://github.com/HasinthakaPiyumal/AI-Pattern-Mining-Project/tree/main/notebooks/result/ms_repo_callgraph_clusters/springboot-kafka-microservices_java/cluster_2.java,Data Model/ Domain design,1.314958857704323,"This Java code implements the State design pattern to manage the lifecycle of an `Order` object. It initializes an `OrderContext` with a specific `OrderState` (e.g., `NewOrderState`, `ProcessingOrderState`) based on the order's current status and delegates state-specific behavior, like `handleStateChange`, to the active state object."
https://github.com/HasinthakaPiyumal/AI-Pattern-Mining-Project/tree/main/notebooks/result/ms_repo_callgraph_clusters/springboot-kafka-microservices_java/cluster_6.java,Business Logic,1.461192989535232,"This code defines two distinct Spring Boot microservice applications: an `EmailService` and an `ApiGateway`. Both services explicitly disable database auto-configuration, with the `EmailService` additionally configured for declarative REST client communication via Feign, caching, and asynchronous operations."
https://github.com/HasinthakaPiyumal/AI-Pattern-Mining-Project/tree/main/notebooks/result/ms_repo_callgraph_clusters/springboot-kafka-microservices_java/cluster_12.java,Data Model/ Domain design,1.166968500790188,"This `AbstractEntity` serves as a `@MappedSuperclass` providing common JPA entity fields such as `createdAt`, `updatedAt`, and `version` for optimistic locking. It automatically manages these timestamps and the version number using `@PrePersist` and `@PreUpdate` lifecycle callbacks, standardizing auditing and concurrency control across inheriting entities."
https://github.com/HasinthakaPiyumal/AI-Pattern-Mining-Project/tree/main/notebooks/result/ms_repo_callgraph_clusters/springboot-kafka-microservices_java/cluster_35.java,Data Model/ Domain design,1.222672844208632,"This code defines two JPA `AttributeConverter` implementations, `RoleConverter` and `PaymentStatusConverter`, which automatically handle the bidirectional conversion between Java enum types (like `ERole` and `PaymentStatus`) and their String representations for database persistence. It uses `switch` expressions for robust string-to-enum mapping and `getLabel()` for enum-to-string conversion."
https://github.com/HasinthakaPiyumal/AI-Pattern-Mining-Project/tree/main/notebooks/result/ms_repo_callgraph_clusters/springboot-kafka-microservices_java/cluster_1.java,Microservices Test,2.01058939554927,"This file contains a collection of boilerplate Spring Boot test classes for multiple microservices (e.g., service registry, identity, order, payment, API gateway). Each class, using `@SpringBootTest`, verifies that its respective application context loads successfully, serving as a fundamental integration test."
https://github.com/HasinthakaPiyumal/AI-Pattern-Mining-Project/tree/main/notebooks/result/ms_repo_callgraph_clusters/springboot-kafka-microservices_java/cluster_34.java,Data Model/ Domain design,1.2868042222639455,"This file defines two JPA `AttributeConverter` implementations, `RoleConverter` and `PaymentStatusConverter`, which facilitate storing `ERole` and `PaymentStatus` enums as their string labels in the database and converting them back to enum instances upon retrieval. These converters automatically apply, handling null values and throwing exceptions for unknown string representations."
https://github.com/HasinthakaPiyumal/AI-Pattern-Mining-Project/tree/main/notebooks/result/ms_repo_callgraph_clusters/springboot-kafka-microservices_java/cluster_24.java,Microservices Security,2.0920179815368796,"This `CustomUserDetails` class implements Spring Security's `UserDetails` interface, serving as a security principal for user authentication and authorization within the identity service. It encapsulates user credentials, roles (as `GrantedAuthority`), and specific permissions, providing a static `build` method to construct itself from a `UserCredential` entity by mapping its roles and permissions."
https://github.com/HasinthakaPiyumal/AI-Pattern-Mining-Project/tree/main/notebooks/result/ms_repo_callgraph_clusters/springboot-kafka-microservices_java/cluster_22.java,Microservices Security,2.625911848822957,"This Spring Cloud Gateway filter enforces role-based and permission-based access control by extracting a JWT token from request cookies, validating it, and then verifying if the user's roles and permissions match the configured requirements for the route. If authorization fails, it returns an appropriate HTTP error response (401 Unauthorized or 403 Forbidden)."
https://github.com/HasinthakaPiyumal/AI-Pattern-Mining-Project/tree/main/notebooks/result/ms_repo_callgraph_clusters/springboot-kafka-microservices_java/cluster_29.java,Microservices Security,1.8616496258629898,"This `CustomUserDetails` class implements Spring Security's `UserDetails` interface, serving as a comprehensive representation of an authenticated user within an identity service. It features a static `build` method that constructs user details from a `UserCredential` entity, mapping user roles to `GrantedAuthority` objects and explicit permissions to a set of strings for authorization purposes."
https://github.com/HasinthakaPiyumal/AI-Pattern-Mining-Project/tree/main/notebooks/result/ms_repo_callgraph_clusters/springboot-kafka-microservices_java/cluster_40.java,Business Logic,1.3193427554016997,"This code implements core functionalities for an e-commerce microservice system, managing orders, products, and payments via RESTful APIs. It extensively utilizes Spring Boot, Redis for caching, Kafka for event-driven communication, optimistic locking for concurrency, and a State pattern for order status transitions."
https://github.com/HasinthakaPiyumal/AI-Pattern-Mining-Project/tree/main/notebooks/result/ms_repo_callgraph_clusters/springboot-kafka-microservices_java/cluster_36.java,Microservices Security,1.5673896889691301,"This Java enum, `ERole`, defines the distinct user roles (ADMINISTRATOR, EMPLOYEE, CUSTOMER) for an identity service. It leverages Lombok to provide a constructor and getter for a human-readable label associated with each role."
https://github.com/HasinthakaPiyumal/AI-Pattern-Mining-Project/tree/main/notebooks/result/ms_repo_callgraph_clusters/springboot-kafka-microservices_java/cluster_28.java,Microservices Security,2.5694870195925494,"This Spring Cloud Gateway filter implements role and permission-based access control by extracting and validating a JWT token from request cookies. It then checks if the user's roles and permissions, derived from the token, meet the configured requirements for the specific route, returning unauthorized or forbidden responses if access is denied."
https://github.com/HasinthakaPiyumal/AI-Pattern-Mining-Project/tree/main/notebooks/result/ms_repo_callgraph_clusters/springboot-kafka-microservices_java/cluster_15.java,Microservices Security,2.62931756783166,"This Spring Cloud Gateway filter enforces role and permission-based access control by extracting and validating JWT tokens from request cookies. It checks if the user's roles and permissions, extracted from the token, match the configured requirements for the route, returning a custom JSON error response if authorization fails."
https://github.com/HasinthakaPiyumal/AI-Pattern-Mining-Project/tree/main/notebooks/result/ms_repo_callgraph_clusters/springboot-kafka-microservices_java/cluster_4.java,Business Logic,0.9122513976042657,"This code defines Spring `@Configuration` classes in both an `order_service` and an `api_gateway` module. Its primary function is to expose a `RestTemplate` bean, a synchronous HTTP client, for making external service calls within each respective application context."
https://github.com/HasinthakaPiyumal/AI-Pattern-Mining-Project/tree/main/notebooks/result/ms_repo_callgraph_clusters/springboot-kafka-microservices_java/cluster_17.java,Business Logic,1.3974745747376174,"This code defines core services for a microservices application, primarily handling user identity management (registration, authentication with JWT, roles) and a robust product catalog. The product service includes comprehensive CRUD operations for products, variants, attributes, and hierarchical categories, leveraging Redis for caching and Cloudinary for image storage."
https://github.com/HasinthakaPiyumal/AI-Pattern-Mining-Project/tree/main/notebooks/result/ms_repo_callgraph_clusters/springboot-kafka-microservices_java/cluster_14.java,Microservices Security,2.4498273464039584,"This Spring Cloud Gateway filter intercepts incoming requests to perform JWT-based authentication. It validates tokens extracted from cookies for secured routes, returning a custom JSON error response for unauthorized access or missing tokens."
https://github.com/HasinthakaPiyumal/AI-Pattern-Mining-Project/tree/main/notebooks/result/ms_repo_callgraph_clusters/springboot-kafka-microservices_java/cluster_18.java,Other,1.4056523768881821,"This code defines Spring configuration classes for multiple microservices, primarily setting up Redis connections and `RedisTemplate` instances with `GenericJackson2JsonRedisSerializer` for JSON-based data caching, and also configuring a `JavaMailSender` for email functionality. It consistently uses `@Value` annotations to externalize connection details for both Redis and SMTP."
https://github.com/HasinthakaPiyumal/AI-Pattern-Mining-Project/tree/main/notebooks/result/ms_repo_callgraph_clusters/springboot-kafka-microservices_java/cluster_3.java,Data Model/ Domain design,1.971733136127699,"This Java DTO defines the structure for a product creation request, encapsulating fields like name, description, price, stock quantity, and an optional image file. It extensively uses Lombok for boilerplate reduction and Jakarta Bean Validation annotations to enforce data integrity constraints on incoming product data."
https://github.com/HasinthakaPiyumal/AI-Pattern-Mining-Project/tree/main/notebooks/result/ms_repo_callgraph_clusters/springboot-kafka-microservices_java/cluster_30.java,Business Logic,1.3596021181777944,"This code defines a suite of interconnected microservices for an e-commerce platform, handling identity management with JWT authentication, comprehensive order processing (including stock validation, payment integration, and status updates with Redis caching), and product catalog management (for products, categories, and variants). It leverages Spring Boot, ModelMapper for DTO conversions, Redis for caching, and Kafka for asynchronous event-driven communication between services."
https://github.com/HasinthakaPiyumal/AI-Pattern-Mining-Project/tree/main/notebooks/result/ms_repo_callgraph_clusters/springboot-kafka-microservices_java/cluster_27.java,Microservices Security,1.6506415516044148,"This `CustomUserDetails` class implements Spring Security's `UserDetails` interface, serving as a security principal to encapsulate user authentication and authorization information, including roles and specific permissions. It provides a static `build` method to construct itself from a `UserCredential` entity, mapping its roles and permissions into `GrantedAuthority` objects and a set of permission strings for fine-grained access control."
https://github.com/HasinthakaPiyumal/AI-Pattern-Mining-Project/tree/main/notebooks/result/ms_repo_callgraph_clusters/acmeair_java/cluster_11.java,Other,1.5855434783595956,"This `MapGridAgent` for WebSphere eXtreme Scale efficiently performs a distributed `putAll` operation. It processes a pre-partitioned map of objects, iterating through entries belonging to a specific grid partition and using `upsert` to insert or update them directly on the server, minimizing network overhead."
https://github.com/HasinthakaPiyumal/AI-Pattern-Mining-Project/tree/main/notebooks/result/ms_repo_callgraph_clusters/acmeair_java/cluster_53.java,Other,0.9301312946976819,"This code provides two distinct functionalities for the Acme Air project: `MongoConnectionManager` establishes and manages singleton connections to a MongoDB database, dynamically configuring client options from properties or cloud environment variables (VCAP_SERVICES) and providing Morphia `Datastore` instances. Separately, `ReportGenerator` is a command-line utility that parses JMeter and Nmon performance logs, calculating statistics and generating comprehensive HTML reports with charts using Apache Velocity."
https://github.com/HasinthakaPiyumal/AI-Pattern-Mining-Project/tree/main/notebooks/result/ms_repo_callgraph_clusters/acmeair_java/cluster_56.java,Data Model/ Domain design,1.445341732159259,"These files define two distinct `BookingImpl` entity classes, both implementing the `Booking` interface to represent flight booking data within the Acme Air application. They differ in their persistence strategies: one is a Morphia-annotated entity for MongoDB, directly storing IDs, while the other uses composite primary keys and object references, likely for a different data store like WebSphere eXtreme Scale."
https://github.com/HasinthakaPiyumal/AI-Pattern-Mining-Project/tree/main/notebooks/result/ms_repo_callgraph_clusters/acmeair_java/cluster_73.java,Other,1.9596337084384114,"This `StatResult` class encapsulates common statistical metrics (min, max, average, count, sum) for a set of numerical data. It provides a static utility method, `getStatistics`, to compute these metrics from a list of `Double` values, specifically calculating statistics *excluding* the first and last elements of the input list."
https://github.com/HasinthakaPiyumal/AI-Pattern-Mining-Project/tree/main/notebooks/result/ms_repo_callgraph_clusters/acmeair_java/cluster_19.java,Data Model/ Domain design,2.234691785063683,"This file defines three distinct Java classes representing ""Flight"" data within the Acme Air application. It includes a JAXB-annotated Data Transfer Object (`FlightInfo`) for web serialization and two persistence entity implementations (`FlightImpl`) tailored for MongoDB (using Morphia) and WebSphere eXtreme Scale, all implementing a common `Flight` interface."
https://github.com/HasinthakaPiyumal/AI-Pattern-Mining-Project/tree/main/notebooks/result/ms_repo_callgraph_clusters/acmeair_java/cluster_81.java,Other,1.111809067118869,"This Java class, `JtlTotals`, aggregates and calculates comprehensive performance test metrics, likely from JMeter JTL files. It tracks request counts, response times (average, min, max, 90th percentile, and binned distributions), return codes, failures, and flight-related statistics, providing a consolidated summary of test execution."
https://github.com/HasinthakaPiyumal/AI-Pattern-Mining-Project/tree/main/notebooks/result/ms_repo_callgraph_clusters/acmeair_java/cluster_31.java,Data Model/ Domain design,1.7709938618512826,"This code defines multiple representations of a `FlightSegment` entity for the Acme Air application. It includes a Data Transfer Object (`FlightSegmentInfo`) for web communication and two distinct `FlightSegmentImpl` classes, each tailored for specific persistence technologies like Morphia (MongoDB) and WebSphere eXtreme Scale, demonstrating technology-specific entity implementations."
https://github.com/HasinthakaPiyumal/AI-Pattern-Mining-Project/tree/main/notebooks/result/ms_repo_callgraph_clusters/acmeair_java/cluster_7.java,Data Model/ Domain design,1.8124728508209524,"This Java class, `BookingImpl`, serves as a concrete implementation of a `Booking` entity within the Acme Air application, specifically designed for persistence in a WebSphere eXtreme Scale (WXS) environment. It encapsulates booking details such as the booking date, associated customer, and flight, utilizing separate primary key objects (`BookingPKImpl`, `FlightPKImpl`) and implementing `Serializable` for distributed data management."
https://github.com/HasinthakaPiyumal/AI-Pattern-Mining-Project/tree/main/notebooks/result/ms_repo_callgraph_clusters/acmeair_java/cluster_57.java,Data Model/ Domain design,1.3692862854382268,"This code defines two `CustomerSessionImpl` entity classes, both modeling a customer's session with properties like ID, customer ID, last access, and timeout times. One implementation is specifically configured for Morphia (MongoDB) persistence, while the other serves as a plain POJO, likely for a different data store or context like WebSphere eXtreme Scale."
https://github.com/HasinthakaPiyumal/AI-Pattern-Mining-Project/tree/main/notebooks/result/ms_repo_callgraph_clusters/acmeair_java/cluster_68.java,Other,1.895760974956491,"This `StatResult` class serves as a Plain Old Java Object (POJO) to encapsulate basic statistical metrics (min, max, average, count, sum). It provides a static utility method, `getStatistics`, which calculates these metrics from a list of doubles, notably excluding the first and last elements from its computations."
https://github.com/HasinthakaPiyumal/AI-Pattern-Mining-Project/tree/main/notebooks/result/ms_repo_callgraph_clusters/acmeair_java/cluster_9.java,Other,1.4138724413800126,"This `MapGridAgent` for WebSphere eXtreme Scale efficiently performs a bulk `upsert` operation on a specific data grid partition. It processes a pre-configured map of key-value pairs, grouped by partition key, and iteratively inserts or updates each entry into the target `ObjectMap` on the server side."
https://github.com/HasinthakaPiyumal/AI-Pattern-Mining-Project/tree/main/notebooks/result/ms_repo_callgraph_clusters/acmeair_java/cluster_86.java,Other,1.4545746308073704,"This `MapGridAgent` for IBM WebSphere eXtreme Scale (WXS) is designed to perform bulk `upsert` operations. It processes a pre-populated map of objects (`objectsToSave`), iterating through entries corresponding to a given partition key and applying `upsert` for each key-value pair to the `ObjectMap` within that partition."
https://github.com/HasinthakaPiyumal/AI-Pattern-Mining-Project/tree/main/notebooks/result/ms_repo_callgraph_clusters/acmeair_java/cluster_25.java,Other,1.7571877138712528,"This `WXSSessionManager` class provides a singleton for managing client connections and sessions to an IBM WebSphere eXtreme Scale (WXS) ObjectGrid for the AcmeAir application. It dynamically configures the WXS client, supporting various lookup mechanisms (JNDI, VCAP_SERVICES), and sets up features like security, near-cache disabling, partitioning, and transaction integration (Spring/WAS)."
https://github.com/HasinthakaPiyumal/AI-Pattern-Mining-Project/tree/main/notebooks/result/ms_repo_callgraph_clusters/acmeair_java/cluster_44.java,Data Model/ Domain design,1.8401443679135816,"This file defines two distinct Java classes for managing booking information within the Acme Air application. `BookingInfo` acts as a Data Transfer Object (DTO) for web/XML serialization, while `BookingImpl` serves as a concrete entity implementation for MongoDB persistence using Morphia, both encapsulating core booking details like ID, flight, customer, and booking date."
https://github.com/HasinthakaPiyumal/AI-Pattern-Mining-Project/tree/main/notebooks/result/ms_repo_callgraph_clusters/acmeair_java/cluster_21.java,Data Model/ Domain design,2.1934068711048447,"This file defines multiple representations of flight data, including a JAXB-annotated `FlightInfo` DTO for web layer communication and two `FlightImpl` entity implementations tailored for different persistence technologies (Morphia for MongoDB and another likely for WebSphere eXtreme Scale). These classes encapsulate comprehensive flight details such as schedules, costs, seat availability, and airplane type, demonstrating a pattern of adapting a core domain entity for various technical contexts."
https://github.com/HasinthakaPiyumal/AI-Pattern-Mining-Project/tree/main/notebooks/result/ms_repo_callgraph_clusters/acmeair_java/cluster_13.java,Data Model/ Domain design,1.6953697989803673,"This code defines Data Transfer Objects (DTOs) for an airline booking system's web layer, including `FlightInfo`, `BookingInfo`, and `TripLegInfo` with pagination, utilizing JAXB for XML serialization. It also provides distinct persistence layer implementations for core entities like `Flight`, `Booking`, and `CustomerSession`, specifically tailored for Morphia (MongoDB) and WebSphere eXtreme Scale."
https://github.com/HasinthakaPiyumal/AI-Pattern-Mining-Project/tree/main/notebooks/result/ms_repo_callgraph_clusters/acmeair_java/cluster_26.java,Data Model/ Domain design,1.8011563260802765,"This file defines multiple Java classes representing the `Customer` entity for the `acmeair` application, each tailored for a specific architectural concern. It includes `CustomerInfo` as a JAXB-annotated Data Transfer Object for web communication, and two distinct `CustomerImpl` implementations for persistence with Morphia (MongoDB) and WebSphere eXtreme Scale, showcasing a layered approach to data representation."
https://github.com/HasinthakaPiyumal/AI-Pattern-Mining-Project/tree/main/notebooks/result/ms_repo_callgraph_clusters/acmeair_java/cluster_62.java,Other,1.7483173015239153,"This `WXSSessionManager` class provides a singleton for managing connections and sessions to an IBM WebSphere eXtreme Scale (WXS) ObjectGrid. It dynamically configures WXS client connections, including catalog server endpoints, grid name, security credentials, near cache settings, and partition fields, often by parsing `VCAP_SERVICES` or other environment/JNDI lookups, and integrates with transaction managers."
https://github.com/HasinthakaPiyumal/AI-Pattern-Mining-Project/tree/main/notebooks/result/ms_repo_callgraph_clusters/acmeair_java/cluster_33.java,Data Model/ Domain design,1.5748544422389763,"This Java DTO (`TripLegInfo`) encapsulates a paginated list of `FlightInfo` objects, representing available flight options for a single leg of a trip. It includes pagination metadata (current page, page size, total pages) and converts `Flight` entities to `FlightInfo` DTOs when setting the flight options."
https://github.com/HasinthakaPiyumal/AI-Pattern-Mining-Project/tree/main/notebooks/result/ms_repo_callgraph_clusters/acmeair_java/cluster_2.java,Data Model/ Domain design,1.9254911529442509,"This code defines `BookingImpl` and `FlightImpl` as serializable entity classes for the Acme Air application, representing booking and flight data respectively. They employ a common persistence pattern using explicit primary key objects (`BookingPKImpl`, `FlightPKImpl`) and implement standard data access methods, suggesting their use as data models within a distributed data grid or similar persistence layer."
https://github.com/HasinthakaPiyumal/AI-Pattern-Mining-Project/tree/main/notebooks/result/ms_repo_callgraph_clusters/acmeair_java/cluster_79.java,Other,0.9834969738192442,"This code defines data structures for parsing and aggregating performance test results, likely from JMeter JTL files. The `JtlTotals` class collects and calculates comprehensive metrics such as response times (average, min, max, 90th percentile), throughput, failure rates, and response time distributions, while `IndividualChartResults` serves as a simple container for data points destined for a single chart."
https://github.com/HasinthakaPiyumal/AI-Pattern-Mining-Project/tree/main/notebooks/result/ms_repo_callgraph_clusters/acmeair_java/cluster_47.java,Other,2.0071843266048837,"This `WXSSessionManager` class acts as a singleton manager for establishing and managing client connections to an IBM WebSphere eXtreme Scale (WXS) distributed data grid. It dynamically configures the WXS client, including security, near-cache settings, and transaction integration, by prioritizing configuration from `VCAP_SERVICES` for cloud environments, then falling back to JNDI, system properties, or environment variables."
https://github.com/HasinthakaPiyumal/AI-Pattern-Mining-Project/tree/main/notebooks/result/ms_repo_callgraph_clusters/acmeair_java/cluster_70.java,Other,2.071856779937671,"The `StatResult` class is a POJO designed to store statistical aggregates (min, max, average, sum, count). It includes a static `getStatistics` method that calculates these metrics from a list of doubles, uniquely excluding the first and last elements from its computations."
https://github.com/HasinthakaPiyumal/AI-Pattern-Mining-Project/tree/main/notebooks/result/ms_repo_callgraph_clusters/acmeair_java/cluster_46.java,Database with Microservices,0.8602155380259544,"This file defines core AcmeAir application components, including a JAX-RS resource (`AcmeAirConfiguration`) for exposing configuration and aggregated data counts, and a `Loader` utility for initial data population. It notably provides two distinct data service implementations for Booking, Customer, and Flight entities, dynamically chosen at runtime via a `ServiceLocator` to use either MongoDB (with Morphia) or WebSphere eXtreme Scale for persistence."
https://github.com/HasinthakaPiyumal/AI-Pattern-Mining-Project/tree/main/notebooks/result/ms_repo_callgraph_clusters/acmeair_java/cluster_82.java,Other,1.00716385119773,"The `JtlTotals` class aggregates and calculates comprehensive performance test metrics, including response time statistics (average, min, max, 90th percentile, and bucketed distribution), request counts, failures, and return codes. It is designed to summarize data, likely from JMeter (JTL) files, also tracking specific application-level flight transaction metrics and supporting the combination of multiple result sets."
https://github.com/HasinthakaPiyumal/AI-Pattern-Mining-Project/tree/main/notebooks/result/ms_repo_callgraph_clusters/acmeair_java/cluster_39.java,Data Model/ Domain design,1.9998480484231762,"This Java class, `BookingReceiptInfo`, serves as a Data Transfer Object (DTO) to encapsulate booking receipt details. It specifically stores departure and return booking IDs along with a boolean indicating a one-way trip, utilizing standard Java bean patterns for data access."
https://github.com/HasinthakaPiyumal/AI-Pattern-Mining-Project/tree/main/notebooks/result/ms_repo_callgraph_clusters/acmeair_java/cluster_65.java,Data Model/ Domain design,1.670612266132499,"This code defines `BookingPKImpl` and `FlightPKImpl` classes, serving as composite primary key implementations for `Booking` and `Flight` entities within the `acmeair` application. These classes implement `Serializable` and `PartitionableKey` from IBM WebSphere ObjectGrid, providing standard `hashCode`, `equals`, and `toString` methods, and specifically use `customerId` or `flightSegmentId` for data partitioning."
https://github.com/HasinthakaPiyumal/AI-Pattern-Mining-Project/tree/main/notebooks/result/ms_repo_callgraph_clusters/acmeair_java/cluster_35.java,Data Model/ Domain design,1.589909636093965,"This Java DTO, `TripLegInfo`, encapsulates a paginated list of `FlightInfo` objects, representing available flights for a single leg of a trip. It provides pagination metadata such as current page, page size, and total pages, along with a flag indicating if more options are available, to manage and display flight search results efficiently."
https://github.com/HasinthakaPiyumal/AI-Pattern-Mining-Project/tree/main/notebooks/result/ms_repo_callgraph_clusters/acmeair_java/cluster_1.java,Data Model/ Domain design,1.2140267799073121,"This Java codebase implements the core entities, DTOs (using JAXB), and service layers for the AcmeAir flight booking application, designed with interchangeable persistence implementations for MongoDB (via Morphia) and WebSphere eXtreme Scale. It features a dynamic service locator for selecting the active data service and includes a REST-enabled component for initial data loading and database management."
https://github.com/HasinthakaPiyumal/AI-Pattern-Mining-Project/tree/main/notebooks/result/ms_repo_callgraph_clusters/acmeair_java/cluster_72.java,Other,1.3602709366423202,"This code provides two utility classes: `StatResult`, a data container for basic statistical aggregates (min, max, average, count, sum) with a static method to compute them from a list (notably skipping the first and last elements), and `JtlTotals`, an aggregator for performance test metrics, likely from JMeter JTL files. `JtlTotals` collects and calculates comprehensive statistics like response times, error codes, throughput, and their distributions, with functionality to merge data from multiple sources."
https://github.com/HasinthakaPiyumal/AI-Pattern-Mining-Project/tree/main/notebooks/result/ms_repo_callgraph_clusters/acmeair_java/cluster_85.java,Data Model/ Domain design,1.0411783982619354,"This `JtlTotals` class aggregates and calculates comprehensive performance statistics from JTL (JMeter Test Log) data, including request counts, response times (min, max, average, 90th percentile, and binned distribution), return codes, and specific flight-related metrics. It efficiently stores this data using maps and lists, and supports combining statistics from multiple sources for consolidated reporting."
https://github.com/HasinthakaPiyumal/AI-Pattern-Mining-Project/tree/main/notebooks/result/ms_repo_callgraph_clusters/acmeair_java/cluster_34.java,Data Model/ Domain design,1.7391621001183357,"This Java DTO, `TripLegInfo`, encapsulates a paginated list of `FlightInfo` objects, representing available flight options for a single leg of a trip. It includes pagination metadata such as current page, page size, total pages, and a flag for more options, to efficiently manage and present query results."
https://github.com/HasinthakaPiyumal/AI-Pattern-Mining-Project/tree/main/notebooks/result/ms_repo_callgraph_clusters/acmeair_java/cluster_59.java,Data Model/ Domain design,1.39679219478529,"This code defines two nearly identical `CustomerSessionImpl` classes, both serializable POJOs that model customer session data with fields for ID, customer ID, last access, and timeout times. One version, located in `morphia.entities`, is specifically annotated as a Morphia entity for MongoDB persistence, while the other in `wxs.entities` serves a similar purpose likely for a different persistence layer."
https://github.com/HasinthakaPiyumal/AI-Pattern-Mining-Project/tree/main/notebooks/result/ms_repo_callgraph_clusters/acmeair_java/cluster_84.java,Other,1.0992337323078887,"This `JtlTotals` class aggregates and analyzes performance test metrics, such as response times (min, max, average, 90th percentile, and bucketed distribution), request counts, failures, and return codes, likely parsed from JMeter JTL files. It uses various maps and lists to store and process this data, providing methods to combine results from multiple sources and calculate key performance indicators."
https://github.com/HasinthakaPiyumal/AI-Pattern-Mining-Project/tree/main/notebooks/result/ms_repo_callgraph_clusters/acmeair_java/cluster_37.java,Data Model/ Domain design,1.51566259979353,"This `TripLegInfo` DTO encapsulates flight options for a single trip leg, including pagination metadata like current page, page size, and total pages. It specifically converts `Flight` entities into `FlightInfo` DTOs when setting the list of available flights."
https://github.com/HasinthakaPiyumal/AI-Pattern-Mining-Project/tree/main/notebooks/result/ms_repo_callgraph_clusters/acmeair_java/cluster_42.java,Data Model/ Domain design,1.8985232272267076,"This Java class functions as a Data Transfer Object (DTO) within the `acmeair` application, specifically designed to encapsulate booking receipt information. It stores the departure booking ID, an optional return booking ID, and a boolean indicating if the trip is one-way, adhering to the standard JavaBean pattern with getters, setters, and a `toString()` method."
https://github.com/HasinthakaPiyumal/AI-Pattern-Mining-Project/tree/main/notebooks/result/ms_repo_callgraph_clusters/acmeair_java/cluster_61.java,Other,1.2176696522639985,"This Java application, `ReportGenerator`, processes performance test results from JMeter (summary and JTL files) and Nmon system monitoring logs. It aggregates statistics, generates various charts via the Google Charts API, and renders a comprehensive HTML report using Apache Velocity for visualization and analysis."
https://github.com/HasinthakaPiyumal/AI-Pattern-Mining-Project/tree/main/notebooks/result/ms_repo_callgraph_clusters/acmeair_java/cluster_45.java,Data Model/ Domain design,1.715663667208766,"This file defines multiple representations of a ""Booking"" entity for the Acme Air application. It includes a JAXB-annotated Data Transfer Object (`BookingInfo`) for web communication and two distinct persistence-specific implementations (`BookingImpl`) tailored for MongoDB (using Morphia) and a distributed data grid (likely WebSphere eXtreme Scale), respectively."
https://github.com/HasinthakaPiyumal/AI-Pattern-Mining-Project/tree/main/notebooks/result/ms_repo_callgraph_clusters/acmeair_java/cluster_24.java,Data Model/ Domain design,1.901413261346828,"This code defines multiple Java classes representing flight data, each tailored for a specific architectural concern within the Acme Air application. It includes a JAXB-annotated Data Transfer Object (`FlightInfo`) for web service communication and two distinct `FlightImpl` classes for persistence, one using Morphia for MongoDB and another for a WebSphere eXtreme Scale (WXS) environment."
https://github.com/HasinthakaPiyumal/AI-Pattern-Mining-Project/tree/main/notebooks/result/ms_repo_callgraph_clusters/acmeair_java/cluster_23.java,Data Model/ Domain design,2.130358736677003,"This code defines multiple representations of a ""Flight"" entity for the Acme Air application, including a JAXB-annotated web DTO (`FlightInfo`), a Morphia-mapped MongoDB entity (`FlightImpl`), and another persistence-specific entity (`FlightImpl` for WXS). Each class encapsulates flight details like schedules, costs, and seat availability, demonstrating an architectural pattern of adapting a core domain object for different data access and presentation layers."
https://github.com/HasinthakaPiyumal/AI-Pattern-Mining-Project/tree/main/notebooks/result/ms_repo_callgraph_clusters/acmeair_java/cluster_54.java,Data Model/ Domain design,1.3887967109850683,"This code defines two identical `FlightSegmentImpl` POJO classes, serving as data models for flight segments with properties like flight name, origin, destination, and miles. One version is specifically configured as a Morphia entity for MongoDB persistence, while the other, lacking the annotation, likely serves a similar data representation role for a different system like WebSphere eXtreme Scale."
https://github.com/HasinthakaPiyumal/AI-Pattern-Mining-Project/tree/main/notebooks/result/ms_repo_callgraph_clusters/acmeair_java/cluster_20.java,Data Model/ Domain design,2.183019402703992,"This file defines three distinct Java classes representing flight information within the Acme Air application, each tailored for a specific architectural concern. It includes a JAXB-annotated Data Transfer Object (`FlightInfo`) for web service communication and two different persistence entities (`FlightImpl`) for MongoDB (using Morphia) and another system (likely WebSphere eXtreme Scale), showcasing a clear separation of concerns for data representation across layers."
https://github.com/HasinthakaPiyumal/AI-Pattern-Mining-Project/tree/main/notebooks/result/ms_repo_callgraph_clusters/acmeair_java/cluster_83.java,Other,1.0640339930299567,"This `JtlTotals` class aggregates and calculates comprehensive performance metrics from test results, including total requests, min/max/average/90th percentile response times, and their distribution into configurable buckets. It also tracks return codes, failures, and application-specific ""flight"" related counts, supporting the combination of multiple data sets for consolidated reporting."
https://github.com/HasinthakaPiyumal/AI-Pattern-Mining-Project/tree/main/notebooks/result/ms_repo_callgraph_clusters/acmeair_java/cluster_16.java,Data Model/ Domain design,2.120727065693937,"This code defines `FlightInfo` and `FlightSegmentInfo` as Data Transfer Objects (DTOs) for the Acme Air application, specifically designed to represent flight and flight segment details for web services. These DTOs facilitate data transfer by mapping properties from core domain entities and are configured for XML serialization using JAXB annotations."
https://github.com/HasinthakaPiyumal/AI-Pattern-Mining-Project/tree/main/notebooks/result/ms_repo_callgraph_clusters/acmeair_java/cluster_50.java,Other,1.7797509700704985,"The `WXSSessionManager` is a singleton utility for the Acme Air application, responsible for establishing and managing client connections and sessions to an IBM WebSphere eXtreme Scale (WXS) data grid. It dynamically configures these connections by sourcing details from JNDI, environment variables (including VCAP_SERVICES), or system properties, while also handling near cache settings, partitioning, and transaction integration."
https://github.com/HasinthakaPiyumal/AI-Pattern-Mining-Project/tree/main/notebooks/result/ms_repo_callgraph_clusters/acmeair_java/cluster_64.java,Data Model/ Domain design,1.6055430349162385,"This file defines `BookingPKImpl` and `FlightPKImpl`, which are composite primary key classes for booking and flight entities within the Acme Air application. These classes implement `Serializable` and `PartitionableKey` from IBM WebSphere eXtreme Scale, providing custom `hashCode`, `equals`, and `ibmGetPartition` methods to facilitate efficient partitioning and storage in a distributed data grid."
https://github.com/HasinthakaPiyumal/AI-Pattern-Mining-Project/tree/main/notebooks/result/ms_repo_callgraph_clusters/acmeair_java/cluster_22.java,Data Model/ Domain design,2.1638722694055255,"This file defines multiple Java representations of a ""Flight"" entity, serving as a JAXB-annotated Data Transfer Object (`FlightInfo`) for web communication and distinct persistence models (`FlightImpl`) for MongoDB (via Morphia) and WebSphere eXtreme Scale. This approach demonstrates a clear separation of concerns for data representation across different application layers and persistence technologies."
https://github.com/HasinthakaPiyumal/AI-Pattern-Mining-Project/tree/main/notebooks/result/ms_repo_callgraph_clusters/acmeair_java/cluster_49.java,Other,1.710732158509018,"This Java class, `WXSSessionManager`, acts as a singleton client for IBM WebSphere eXtreme Scale (WXS), managing connections to a distributed ObjectGrid. It dynamically configures grid access from `VCAP_SERVICES`, JNDI, or system properties, handling authentication, transaction integration (WAS/Spring), and specific map configurations like near-caching and partitioning."
https://github.com/HasinthakaPiyumal/AI-Pattern-Mining-Project/tree/main/notebooks/result/ms_repo_callgraph_clusters/acmeair_java/cluster_52.java,Other,1.9870505523428248,"This Java class, `WXSSessionManager`, serves as a singleton manager for establishing and configuring client connections to an IBM WebSphere eXtreme Scale (WXS) data grid for the AcmeAir application. It dynamically retrieves connection parameters, authentication credentials, near-cache settings, and transaction integration (Spring or WAS) from various sources like VCAP_SERVICES, JNDI, and system properties to provide `ObjectGrid` and `Session` instances."
https://github.com/HasinthakaPiyumal/AI-Pattern-Mining-Project/tree/main/notebooks/result/ms_repo_callgraph_clusters/acmeair_java/cluster_78.java,Other,1.398901942693853,"This Java class, `MultipleChartResults`, functions as a Plain Old Java Object (POJO) to encapsulate and manage aggregated data for multiple charts. It stores an overall chart title, Y-axis label, a collection of `IndividualChartResults`, and a list of associated strings, providing standard getters and setters for data access."
https://github.com/HasinthakaPiyumal/AI-Pattern-Mining-Project/tree/main/notebooks/result/ms_repo_callgraph_clusters/acmeair_java/cluster_29.java,Data Model/ Domain design,1.7623613407114789,"This code defines Data Transfer Objects (`BookingPKInfo`, `BookingInfo`) for representing booking details and their primary keys, primarily for web service serialization using JAXB. It also includes `BookingPKImpl`, a specialized primary key implementation for distributed caching with IBM WebSphere eXtreme Scale, which enables data partitioning based on the `customerId`."
https://github.com/HasinthakaPiyumal/AI-Pattern-Mining-Project/tree/main/notebooks/result/ms_repo_callgraph_clusters/acmeair_java/cluster_40.java,Data Model/ Domain design,1.898827478585801,"This Java class, `BookingReceiptInfo`, functions as a Data Transfer Object (DTO) within the `acmeair` application, specifically for web-related data. It encapsulates booking receipt details, including departure and return booking IDs and a boolean indicating if the trip is one-way, utilizing standard JavaBean patterns with getters, setters, and a `toString()` method."
https://github.com/HasinthakaPiyumal/AI-Pattern-Mining-Project/tree/main/notebooks/result/ms_repo_callgraph_clusters/acmeair_java/cluster_38.java,Data Model/ Domain design,1.9997224820702066,"This Java class, `BookingReceiptInfo`, functions as a Data Transfer Object (DTO) to encapsulate essential details for a flight booking receipt. It specifically stores the departure booking ID, an optional return booking ID, and a boolean flag indicating if the booking is one-way, providing standard getters, setters, and a `toString` method for data access and representation."
https://github.com/HasinthakaPiyumal/AI-Pattern-Mining-Project/tree/main/notebooks/result/ms_repo_callgraph_clusters/acmeair_java/cluster_48.java,Data Model/ Domain design,1.2578400057609265,"This code defines data models (DTOs and entities) for an airline application, including customers, flights, bookings, and sessions, with JAXB annotations for web service serialization. It provides service implementations for customer authentication and flight management, utilizing both Morphia for MongoDB persistence and IBM WebSphere eXtreme Scale for distributed data caching."
https://github.com/HasinthakaPiyumal/AI-Pattern-Mining-Project/tree/main/notebooks/result/ms_repo_callgraph_clusters/acmeair_java/cluster_36.java,Data Model/ Domain design,1.436975497643882,"This Java DTO, `TripLegInfo`, encapsulates a list of `FlightInfo` objects representing available flight options for a single trip leg. It explicitly supports pagination by including properties like current page, page size, and total pages, and converts `Flight` entities to `FlightInfo` DTOs when setting the flight options."
https://github.com/HasinthakaPiyumal/AI-Pattern-Mining-Project/tree/main/notebooks/result/ms_repo_callgraph_clusters/acmeair_java/cluster_74.java,Other,2.0244617378510803,"The `StatResult` class serves as a data container for basic statistical metrics (min, max, average, sum, count) and provides a static utility method, `getStatistics`, to compute these values from a list of doubles. Notably, the `getStatistics` method calculates statistics by iterating from the second to the second-to-last element of the input list, effectively ignoring the first and last values."
https://github.com/HasinthakaPiyumal/AI-Pattern-Mining-Project/tree/main/notebooks/result/ms_repo_callgraph_clusters/acmeair_java/cluster_55.java,Data Model/ Domain design,1.8468212090001574,"This code defines various data transfer objects (DTOs) for web service interactions and multiple sets of entity implementations for the Acme Air application. It notably includes JAXB-annotated DTOs and distinct entity classes tailored for MongoDB persistence (using Morphia with custom `BigDecimal`/`BigInteger` converters) and WebSphere eXtreme Scale distributed caching, reflecting a multi-persistence layer design."
https://github.com/HasinthakaPiyumal/AI-Pattern-Mining-Project/tree/main/notebooks/result/ms_repo_callgraph_clusters/acmeair_java/cluster_28.java,Data Model/ Domain design,1.5938857969963398,"This Java class, `TripFlightOptions`, functions as a Data Transfer Object (DTO) designed to encapsulate and return flight search results. It specifically holds a list of `TripLegInfo` objects, representing available flight options for each leg of a potentially multi-leg trip, and is configured for XML serialization using JAXB annotations."
https://github.com/HasinthakaPiyumal/AI-Pattern-Mining-Project/tree/main/notebooks/result/ms_repo_callgraph_clusters/acmeair_java/cluster_63.java,Other,0.9888306920546679,"This code primarily implements a Java Servlet Filter (`RESTCookieSessionFilter`) that intercepts incoming REST requests to validate user sessions via a cookie, enforcing authentication and preparing transactions. It integrates with `CustomerService` for session management and `WXSSessionManager` for distributed data and transaction coordination using IBM WebSphere eXtreme Scale."
https://github.com/HasinthakaPiyumal/AI-Pattern-Mining-Project/tree/main/notebooks/result/ms_repo_callgraph_clusters/acmeair_java/cluster_15.java,Data Model/ Domain design,2.005974131191933,"This code defines Data Transfer Objects (DTOs), `FlightInfo` and `FlightSegmentInfo`, used to represent flight and flight segment details for web communication. It facilitates mapping from internal `Flight` and `FlightSegment` entity models to a simplified external representation, leveraging JAXB annotations for XML serialization."
https://github.com/HasinthakaPiyumal/AI-Pattern-Mining-Project/tree/main/notebooks/result/ms_repo_callgraph_clusters/acmeair_java/cluster_58.java,Data Model/ Domain design,1.2620116928531862,"This file defines two distinct `CustomerSessionImpl` classes, both serving as data models for customer session information including ID, customer ID, last access time, and timeout. One implementation is specifically configured as a Morphia entity for MongoDB persistence, while the other is a plain serializable POJO likely intended for an in-memory data grid like WebSphere eXtreme Scale."
https://github.com/HasinthakaPiyumal/AI-Pattern-Mining-Project/tree/main/notebooks/result/ms_repo_callgraph_clusters/acmeair_java/cluster_77.java,Other,1.297892767266887,"This Java class, `MultipleChartResults`, functions as a data transfer object (DTO) to aggregate and manage the title, Y-axis label, and a collection of `IndividualChartResults` for a report displaying multiple charts. It uses the standard JavaBean pattern with getters and setters to encapsulate this reporting data."
https://github.com/HasinthakaPiyumal/AI-Pattern-Mining-Project/tree/main/notebooks/result/ms_repo_callgraph_clusters/acmeair_java/cluster_17.java,Data Model/ Domain design,2.089181750516296,"This file defines multiple implementations of the `Flight` entity and its primary key, designed to support various data handling layers within the Acme Air application. These include a JAXB-annotated DTO for web services, a Morphia-mapped entity for MongoDB persistence, and a WebSphere eXtreme Scale-compatible entity with a composite key."
https://github.com/HasinthakaPiyumal/AI-Pattern-Mining-Project/tree/main/notebooks/result/ms_repo_callgraph_clusters/acmeair_java/cluster_66.java,Other,1.9368855245737662,"The `StatResult` class defines a data structure to store basic statistical measures like min, max, average, count, and sum. It provides a static utility method, `getStatistics`, which calculates these values from an `ArrayList<Double>`, notably excluding the first and last elements of the input list from its calculations."
https://github.com/HasinthakaPiyumal/AI-Pattern-Mining-Project/tree/main/notebooks/result/ms_repo_callgraph_clusters/acmeair_java/cluster_14.java,Data Model/ Domain design,1.9492077825443457,"This code defines the `FlightSegment` data model for the Acme Air application, utilizing an interface (`FlightSegment`) and multiple concrete implementations (`FlightSegmentImpl`) tailored for different persistence technologies like Morphia (MongoDB) and WebSphere eXtreme Scale. It also includes a `FlightSegmentInfo` DTO for transferring flight segment data to the web layer, demonstrating a clear separation between domain entities, persistence implementations, and presentation models."
https://github.com/HasinthakaPiyumal/AI-Pattern-Mining-Project/tree/main/notebooks/result/ms_repo_callgraph_clusters/acmeair_java/cluster_32.java,Data Model/ Domain design,2.007816498404852,"This code defines the `FlightSegment` data model, providing a Data Transfer Object (`FlightSegmentInfo`) for web layer communication and two distinct entity implementations (`FlightSegmentImpl`) for persistence. Notably, these entity implementations are tailored for different data storage technologies: one for MongoDB using Morphia and another for WebSphere eXtreme Scale, showcasing a pattern of adapting domain entities for specific persistence mechanisms."
https://github.com/HasinthakaPiyumal/AI-Pattern-Mining-Project/tree/main/notebooks/result/ms_repo_callgraph_clusters/acmeair_java/cluster_41.java,Data Model/ Domain design,1.863072836241777,"This Java class, `BookingReceiptInfo`, functions as a Data Transfer Object (DTO) to encapsulate booking receipt details, specifically storing departure and return booking IDs along with a boolean indicating if the trip is one-way. It follows the JavaBean pattern, providing constructors, private fields, and public getters/setters for its properties."
https://github.com/HasinthakaPiyumal/AI-Pattern-Mining-Project/tree/main/notebooks/result/ms_repo_callgraph_clusters/acmeair_java/cluster_18.java,Data Model/ Domain design,2.0917846876736848,"This file defines multiple implementations of the `Flight` data model for the Acme Air application, serving as a JAXB-annotated Data Transfer Object for web services, a Morphia-mapped entity for MongoDB persistence, and a separate entity for WebSphere eXtreme Scale. Each class encapsulates flight details like schedules, costs, and seat availability, tailored for its specific integration context."
https://github.com/HasinthakaPiyumal/AI-Pattern-Mining-Project/tree/main/notebooks/result/ms_repo_callgraph_clusters/acmeair_java/cluster_3.java,Data Model/ Domain design,1.2937516173846646,"This code defines the data models and service implementations for the Acme Air flight booking application. It provides DTOs for flight, booking, and customer entities, with core business logic implemented across two distinct persistence layers: one utilizing Morphia for MongoDB and another leveraging IBM WebSphere eXtreme Scale (WXS) for a distributed data grid."
https://github.com/HasinthakaPiyumal/AI-Pattern-Mining-Project/tree/main/notebooks/result/ms_repo_callgraph_clusters/acmeair_java/cluster_8.java,Data Model/ Domain design,2.099141851532247,"This `BookingImpl` class defines a serializable entity for a flight booking in the Acme Air application, specifically structured for a WebSphere eXtreme Scale (WXS) environment. It encapsulates booking details, including references to `Customer` and `Flight` entities, and uses dedicated primary key objects for identification."
https://github.com/HasinthakaPiyumal/AI-Pattern-Mining-Project/tree/main/notebooks/result/ms_repo_callgraph_clusters/acmeair_java/cluster_30.java,Data Model/ Domain design,1.944991425410437,"This code defines various representations of a `FlightSegment` entity, including a Data Transfer Object (`FlightSegmentInfo`) for web layer communication and two distinct persistence implementations (`FlightSegmentImpl`) tailored for Morphia (MongoDB) and WebSphere eXtreme Scale (WXS). It models flight segment details like origin, destination, and miles, demonstrating an approach for adapting a single logical entity across different data access and presentation concerns."
https://github.com/HasinthakaPiyumal/AI-Pattern-Mining-Project/tree/main/notebooks/result/ms_repo_callgraph_clusters/acmeair_java/cluster_76.java,Other,1.8886363121351724,"This `StatResult` class serves as a data structure to store basic statistical metrics (min, max, average, sum, count) for numerical data. It includes a static `getStatistics` method that calculates these metrics from an `ArrayList<Double>`, notably excluding the first and last elements of the input list from its calculations."
https://github.com/HasinthakaPiyumal/AI-Pattern-Mining-Project/tree/main/notebooks/result/ms_repo_callgraph_clusters/acmeair_java/cluster_69.java,Other,1.8626840255671193,"This `StatResult` class acts as a data container for statistical metrics (min, max, average, sum, count) and provides a static utility method, `getStatistics`. This method calculates these statistics for a given list of `Double` values, notably excluding the first and last elements from its calculations."
https://github.com/HasinthakaPiyumal/AI-Pattern-Mining-Project/tree/main/notebooks/result/ms_repo_callgraph_clusters/acmeair_java/cluster_75.java,Other,1.881892128354552,"This `StatResult` class encapsulates basic statistical metrics (min, max, average, sum, count) for numerical data. It includes a static utility method to calculate these statistics from a list of doubles, specifically excluding the first and last elements from the computation."
https://github.com/HasinthakaPiyumal/AI-Pattern-Mining-Project/tree/main/notebooks/result/ms_repo_callgraph_clusters/acmeair_java/cluster_27.java,Data Model/ Domain design,1.7619654744349549,"This code defines multiple representations of a `Customer` entity for the Acme Air application. It includes a JAXB-annotated Data Transfer Object (`CustomerInfo`) for web service communication and two distinct persistence-layer implementations (`CustomerImpl`) tailored for MongoDB (using Morphia) and WebSphere eXtreme Scale, all sharing common customer attributes."
https://github.com/HasinthakaPiyumal/AI-Pattern-Mining-Project/tree/main/notebooks/result/ms_repo_callgraph_clusters/acmeair_java/cluster_43.java,Data Model/ Domain design,1.9579054822518107,"This Java class, `BookingReceiptInfo`, functions as a Data Transfer Object (DTO) to encapsulate and manage details for a flight booking receipt, specifically storing the departure booking ID, an optional return booking ID, and a boolean indicating if the booking is one-way. It follows the standard JavaBean pattern with constructors, getters, setters, and an overridden `toString()` method for easy data representation."
https://github.com/HasinthakaPiyumal/AI-Pattern-Mining-Project/tree/main/notebooks/result/ms_repo_callgraph_clusters/acmeair_java/cluster_71.java,Other,1.9093595289324163,"This `StatResult` Java class serves as a data structure to encapsulate basic statistical metrics such as min, max, average, count, and sum. It provides a static `getStatistics` method that calculates these values from an `ArrayList<Double>`, notably excluding the first and last elements of the input list from its computations."
https://github.com/HasinthakaPiyumal/AI-Pattern-Mining-Project/tree/main/notebooks/result/ms_repo_callgraph_clusters/acmeair_java/cluster_0.java,Business Logic,1.2923911522372953,"This code defines the JAX-RS REST API layer for the AcmeAir airline booking application, providing endpoints for customer management, flight search, booking, and user authentication with cookie-based session validation. It employs a `ServiceLocator` and CDI to dynamically inject different service implementations, enabling flexible backend data service configurations."
https://github.com/HasinthakaPiyumal/AI-Pattern-Mining-Project/tree/main/notebooks/result/ms_repo_callgraph_clusters/acmeair_java/cluster_51.java,Other,1.151568737316017,"This Java code implements a singleton `ServiceLocator` that dynamically resolves and provides specific service implementations using CDI. It determines the active service type from various configuration sources like JNDI, system properties, environment variables, and VCAP_SERVICES, then uses the `BeanManager` to retrieve the corresponding `@DataService` qualified bean."
https://github.com/HasinthakaPiyumal/AI-Pattern-Mining-Project/tree/main/notebooks/result/ms_repo_callgraph_clusters/acmeair_java/cluster_80.java,Other,1.2134147427202304,"This `JmeterJTLParser` class parses JMeter JTL log files, extracting detailed performance metrics such as response times, success status, and custom variables from `<httpSample>` entries using a configurable regular expression. It aggregates these statistics both overall and per URL, providing a comprehensive summary of test execution."
https://github.com/HasinthakaPiyumal/AI-Pattern-Mining-Project/tree/main/notebooks/result/ms_repo_callgraph_clusters/jpetstore-6_java/cluster_11.java,Business Logic,1.9141879947665532,"This `CatalogService` class provides a high-level API for accessing and searching the JPetStore's product catalog, including categories, products, and items. It leverages constructor-injected MyBatis mappers to delegate all data retrieval and inventory checking operations to the persistence layer."
https://github.com/HasinthakaPiyumal/AI-Pattern-Mining-Project/tree/main/notebooks/result/ms_repo_callgraph_clusters/jpetstore-6_java/cluster_19.java,Business Logic,2.0199220684418084,"This `CatalogActionBean` acts as a Stripes web controller for the JPetStore application's catalog, managing user requests to view categories, products, and items, and to search for products. It leverages a `CatalogService` to fetch data and maintains session-scoped state for the current browsing context."
https://github.com/HasinthakaPiyumal/AI-Pattern-Mining-Project/tree/main/notebooks/result/ms_repo_callgraph_clusters/jpetstore-6_java/cluster_31.java,Data Model/ Domain design,2.1968949524574137,"This Java class defines the `Item` domain model for the JPetStore application, encapsulating details like `itemId`, `listPrice`, `quantity`, and a reference to its `Product`. It functions as a standard JavaBean, providing getters and setters for its properties and implementing `Serializable`."
https://github.com/HasinthakaPiyumal/AI-Pattern-Mining-Project/tree/main/notebooks/result/ms_repo_callgraph_clusters/jpetstore-6_java/cluster_7.java,Business Logic,1.3622590025024375,"This code defines an `OrderService` responsible for managing order-related business logic, including creating new orders, retrieving existing ones, and updating item inventory. It utilizes a `SequenceMapper` to generate unique order IDs from a database sequence and orchestrates interactions with multiple data mappers within transactional operations."
https://github.com/HasinthakaPiyumal/AI-Pattern-Mining-Project/tree/main/notebooks/result/ms_repo_callgraph_clusters/jpetstore-6_java/cluster_9.java,Business Logic,1.280301203031533,"This code defines the core domain model for a JPetStore application's catalog and shopping cart, encompassing entities like `Item`, `CartItem`, `LineItem`, and the `Cart` itself. It also includes a `CatalogActionBean` (using Stripes and Spring) to manage web requests for browsing products and searching, notably employing `Optional` for null-safe total calculations and Java Streams for cart aggregations."
https://github.com/HasinthakaPiyumal/AI-Pattern-Mining-Project/tree/main/notebooks/result/ms_repo_callgraph_clusters/jpetstore-6_java/cluster_25.java,Business Logic,1.536656666945754,"This Stripes ActionBean manages the entire customer order process in a web application, enabling users to create, confirm, and view their orders. It leverages an injected `OrderService` for business logic and interacts with session-scoped account and cart data to manage the transaction flow and display relevant JSP pages."
https://github.com/HasinthakaPiyumal/AI-Pattern-Mining-Project/tree/main/notebooks/result/ms_repo_callgraph_clusters/jpetstore-6_java/cluster_44.java,Microservices Test,1.1073080112046112,"This Spring `@Configuration` class establishes a testing environment for MyBatis mappers by configuring an in-memory HSQLDB database, pre-loaded with schema and data scripts. It sets up the necessary `SqlSessionFactoryBean`, `DataSourceTransactionManager`, and `JdbcTemplate` to facilitate integration tests for data access components."
https://github.com/HasinthakaPiyumal/AI-Pattern-Mining-Project/tree/main/notebooks/result/ms_repo_callgraph_clusters/jpetstore-6_java/cluster_21.java,Business Logic,2.14309940628714,"This code implements the web and service layers for a JPetStore application, enabling users to browse a product catalog, manage a shopping cart, and handle user accounts. It employs a layered architecture using MyBatis for data access, Spring for dependency injection, and the Stripes framework for web request handling and UI interactions."
https://github.com/HasinthakaPiyumal/AI-Pattern-Mining-Project/tree/main/notebooks/result/ms_repo_callgraph_clusters/jpetstore-6_java/cluster_13.java,Business Logic,1.9943488851793068,"This `CatalogActionBean` acts as a Stripes web controller for the JPetStore application's catalog, managing user requests to browse categories, view products and items, and search for products. It leverages a `CatalogService` for data retrieval and maintains session-scoped state for the current browsing context."
https://github.com/HasinthakaPiyumal/AI-Pattern-Mining-Project/tree/main/notebooks/result/ms_repo_callgraph_clusters/jpetstore-6_java/cluster_26.java,Business Logic,1.5877433713840956,"This `OrderActionBean` is a Stripes web action controller for the JPetStore application, managing the complete customer order process. It orchestrates actions like listing, initiating, confirming, and viewing orders, leveraging a backend `OrderService` and session-scoped user and cart data."
https://github.com/HasinthakaPiyumal/AI-Pattern-Mining-Project/tree/main/notebooks/result/ms_repo_callgraph_clusters/jpetstore-6_java/cluster_10.java,Data Model/ Domain design,1.2611974954090726,"This code defines core domain models for the JPetStore e-commerce application, including `Account`, `Item`, `LineItem`, and `Order`, along with a `Stripes ActionBean` (`AccountActionBean`) responsible for user account management, authentication, and profile editing. It demonstrates an MVC approach with Spring integration, utilizing MyBatis for data access (as implied by the project structure and tests), and includes comprehensive JUnit tests for both domain logic and data persistence."
https://github.com/HasinthakaPiyumal/AI-Pattern-Mining-Project/tree/main/notebooks/result/ms_repo_callgraph_clusters/jpetstore-6_java/cluster_33.java,Data Model/ Domain design,2.3372617967602523,"This Java code defines the `Item` domain object for the JPetStore application, serving as a serializable POJO to encapsulate detailed information about a specific product item, including its price, cost, status, quantity, and a reference to its parent `Product`. It primarily consists of fields with corresponding getters and setters, along with an overridden `toString()` method for concise representation."
https://github.com/HasinthakaPiyumal/AI-Pattern-Mining-Project/tree/main/notebooks/result/ms_repo_callgraph_clusters/jpetstore-6_java/cluster_2.java,Other,1.4919489058942081,"This Java utility, `MavenWrapperDownloader`, downloads a Maven wrapper JAR file from a specified URL to a local path. It supports HTTP basic authentication via environment variables and employs a robust temporary file download-and-atomic-move strategy to ensure file integrity during the process."
https://github.com/HasinthakaPiyumal/AI-Pattern-Mining-Project/tree/main/notebooks/result/ms_repo_callgraph_clusters/jpetstore-6_java/cluster_6.java,Microservices Test,0.9443427092240833,"This Spring `@Configuration` class establishes a testing environment for MyBatis mappers by configuring an in-memory HSQLDB database, complete with schema and data, along with a `SqlSessionFactory`, `DataSourceTransactionManager`, and `JdbcTemplate`. It specifically scans for mappers in `org.mybatis.jpetstore.mapper` and sets up type aliases for `org.mybatis.jpetstore.domain`."
https://github.com/HasinthakaPiyumal/AI-Pattern-Mining-Project/tree/main/notebooks/result/ms_repo_callgraph_clusters/jpetstore-6_java/cluster_12.java,Business Logic,1.7127835241180531,"This `OrderService` class in the JPetStore application orchestrates the core business logic for customer orders. It handles creating new orders by generating unique IDs, updating item inventory, and persisting order details and line items transactionally, while also providing methods to retrieve comprehensive order information by ID or username."
https://github.com/HasinthakaPiyumal/AI-Pattern-Mining-Project/tree/main/notebooks/result/ms_repo_callgraph_clusters/jpetstore-6_java/cluster_35.java,Data Model/ Domain design,2.2183541881043083,"This Java class defines the `Item` domain object for the JPetStore application, serving as a serializable data model that encapsulates properties like ID, price, status, and quantity, along with a reference to its associated `Product` using the standard JavaBean pattern. It primarily functions to hold and manage item-specific data within the application's domain layer."
https://github.com/HasinthakaPiyumal/AI-Pattern-Mining-Project/tree/main/notebooks/result/ms_repo_callgraph_clusters/jpetstore-6_java/cluster_1.java,Data Model/ Domain design,1.1740556388002383,"This code defines the core domain model for an e-commerce order system, including `Order`, `LineItem`, `Item`, and `Account` entities. It features a Stripes ActionBean (`OrderActionBean`) that manages the entire order lifecycle, from creation and confirmation to listing and viewing, integrating with a Spring-managed `OrderService` and providing comprehensive unit tests for order persistence operations."
https://github.com/HasinthakaPiyumal/AI-Pattern-Mining-Project/tree/main/notebooks/result/ms_repo_callgraph_clusters/jpetstore-6_java/cluster_34.java,Data Model/ Domain design,2.2687298849071005,"This Java class defines the `Item` domain entity for the JPetStore application, acting as a serializable data model. It stores detailed attributes such as item ID, price, quantity, status, and a reference to its parent `Product`, following standard JavaBean conventions for data encapsulation."
https://github.com/HasinthakaPiyumal/AI-Pattern-Mining-Project/tree/main/notebooks/result/ms_repo_callgraph_clusters/jpetstore-6_java/cluster_37.java,Data Model/ Domain design,2.1516311208227847,"This code defines core domain model classes (`Sequence`, `Product`, `Category`) for the JPetStore application, representing entities like unique ID generators, products, and product categories. These classes are standard JavaBeans, providing data encapsulation with getters and setters for their attributes, and are marked as `Serializable` for persistence or transfer."
https://github.com/HasinthakaPiyumal/AI-Pattern-Mining-Project/tree/main/notebooks/result/ms_repo_callgraph_clusters/jpetstore-6_java/cluster_42.java,Microservices Test,2.080630320204359,"This code comprises a comprehensive suite of integration and unit tests for the JPetStore application. It features Selenide-based end-to-end UI tests simulating user flows, Spring-integrated MyBatis mapper tests verifying database interactions, and Mockito-driven unit tests for the service layer's business logic."
https://github.com/HasinthakaPiyumal/AI-Pattern-Mining-Project/tree/main/notebooks/result/ms_repo_callgraph_clusters/jpetstore-6_java/cluster_24.java,Microservices Security,1.494551737667054,"This `AccountActionBean` is a Stripes framework controller responsible for all user account management in the JPetStore application. It facilitates user registration, sign-in, profile updates, and sign-off, integrating with `AccountService` and `CatalogService` while maintaining session-scoped user authentication and preferences."
https://github.com/HasinthakaPiyumal/AI-Pattern-Mining-Project/tree/main/notebooks/result/ms_repo_callgraph_clusters/jpetstore-6_java/cluster_23.java,Microservices Security,1.7100614895072317,"This Stripes ActionBean manages user authentication and account details for the JPetStore application, handling user registration, profile editing, sign-in, and sign-out. It utilizes Spring for dependency injection to interact with `AccountService` and `CatalogService`, maintaining session-scoped user data and redirecting to appropriate views."
https://github.com/HasinthakaPiyumal/AI-Pattern-Mining-Project/tree/main/notebooks/result/ms_repo_callgraph_clusters/jpetstore-6_java/cluster_20.java,Business Logic,1.201810852403216,"This code defines two Stripes ActionBeans, `AccountActionBean` and `OrderActionBean`, which serve as web controllers for managing user accounts and processing orders in the JPetStore application. They handle user authentication, account creation/editing, order checkout flows, and display of user-specific data, utilizing Spring for service layer integration and session-scoped state management."
https://github.com/HasinthakaPiyumal/AI-Pattern-Mining-Project/tree/main/notebooks/result/ms_repo_callgraph_clusters/jpetstore-6_java/cluster_22.java,Microservices Security,1.4634525146701467,"This Stripes ActionBean, `AccountActionBean`, manages all user account-related web actions for the JPetStore application, including registration, sign-in, sign-out, and profile updates. It leverages `AccountService` and `CatalogService` to persist data and maintain user authentication and preferences within the session."
https://github.com/HasinthakaPiyumal/AI-Pattern-Mining-Project/tree/main/notebooks/result/ms_repo_callgraph_clusters/jpetstore-6_java/cluster_29.java,Data Model/ Domain design,2.203953867715172,"This Java class defines the `Item` domain model for the JPetStore application, acting as a serializable JavaBean. It encapsulates detailed attributes like price, status, quantity, and a reference to its associated `Product`, providing standard getters and setters for data access."
https://github.com/HasinthakaPiyumal/AI-Pattern-Mining-Project/tree/main/notebooks/result/ms_repo_callgraph_clusters/jpetstore-6_java/cluster_38.java,Data Model/ Domain design,1.1183727563767696,"This `Sequence` class is a serializable domain object for the MyBatis JPetStore application, serving as a simple data model to store a `name` and its corresponding `nextId` using standard JavaBean conventions. It primarily facilitates the management and retrieval of unique identifiers for various entities within the application."
https://github.com/HasinthakaPiyumal/AI-Pattern-Mining-Project/tree/main/notebooks/result/ms_repo_callgraph_clusters/jpetstore-6_java/cluster_36.java,Microservices Test,1.4852281486523469,"This code defines a `Cart` domain object for the JPetStore application, managing items, quantities, and subtotal calculations using a synchronized map and list for efficient access. It also includes a comprehensive Selenide-based integration test suite (`ScreenTransitionIT`) that simulates various user interactions and navigations within the JPetStore web UI to verify core functionalities like ordering, user management, and product browsing."
https://github.com/HasinthakaPiyumal/AI-Pattern-Mining-Project/tree/main/notebooks/result/ms_repo_callgraph_clusters/jpetstore-6_java/cluster_28.java,Business Logic,1.4040842002069889,"This `OrderActionBean` is a Stripes web action responsible for managing customer orders within the JPetStore application. It orchestrates the order lifecycle, handling actions such as listing a user's orders, initiating new orders, processing shipping and confirmation steps, and viewing specific order details, leveraging session-scoped data from `AccountActionBean` and `CartActionBean` and delegating persistence to an `OrderService`."
https://github.com/HasinthakaPiyumal/AI-Pattern-Mining-Project/tree/main/notebooks/result/ms_repo_callgraph_clusters/jpetstore-6_java/cluster_15.java,Business Logic,2.0087539703281547,"This Stripes ActionBean manages the JPetStore's product catalog, providing web actions to display categories, products, and individual items, and to search for products. It utilizes a `CatalogService` to fetch data and maintains session-scoped state for catalog navigation and search results."
https://github.com/HasinthakaPiyumal/AI-Pattern-Mining-Project/tree/main/notebooks/result/ms_repo_callgraph_clusters/jpetstore-6_java/cluster_4.java,Business Logic,1.992139669903317,"This code defines the core account management and product catalog functionalities for a JPetStore application. It utilizes a layered architecture with MyBatis for data access, Spring for service management and transactions, and the Stripes framework for handling web requests, user authentication, and product browsing/searching."
https://github.com/HasinthakaPiyumal/AI-Pattern-Mining-Project/tree/main/notebooks/result/ms_repo_callgraph_clusters/jpetstore-6_java/cluster_17.java,Business Logic,1.9746267919573615,"This `CatalogActionBean` acts as a web controller for the JPetStore application's catalog, handling user requests to view categories, products, and individual items, and to search for products. It uses the Stripes framework to map actions to JSP views, Spring for `CatalogService` dependency injection, and maintains session-scoped state for browsing."
https://github.com/HasinthakaPiyumal/AI-Pattern-Mining-Project/tree/main/notebooks/result/ms_repo_callgraph_clusters/jpetstore-6_java/cluster_14.java,Business Logic,2.06133531564171,"This code defines the `CatalogActionBean`, a Stripes web controller for the JPetStore application, which manages user requests to browse categories, products, and items, and to search the product catalog. It uses an injected `CatalogService` to retrieve data and forwards to specific JSP views, also including the `Product` and `Category` domain model classes."
https://github.com/HasinthakaPiyumal/AI-Pattern-Mining-Project/tree/main/notebooks/result/ms_repo_callgraph_clusters/jpetstore-6_java/cluster_32.java,Data Model/ Domain design,2.2161010922635938,"This Java class defines the `Item` domain entity for the JPetStore application, serving as a serializable Plain Old Java Object (POJO). It encapsulates various item-specific attributes like price, status, and quantity, along with a reference to its associated `Product`, primarily providing standard getters and setters for data access."
https://github.com/HasinthakaPiyumal/AI-Pattern-Mining-Project/tree/main/notebooks/result/ms_repo_callgraph_clusters/jpetstore-6_java/cluster_41.java,Data Model/ Domain design,1.9917614998880109,"This Java class, `Account`, functions as a serializable domain object within the MyBatis JPetStore application, modeling a user's account with comprehensive personal, contact, and preference details. It follows the POJO pattern with standard getters/setters and utilizes `Stripes` framework validation annotations to enforce data integrity on specific fields during account creation or editing."
https://github.com/HasinthakaPiyumal/AI-Pattern-Mining-Project/tree/main/notebooks/result/ms_repo_callgraph_clusters/jpetstore-6_java/cluster_3.java,Business Logic,2.204046473643967,"This code defines the core data access, business logic, and web presentation layers for an e-commerce application, specifically handling catalog browsing, shopping cart management, user accounts, and order processing. It leverages MyBatis for database interactions, Spring for service orchestration and dependency injection, and the Stripes framework for handling web requests and view rendering."
https://github.com/HasinthakaPiyumal/AI-Pattern-Mining-Project/tree/main/notebooks/result/ms_repo_callgraph_clusters/jpetstore-6_java/cluster_8.java,Business Logic,1.0326272319060066,"This Spring `@Service` class, `AccountService`, manages user account data for the JPetStore application. It provides transactional methods to retrieve, insert, and update `Account` details, delegating persistence operations to an `AccountMapper` for account, profile, and sign-on information."
https://github.com/HasinthakaPiyumal/AI-Pattern-Mining-Project/tree/main/notebooks/result/ms_repo_callgraph_clusters/jpetstore-6_java/cluster_30.java,Data Model/ Domain design,2.0566427073035216,"This `Item` class serves as a data model within the JPetStore application, representing a specific product item with attributes such as ID, list price, unit cost, status, quantity, and a reference to its parent `Product`. It's a standard POJO implementing `Serializable` with typical getters and setters for data encapsulation."
https://github.com/HasinthakaPiyumal/AI-Pattern-Mining-Project/tree/main/notebooks/result/ms_repo_callgraph_clusters/jpetstore-6_java/cluster_27.java,Business Logic,1.6987691833596879,"This `OrderActionBean` serves as a Stripes framework controller for the JPetStore application, managing the entire order lifecycle from initiating a new order and handling shipping/confirmation steps to listing and viewing existing orders. It utilizes a Spring-injected `OrderService` to interact with the backend and maintains order-related state within the user's session."
https://github.com/HasinthakaPiyumal/AI-Pattern-Mining-Project/tree/main/notebooks/result/ms_repo_callgraph_clusters/jpetstore-6_java/cluster_0.java,Other,1.4981458911938503,"This Java code, `MavenWrapperDownloader`, downloads a Maven wrapper JAR from a specified URL to a local path, ensuring the target path is within the base directory. It supports HTTP basic authentication via environment variables and uses a temporary file with an atomic move operation for robust and safe file replacement."
https://github.com/HasinthakaPiyumal/AI-Pattern-Mining-Project/tree/main/notebooks/result/ms_repo_callgraph_clusters/sample.daytrader7_java/cluster_11.java,Other,1.4952641093247108,"This Java class serves as a CDI producer for the JSF `ExternalContext`, making it easily injectable into other beans within the `daytrader` sample application. It provides a request-scoped instance of `ExternalContext` by retrieving it from the current `FacesContext`, simplifying access to request, session, and application scopes in a JSF environment."
https://github.com/HasinthakaPiyumal/AI-Pattern-Mining-Project/tree/main/notebooks/result/ms_repo_callgraph_clusters/sample.daytrader7_java/cluster_73.java,Other,1.1809149429043937,"This JSF managed bean, `TradeConfigJSF`, provides a web interface for managing the DayTrader sample application's configuration. It allows users to view and update various runtime parameters, reset the application state, and perform database operations like building tables (selecting DDL based on DB type) or populating initial data."
https://github.com/HasinthakaPiyumal/AI-Pattern-Mining-Project/tree/main/notebooks/result/ms_repo_callgraph_clusters/sample.daytrader7_java/cluster_19.java,Business Logic,1.293732328911605,"This code defines the data models (JPA entities and JSF beans) and web components for a stock trading application. It features servlets for simulating user trading scenarios and handling standard web UI requests, utilizing JSF managed beans to display market summaries, stock quotes, and process trade actions like buying and selling."
https://github.com/HasinthakaPiyumal/AI-Pattern-Mining-Project/tree/main/notebooks/result/ms_repo_callgraph_clusters/sample.daytrader7_java/cluster_81.java,Other,1.5911651816336558,"This JSF managed bean (`@Named(""tradeconfig"")`) provides a web interface for the IBM DayTrader sample application, allowing administrators to view and update various runtime configuration parameters. It also offers administrative functions to reset trade data, populate the database with sample data, and dynamically build database tables based on the detected database type."
https://github.com/HasinthakaPiyumal/AI-Pattern-Mining-Project/tree/main/notebooks/result/ms_repo_callgraph_clusters/sample.daytrader7_java/cluster_31.java,Microservices Test,1.2559694480441097,"This `TradeConfig` class serves as a central, static repository for all configuration and runtime parameters of the DayTrader sample application. It defines various operational modes (e.g., EJB, JDBC, synchronous/asynchronous order processing), database settings, UI types, and workload simulation parameters, along with utility methods for generating random data and managing user IDs for testing scenarios."
https://github.com/HasinthakaPiyumal/AI-Pattern-Mining-Project/tree/main/notebooks/result/ms_repo_callgraph_clusters/sample.daytrader7_java/cluster_7.java,Business Logic,0.8058731951867892,"This code defines the foundational data beans and static configuration for the DayTrader sample application, alongside a comprehensive web-tier. The web components include a servlet for runtime configuration, an application lifecycle listener, multiple WebSocket endpoints for real-time market data and basic communication, and a suite of JSF managed beans for displaying and interacting with trading accounts, portfolios, and market information."
https://github.com/HasinthakaPiyumal/AI-Pattern-Mining-Project/tree/main/notebooks/result/ms_repo_callgraph_clusters/sample.daytrader7_java/cluster_57.java,Other,1.265328183569169,"This Java code defines a session-scoped CDI/JSF managed bean, `PingCDIJSFBean`, for the DayTrader sample application. Its primary function is to track and increment a `hitCount` each time its `getHitCount()` method is accessed, demonstrating basic session state management within a web application."
https://github.com/HasinthakaPiyumal/AI-Pattern-Mining-Project/tree/main/notebooks/result/ms_repo_callgraph_clusters/sample.daytrader7_java/cluster_68.java,Other,1.2311113907716897,"This JSF managed bean (`TradeConfigJSF`) serves as a configuration controller for the DayTrader sample application, enabling users to dynamically update various runtime parameters like trading modes, user limits, and tracing. It also provides administrative functions to reset the trading simulation and manage the underlying database by building tables or populating it with sample data."
https://github.com/HasinthakaPiyumal/AI-Pattern-Mining-Project/tree/main/notebooks/result/ms_repo_callgraph_clusters/sample.daytrader7_java/cluster_9.java,EDA,0.8314976175895187,"This code defines multiple Java EE WebSocket endpoints for the DayTrader sample application, showcasing different messaging types (JSON, text, binary) and communication patterns. The `MarketSummaryWebSocket` specifically provides real-time market summary data, responding to client ""update"" requests and proactively pushing stock price changes received from JMS messages via CDI events using a scheduled executor."
https://github.com/HasinthakaPiyumal/AI-Pattern-Mining-Project/tree/main/notebooks/result/ms_repo_callgraph_clusters/sample.daytrader7_java/cluster_86.java,Other,1.5958976569754442,"This JSF managed bean (`@Named(""tradeconfig"")`) provides an administrative interface for the DayTrader sample application, allowing users to view and dynamically update various runtime configuration parameters such as operation modes, user/quote limits, and tracing. It also includes functionality to reset the trading environment, populate the database with sample data, and build database tables based on the detected RDBMS."
https://github.com/HasinthakaPiyumal/AI-Pattern-Mining-Project/tree/main/notebooks/result/ms_repo_callgraph_clusters/sample.daytrader7_java/cluster_44.java,Microservices Test,0.907218735438238,"This `TradeConfig` class serves as a central, static configuration store for the DayTrader sample application, defining runtime parameters like operational modes, database settings, and web interface paths. It also provides utility methods for generating random trade-related data and dynamically updating these configuration values, often from servlet initialization parameters."
https://github.com/HasinthakaPiyumal/AI-Pattern-Mining-Project/tree/main/notebooks/result/ms_repo_callgraph_clusters/sample.daytrader7_java/cluster_21.java,Business Logic,1.62739833887515,"This file contains the core business logic for a trading application, handling user authentication, stock transactions, and market data, implemented with a flexible architecture supporting direct JDBC/JMS or EJB3. It also includes numerous ""primitive"" servlets and WebSocket endpoints designed to benchmark and showcase various Java EE features, such as asynchronous I/O, database access, CDI, and real-time data streaming."
https://github.com/HasinthakaPiyumal/AI-Pattern-Mining-Project/tree/main/notebooks/result/ms_repo_callgraph_clusters/sample.daytrader7_java/cluster_13.java,Business Logic,1.351470729844696,"The `TradeAction` class serves as the client-side facade for a stock trading sample application, delegating core business logic to EJB3 components. This Java EE application leverages Stateless and Singleton EJBs for transaction management and business operations, JPA for data persistence, JMS for asynchronous order processing, and WebSockets for real-time market data streaming, all configurable for EJB or direct JDBC access."
https://github.com/HasinthakaPiyumal/AI-Pattern-Mining-Project/tree/main/notebooks/result/ms_repo_callgraph_clusters/sample.daytrader7_java/cluster_26.java,Microservices Security,1.926234049608332,"This Java class, `TradeAppJSF`, is a JSF session-scoped managed bean for the DayTrader sample application, responsible for handling user authentication and profile management. It orchestrates user login, registration, profile updates, and logout by interacting with a `TradeAction` business logic component and managing user session attributes."
https://github.com/HasinthakaPiyumal/AI-Pattern-Mining-Project/tree/main/notebooks/result/ms_repo_callgraph_clusters/sample.daytrader7_java/cluster_91.java,Backends for Frontends,2.1345369655404154,"This code defines two JSF managed beans, `PortfolioJSF` and `QuoteJSF`, for the DayTrader sample application. `PortfolioJSF` manages a user's stock holdings, calculating their value and enabling sell operations, while `QuoteJSF` retrieves and displays stock quotes, facilitating buy orders, both leveraging CDI and `HtmlDataTable` for UI interaction."
https://github.com/HasinthakaPiyumal/AI-Pattern-Mining-Project/tree/main/notebooks/result/ms_repo_callgraph_clusters/sample.daytrader7_java/cluster_87.java,Backends for Frontends,1.6843232124716718,"This Java class, `HoldingData`, functions as a JSF/CDI managed bean (`@Named`, `@SessionScoped`) within the DayTrader sample application. It models the detailed data for a user's stock holding, including purchase information, current market value, and calculated gain, also providing a utility method to format the gain for HTML display."
https://github.com/HasinthakaPiyumal/AI-Pattern-Mining-Project/tree/main/notebooks/result/ms_repo_callgraph_clusters/sample.daytrader7_java/cluster_88.java,Backends for Frontends,1.5111624408857676,"This Java class, `HoldingData`, functions as a JSF/CDI `@SessionScoped` managed bean, modeling a user's financial holding with attributes like quantity, purchase price, market value, and gain. It provides standard JavaBean accessors for these properties and includes a utility method to format the gain specifically for HTML display."
https://github.com/HasinthakaPiyumal/AI-Pattern-Mining-Project/tree/main/notebooks/result/ms_repo_callgraph_clusters/sample.daytrader7_java/cluster_10.java,Backends for Frontends,1.8727886999805516,"This JSF managed bean (`PortfolioJSF`) dynamically fetches and processes a user's stock holdings and current quotes to display their complete portfolio, including calculated financial metrics like total gain, value, and basis. It also provides the functionality to execute a sell order for a selected holding within the DayTrader application."
https://github.com/HasinthakaPiyumal/AI-Pattern-Mining-Project/tree/main/notebooks/result/ms_repo_callgraph_clusters/sample.daytrader7_java/cluster_33.java,Microservices Test,1.3856700007367675,"This `TradeConfig` class acts as a central static repository for configuration and runtime parameters of a ""Trade application,"" defining operational modes (e.g., EJB, JDBC), order processing, UI, and database settings. It also provides utility methods for generating random user IDs, stock symbols, and prices, crucial for simulating trading scenarios and managing user selection."
https://github.com/HasinthakaPiyumal/AI-Pattern-Mining-Project/tree/main/notebooks/result/ms_repo_callgraph_clusters/sample.daytrader7_java/cluster_2.java,Backends for Frontends,1.9176824200037867,"This JSF managed bean, `PortfolioJSF`, serves as the controller for displaying a user's stock portfolio in the DayTrader application, fetching holdings, calculating real-time market values, gains, and overall portfolio statistics. It also enables users to initiate sell orders for specific holdings directly from their portfolio view."
https://github.com/HasinthakaPiyumal/AI-Pattern-Mining-Project/tree/main/notebooks/result/ms_repo_callgraph_clusters/sample.daytrader7_java/cluster_79.java,Other,1.6383265617814995,"This JSF managed bean (`@Named(""tradeconfig"")`) provides an administrative interface for the DayTrader sample application, allowing users to view and update various runtime configurations like processing modes, user/quote limits, and tracing settings. It also offers administrative functions to reset the application, populate the database with sample data, and build database tables based on the detected database product."
https://github.com/HasinthakaPiyumal/AI-Pattern-Mining-Project/tree/main/notebooks/result/ms_repo_callgraph_clusters/sample.daytrader7_java/cluster_47.java,Other,1.388247642366831,"This Java utility class, `Log`, provides a static facade over `java.util.logging.Logger` for the DayTrader application, offering simplified methods for logging informational messages, errors (including stack traces), and fine-grained traces. It centralizes logging operations and delegates trace configuration management to an external `TradeConfig` class."
https://github.com/HasinthakaPiyumal/AI-Pattern-Mining-Project/tree/main/notebooks/result/ms_repo_callgraph_clusters/sample.daytrader7_java/cluster_70.java,Other,1.1838548722043924,"This JSF managed bean, `TradeConfigJSF`, serves as the administrative interface for the DayTrader sample application, enabling users to view and dynamically update various runtime configuration parameters like operation modes, user limits, and tracing. Additionally, it provides utility methods for administrative tasks such as resetting trade data, populating the database with sample data, and building database tables tailored to the detected database product."
https://github.com/HasinthakaPiyumal/AI-Pattern-Mining-Project/tree/main/notebooks/result/ms_repo_callgraph_clusters/sample.daytrader7_java/cluster_46.java,Other,1.4131766213075985,"This `Log` utility class provides a centralized, static facade over `java.util.logging.Logger` for the DayTrader application, offering simplified methods for informational logging, detailed tracing, and error reporting with stack traces. It features extensive method overloading for various log types and delegates trace configuration to an external `TradeConfig` class."
https://github.com/HasinthakaPiyumal/AI-Pattern-Mining-Project/tree/main/notebooks/result/ms_repo_callgraph_clusters/sample.daytrader7_java/cluster_82.java,Other,1.6366633691711,"This JSF managed bean (`@Named(""tradeconfig"")`) provides an interface for viewing and updating various runtime configuration parameters of the DayTrader sample application, such as runtime mode, order processing, and user/quote counts. It also includes administrative functions to reset the application and build or populate its database, leveraging a `TradeConfig` utility for persistence."
https://github.com/HasinthakaPiyumal/AI-Pattern-Mining-Project/tree/main/notebooks/result/ms_repo_callgraph_clusters/sample.daytrader7_java/cluster_6.java,Backends for Frontends,1.8595397497429431,"This JSF managed bean (`@Named(""portfolio"")`) manages and displays a user's stock portfolio, retrieving their holdings, calculating market values, total gains, and providing functionality to sell individual holdings. It uses CDI for dependency injection and interacts with a `TradeAction` service for business logic."
https://github.com/HasinthakaPiyumal/AI-Pattern-Mining-Project/tree/main/notebooks/result/ms_repo_callgraph_clusters/sample.daytrader7_java/cluster_39.java,Microservices Test,1.3791726083359626,"This `TradeConfig` class serves as a central, static configuration hub for the IBM DayTrader sample application, defining all runtime parameters such as operational modes, UI types, and database scaling limits. It also provides extensive utility methods for generating random user, stock, and trade data, crucial for simulating a dynamic trading environment and defining workload scenarios."
https://github.com/HasinthakaPiyumal/AI-Pattern-Mining-Project/tree/main/notebooks/result/ms_repo_callgraph_clusters/sample.daytrader7_java/cluster_90.java,Backends for Frontends,1.9446518347101165,"This code defines two JSF managed beans, `PortfolioJSF` and `QuoteJSF`, which power the DayTrader sample application's web interface. `PortfolioJSF` manages a user's stock portfolio, displaying holdings, calculating gains, and processing sell orders, while `QuoteJSF` retrieves and presents stock quotes, enabling buy orders, both interacting with a `TradeAction` service."
https://github.com/HasinthakaPiyumal/AI-Pattern-Mining-Project/tree/main/notebooks/result/ms_repo_callgraph_clusters/sample.daytrader7_java/cluster_35.java,Microservices Test,1.2717885929436594,"This `TradeConfig` class acts as a central, static configuration store for the DayTrader sample application, defining various runtime parameters such as operational modes (EJB, JDBC), order processing, UI preferences, and database settings. It also provides utility methods for generating random user and market data, crucial for simulating trade scenarios and managing user IDs through a ""card deck"" approach."
https://github.com/HasinthakaPiyumal/AI-Pattern-Mining-Project/tree/main/notebooks/result/ms_repo_callgraph_clusters/sample.daytrader7_java/cluster_1.java,Backends for Frontends,1.803268293351815,"This JSF managed bean (`@Named(""portfolio"")`) retrieves and displays a user's stock portfolio, calculating real-time market values, total gains, and percentages based on current quotes and purchase prices. It also provides functionality to sell a selected holding, interacting with a `TradeAction` service for business logic and using `BigDecimal` for precise financial calculations."
https://github.com/HasinthakaPiyumal/AI-Pattern-Mining-Project/tree/main/notebooks/result/ms_repo_callgraph_clusters/sample.daytrader7_java/cluster_72.java,Other,1.6013500419400033,"This JSF managed bean (`@Named(""tradeconfig"")`) provides an administrative interface for the DayTrader sample application, allowing users to view and update various runtime configuration parameters. It also offers functionality to reset the application, populate the database with sample data, and build database tables dynamically based on the detected database product."
https://github.com/HasinthakaPiyumal/AI-Pattern-Mining-Project/tree/main/notebooks/result/ms_repo_callgraph_clusters/sample.daytrader7_java/cluster_85.java,Other,1.100539117336727,"This JSF managed bean, `TradeConfigJSF`, serves as a web interface for dynamically configuring the DayTrader application's runtime parameters, including operational modes, user/quote limits, and tracing. It also provides administrative functions to reset trade data, populate the database with sample users and quotes, and build database tables based on the detected database type."
https://github.com/HasinthakaPiyumal/AI-Pattern-Mining-Project/tree/main/notebooks/result/ms_repo_callgraph_clusters/sample.daytrader7_java/cluster_34.java,Microservices Test,1.2454539299119323,"This `TradeConfig` class acts as a central, static configuration and utility hub for the IBM DayTrader sample application. It defines all runtime parameters, including operational modes, UI types, scaling limits, and financial constants, while also providing methods for generating random test data and controlling workload scenarios."
https://github.com/HasinthakaPiyumal/AI-Pattern-Mining-Project/tree/main/notebooks/result/ms_repo_callgraph_clusters/sample.daytrader7_java/cluster_59.java,Other,1.0591735524473396,This `ActionDecoder` class implements `javax.websocket.Decoder.Text` to specifically decode incoming WebSocket JSON text messages into `ActionMessage` objects for the DayTrader sample application. It delegates the actual JSON parsing logic to the `ActionMessage` class's `doDecoding` method.
https://github.com/HasinthakaPiyumal/AI-Pattern-Mining-Project/tree/main/notebooks/result/ms_repo_callgraph_clusters/sample.daytrader7_java/cluster_84.java,Other,1.2556649891771856,"This JSF managed bean (`TradeConfigJSF`) provides an administrative interface for the DayTrader sample application, allowing users to view and update various runtime configuration parameters, reset the trading simulation, and manage the underlying database schema and data population. It acts as a controller for application-wide settings, leveraging a static `TradeConfig` class and backend services for these operations."
https://github.com/HasinthakaPiyumal/AI-Pattern-Mining-Project/tree/main/notebooks/result/ms_repo_callgraph_clusters/sample.daytrader7_java/cluster_95.java,Backends for Frontends,1.881031465346004,"This `PortfolioJSF` managed bean, part of the DayTrader sample application, dynamically retrieves and displays a user's stock portfolio, calculating real-time financial metrics like total gain and market value. It also facilitates selling specific holdings by interacting with CDI-injected `TradeAction` and `ExternalContext` services."
https://github.com/HasinthakaPiyumal/AI-Pattern-Mining-Project/tree/main/notebooks/result/ms_repo_callgraph_clusters/sample.daytrader7_java/cluster_37.java,Microservices Test,1.039694490365153,"This `TradeConfig` class centralizes all static configuration and runtime parameters for the IBM DayTrader sample application, defining operational modes (e.g., EJB, JDBC, sync/async), web interface types, and database scaling limits. It also includes utility methods for generating random trade data and managing workload scenarios, crucial for performance testing and demonstrations."
https://github.com/HasinthakaPiyumal/AI-Pattern-Mining-Project/tree/main/notebooks/result/ms_repo_callgraph_clusters/sample.daytrader7_java/cluster_60.java,Backends for Frontends,1.7269133928675937,"This JSF managed bean (`AccountDataJSF`) retrieves and processes a user's financial account details, stock holdings, and both open and closed orders from a `TradeAction` service. It populates properties for web display, including calculated metrics like total holdings, gain, and gain percentage, leveraging CDI for dependency injection and session management."
https://github.com/HasinthakaPiyumal/AI-Pattern-Mining-Project/tree/main/notebooks/result/ms_repo_callgraph_clusters/sample.daytrader7_java/cluster_42.java,Microservices Test,1.2713263762079647,"This `TradeConfig` class serves as a central configuration and utility hub for the IBM DayTrader sample application, defining runtime parameters like EJB/JDBC mode, order processing, and web interface. It also provides static methods for generating random user and trade data, and managing simulated user action scenarios to drive performance testing or demonstrations."
https://github.com/HasinthakaPiyumal/AI-Pattern-Mining-Project/tree/main/notebooks/result/ms_repo_callgraph_clusters/sample.daytrader7_java/cluster_61.java,Backends for Frontends,1.582934727691291,"These two JavaServer Faces (JSF) managed beans, `OrderDataJSF` and `AccountDataJSF`, are responsible for retrieving and presenting user-specific trading data within the IBM DayTrader sample application. They leverage CDI to inject business logic (`TradeAction`) and session context, transforming backend entities into UI-friendly objects to display comprehensive account summaries, financial metrics, and order histories."
https://github.com/HasinthakaPiyumal/AI-Pattern-Mining-Project/tree/main/notebooks/result/ms_repo_callgraph_clusters/sample.daytrader7_java/cluster_45.java,Other,1.3658848692734429,"This code defines two custom Java annotations for the DayTrader sample application: `@WebSocketJMSMessage` serves as a CDI qualifier to distinguish WebSocket and JMS related dependencies, while `@PingInterceptorBinding` is a CDI interceptor binding used to apply cross-cutting concerns to specific types or constructors, likely for ""ping"" operations. Both leverage standard Java EE annotation patterns for dependency injection and aspect-oriented programming."
https://github.com/HasinthakaPiyumal/AI-Pattern-Mining-Project/tree/main/notebooks/result/ms_repo_callgraph_clusters/sample.daytrader7_java/cluster_23.java,Microservices Security,1.2718273628084416,"This JSF session-scoped managed bean, `TradeAppJSF`, serves as a front-end controller for a trading application, handling user authentication (login, logout), registration, and profile updates. It leverages CDI to inject business logic from a `TradeAction` component and manages user session data for web-based interactions."
https://github.com/HasinthakaPiyumal/AI-Pattern-Mining-Project/tree/main/notebooks/result/ms_repo_callgraph_clusters/sample.daytrader7_java/cluster_20.java,Microservices Security,1.7506355435202448,"This JSF session-scoped managed bean, `TradeAppJSF`, serves as the web-tier controller for user authentication and profile management within the DayTrader sample application. It orchestrates user login, registration, profile updates, and logout by injecting and delegating to a `TradeAction` business logic component."
https://github.com/HasinthakaPiyumal/AI-Pattern-Mining-Project/tree/main/notebooks/result/ms_repo_callgraph_clusters/sample.daytrader7_java/cluster_83.java,Other,1.6237698894315733,"This JSF managed bean (`@Named(""tradeconfig"")`) provides a web-based administrative interface for the DayTrader sample application, enabling users to view and update various runtime configuration parameters. It also includes functionality to reset the application state, populate the database with sample data, and dynamically build database tables based on the detected database product."
https://github.com/HasinthakaPiyumal/AI-Pattern-Mining-Project/tree/main/notebooks/result/ms_repo_callgraph_clusters/sample.daytrader7_java/cluster_64.java,Backends for Frontends,1.7651476981357026,"This code defines JavaServer Faces (JSF) managed beans and data models (`QuoteData`, `HoldingData`, `AccountDataJSF`) for the IBM DayTrader sample application. Its main functionality is to retrieve, process, and present financial trading data—such as stock quotes, user holdings, and account details with associated orders—for display in a web user interface, leveraging `BigDecimal` for precise financial calculations and often generating HTML-formatted output."
https://github.com/HasinthakaPiyumal/AI-Pattern-Mining-Project/tree/main/notebooks/result/ms_repo_callgraph_clusters/sample.daytrader7_java/cluster_49.java,Data Model/ Domain design,1.1478981282327656,"This `FinancialUtils` class provides static utility methods for performing precise financial calculations, such as computing gain, gain percentage, and total holdings, using `BigDecimal`. It also includes functions to format these financial results into HTML strings, incorporating color-coding (red/green) and directional arrows for visual representation within a web application."
https://github.com/HasinthakaPiyumal/AI-Pattern-Mining-Project/tree/main/notebooks/result/ms_repo_callgraph_clusters/sample.daytrader7_java/cluster_89.java,Data Model/ Domain design,2.1982628747481083,"This `OrderData` class functions as a data transfer object (DTO) within the IBM WebSphere DayTrader sample application, specifically designed to encapsulate comprehensive details of a trading order. It provides fields, constructors, and standard getters/setters for attributes like order ID, status, dates, type, quantity, and symbol, utilizing `BigDecimal` for financial values such as price, fee, and total."
https://github.com/HasinthakaPiyumal/AI-Pattern-Mining-Project/tree/main/notebooks/result/ms_repo_callgraph_clusters/sample.daytrader7_java/cluster_29.java,Backends for Frontends,1.9215643213045843,"This JSF managed bean (`AccountDataJSF`) acts as a view model for the DayTrader sample application, responsible for fetching and preparing a user's financial account details, holdings, and order history for display on a web page. It uses CDI to inject `TradeAction` and `ExternalContext` to retrieve user-specific data and calculate financial metrics like gain and total holdings."
https://github.com/HasinthakaPiyumal/AI-Pattern-Mining-Project/tree/main/notebooks/result/ms_repo_callgraph_clusters/sample.daytrader7_java/cluster_38.java,Microservices Test,1.4252341465341698,"This `TradeConfig` class acts as a central, static configuration store for the DayTrader sample application, defining various runtime parameters such as execution modes, database settings, UI pages, and workload scenario mixes. It also provides utility methods for generating random user, stock, and price data to simulate trading activities."
https://github.com/HasinthakaPiyumal/AI-Pattern-Mining-Project/tree/main/notebooks/result/ms_repo_callgraph_clusters/sample.daytrader7_java/cluster_48.java,Other,1.6574518284485964,"This `Log` utility class provides a simplified, static facade over `java.util.logging` for the `daytrader` application, offering methods for informational logging, fine-grained tracing (including method entry/exit), and robust error reporting with stack traces. It centralizes logging operations and integrates with `TradeConfig` to manage trace configuration settings."
https://github.com/HasinthakaPiyumal/AI-Pattern-Mining-Project/tree/main/notebooks/result/ms_repo_callgraph_clusters/sample.daytrader7_java/cluster_36.java,Microservices Test,0.9913792913573867,"This `TradeConfig` class serves as a central repository for static configuration and runtime parameters for a ""Trade"" application, defining settings like runtime mode (EJB3, JDBC), order processing, web interface, and database scaling. It also provides utility methods for generating random user IDs, stock symbols, and price changes, and for dynamically updating these configurations."
https://github.com/HasinthakaPiyumal/AI-Pattern-Mining-Project/tree/main/notebooks/result/ms_repo_callgraph_clusters/sample.daytrader7_java/cluster_74.java,Other,1.6281879718901668,"This JSF managed bean (`@Named(""tradeconfig"")`) serves as an administrative interface for the DayTrader sample application, allowing users to view and dynamically update various runtime configuration parameters such as operating modes, user/quote limits, and tracing. It also provides methods for administrative tasks like resetting trade data, building database tables, and populating the database with sample data."
https://github.com/HasinthakaPiyumal/AI-Pattern-Mining-Project/tree/main/notebooks/result/ms_repo_callgraph_clusters/sample.daytrader7_java/cluster_55.java,Backends for Frontends,1.5433496617456357,"This JSF managed bean (`AccountDataJSF`) retrieves and processes a user's financial account data, including holdings and order history, from a `TradeAction` service. It calculates financial metrics like gain and gain percentage, making this information available for display on a web page through its `@RequestScoped` lifecycle."
https://github.com/HasinthakaPiyumal/AI-Pattern-Mining-Project/tree/main/notebooks/result/ms_repo_callgraph_clusters/sample.daytrader7_java/cluster_96.java,Backends for Frontends,1.8237992047854592,"This JSF managed bean (`@Named(""portfolio"")`) provides the backing logic for displaying a user's stock portfolio in the DayTrader application. It retrieves user holdings, calculates financial metrics such as total value, gain, and basis for each holding, and offers functionality to execute a sell order for a selected stock."
https://github.com/HasinthakaPiyumal/AI-Pattern-Mining-Project/tree/main/notebooks/result/ms_repo_callgraph_clusters/sample.daytrader7_java/cluster_63.java,Data Model/ Domain design,2.150993466197022,"This `QuoteData` Java class models a stock quote, encapsulating financial attributes like price, open, high, and low using `BigDecimal` for precision. It provides constructors to initialize this data and includes specialized methods to format financial values into HTML strings, complete with color coding and directional indicators, for direct rendering in a web user interface."
https://github.com/HasinthakaPiyumal/AI-Pattern-Mining-Project/tree/main/notebooks/result/ms_repo_callgraph_clusters/sample.daytrader7_java/cluster_67.java,Other,1.1303448279590322,"This JSF managed bean, `TradeConfigJSF`, provides a web interface for managing the IBM DayTrader sample application's runtime configuration, allowing users to view and update parameters like runtime mode, user/quote limits, and tracing. It also includes administrative functions to reset trade data, populate the database with sample data, and dynamically build database tables based on the detected database type."
https://github.com/HasinthakaPiyumal/AI-Pattern-Mining-Project/tree/main/notebooks/result/ms_repo_callgraph_clusters/sample.daytrader7_java/cluster_4.java,Backends for Frontends,1.9759778863951927,"This JSF managed bean, `PortfolioJSF`, serves as the controller for displaying a user's stock portfolio in the DayTrader application. It retrieves user holdings, calculates their current market value, total gains/losses, and provides the functionality to sell individual stock holdings via a UI data table."
https://github.com/HasinthakaPiyumal/AI-Pattern-Mining-Project/tree/main/notebooks/result/ms_repo_callgraph_clusters/sample.daytrader7_java/cluster_77.java,Other,0.8650389106972818,"This JSF managed bean provides an administrative interface for the DayTrader sample application, enabling users to view and update various runtime configuration parameters like operation modes, user/quote limits, and tracing. It also offers functionality to reset the trading simulation and manage the application's database, including table creation and data population."
https://github.com/HasinthakaPiyumal/AI-Pattern-Mining-Project/tree/main/notebooks/result/ms_repo_callgraph_clusters/sample.daytrader7_java/cluster_17.java,Business Logic,1.7019385454327514,"This Java EJB (`TradeSLSBBean`) provides the core business logic for an online stock trading application, managing user accounts, stock quotes, holdings, and orders. It utilizes JPA for persistence and JMS for asynchronous order processing and real-time market data streaming, supporting both synchronous and asynchronous transaction completion via JMS or managed threads."
https://github.com/HasinthakaPiyumal/AI-Pattern-Mining-Project/tree/main/notebooks/result/ms_repo_callgraph_clusters/sample.daytrader7_java/cluster_66.java,Other,1.4753013555232233,"This JSF managed bean (`@Named(""tradeconfig"")`) provides an administrative interface for the DayTrader sample application, allowing users to view and dynamically update various runtime configuration parameters. It also offers functionality to reset trade data, populate the database with sample users and quotes, and build database tables by selecting the appropriate DDL script based on the detected database product."
https://github.com/HasinthakaPiyumal/AI-Pattern-Mining-Project/tree/main/notebooks/result/ms_repo_callgraph_clusters/sample.daytrader7_java/cluster_94.java,Backends for Frontends,2.029550776688108,"This code consists of two JSF managed beans, `PortfolioJSF` and `AccountDataJSF`, designed for the DayTrader sample application. `PortfolioJSF` retrieves and displays a user's stock holdings, calculates portfolio value and gains, and facilitates selling actions, while `AccountDataJSF` fetches and presents comprehensive user account details, including balances, login history, and order history, both interacting with a `TradeAction` business component for data."
https://github.com/HasinthakaPiyumal/AI-Pattern-Mining-Project/tree/main/notebooks/result/ms_repo_callgraph_clusters/sample.daytrader7_java/cluster_92.java,Backends for Frontends,2.0299113129455923,"This code consists of two JSF managed beans, `PortfolioJSF` and `AccountDataJSF`, which provide the web-tier logic for the DayTrader application. `PortfolioJSF` manages the display and selling of a user's stock holdings, including real-time market value and gain calculations, while `AccountDataJSF` presents comprehensive account details, login history, and a list of all past and current orders."
https://github.com/HasinthakaPiyumal/AI-Pattern-Mining-Project/tree/main/notebooks/result/ms_repo_callgraph_clusters/sample.daytrader7_java/cluster_41.java,Microservices Test,1.4155959705398518,"This `TradeConfig` class serves as a central, static repository for all configuration and runtime parameters of the DayTrader sample application, defining operational modes (EJB/JDBC), UI settings, and database parameters. It also provides utility methods for generating random user and stock data, managing user ID distribution via a ""card deck"" approach, and defining workload scenarios for simulation and benchmarking."
https://github.com/HasinthakaPiyumal/AI-Pattern-Mining-Project/tree/main/notebooks/result/ms_repo_callgraph_clusters/sample.daytrader7_java/cluster_18.java,Microservices Security,1.8230329542154045,"This JSF `@SessionScoped` managed bean, `TradeAppJSF`, serves as the frontend controller for user authentication and profile management within the DayTrader sample application. It handles user login, registration, profile updates, and logout by delegating business logic to an injected `TradeAction` component and managing session state."
https://github.com/HasinthakaPiyumal/AI-Pattern-Mining-Project/tree/main/notebooks/result/ms_repo_callgraph_clusters/sample.daytrader7_java/cluster_8.java,Other,0.8623153763960009,"This code forms the core of the IBM DayTrader sample application, a Java EE benchmark simulating a stock trading platform. It provides servlets for user interaction, scenario-based workload generation, and administrative configuration, alongside a suite of ""primitive"" servlets designed to test specific Java EE features like asynchronous I/O, database access, EJB interactions, and session management."
https://github.com/HasinthakaPiyumal/AI-Pattern-Mining-Project/tree/main/notebooks/result/ms_repo_callgraph_clusters/sample.daytrader7_java/cluster_30.java,Microservices Test,1.1969834454332429,"This `TradeConfig` class acts as a central static repository for all configuration and runtime parameters of the DayTrader sample application. It defines various operational modes (e.g., EJB, JDBC), database settings, UI paths, and workload scenario mixes, providing utility methods for generating random trade data and dynamically updating these settings."
https://github.com/HasinthakaPiyumal/AI-Pattern-Mining-Project/tree/main/notebooks/result/ms_repo_callgraph_clusters/sample.daytrader7_java/cluster_76.java,Other,1.5512298237072015,"This JSF managed bean (`@Named(""tradeconfig"")`) serves as the administrative interface for the DayTrader sample application, enabling users to view and dynamically update various application-wide configuration parameters managed by the `TradeConfig` utility. It also provides functionality to reset the trading environment and manage database operations, such as building tables and populating sample data."
https://github.com/HasinthakaPiyumal/AI-Pattern-Mining-Project/tree/main/notebooks/result/ms_repo_callgraph_clusters/sample.daytrader7_java/cluster_69.java,Other,1.4193121501987198,"This JSF managed bean (`@Named(""tradeconfig"")`) serves as a web-based control panel for the DayTrader application, enabling users to dynamically configure various runtime settings, reset trade data, and manage database operations like table creation and population. It exposes application configuration parameters and administrative functions through a request-scoped interface."
https://github.com/HasinthakaPiyumal/AI-Pattern-Mining-Project/tree/main/notebooks/result/ms_repo_callgraph_clusters/sample.daytrader7_java/cluster_75.java,Other,1.3150637589135374,"This JSF managed bean (`TradeConfigJSF`) provides a web interface for viewing and updating the DayTrader sample application's runtime configuration parameters. It also offers administrative functions to reset the application, populate the database with sample data, and build database tables by dynamically selecting the appropriate DDL script based on the detected database type."
https://github.com/HasinthakaPiyumal/AI-Pattern-Mining-Project/tree/main/notebooks/result/ms_repo_callgraph_clusters/sample.daytrader7_java/cluster_5.java,Backends for Frontends,1.7541983761631612,"This JSF managed bean (`@Named(""portfolio"")`) retrieves and displays a user's stock portfolio, calculating real-time market values, purchase basis, and total gains/losses for all holdings. It also provides functionality to initiate a sell order for a selected holding, interacting with a `TradeAction` service."
https://github.com/HasinthakaPiyumal/AI-Pattern-Mining-Project/tree/main/notebooks/result/ms_repo_callgraph_clusters/sample.daytrader7_java/cluster_43.java,Microservices Test,1.1118442994760493,"This `TradeConfig` Java class acts as a central, static repository for all configuration and runtime parameters of the DayTrader sample application. It defines various settings such as runtime mode (EJB3, JDBC), order processing, web interface, database connection details, user/quote limits, and stock price behavior, while also providing utility methods for generating random test data and dynamically updating these configurations."
https://github.com/HasinthakaPiyumal/AI-Pattern-Mining-Project/tree/main/notebooks/result/ms_repo_callgraph_clusters/sample.daytrader7_java/cluster_71.java,Other,1.1210589789867271,"This JSF managed bean (`TradeConfigJSF`) provides an administrative interface for the DayTrader sample application, allowing users to view and dynamically update various runtime configurations like order processing mode, user/quote limits, and tracing. It also offers utility functions for administrative tasks such as resetting trade data, populating the database with sample data, and building database tables based on the detected database type."
https://github.com/HasinthakaPiyumal/AI-Pattern-Mining-Project/tree/main/notebooks/result/ms_repo_callgraph_clusters/sample.daytrader7_java/cluster_51.java,Data Model/ Domain design,1.1690664795343177,"This `FinancialUtils` class provides utility methods for precise financial calculations, primarily using `BigDecimal` to compute gains, percentages, and total holdings for a trading application. It also includes functions to format these financial figures into HTML strings, incorporating color-coding and directional arrow images for visual representation of positive or negative values."
https://github.com/HasinthakaPiyumal/AI-Pattern-Mining-Project/tree/main/notebooks/result/ms_repo_callgraph_clusters/sample.daytrader7_java/cluster_97.java,Backends for Frontends,1.855160225866481,"This JSF managed bean (`@Named(""portfolio"")`) serves as a controller for displaying and managing a user's stock portfolio within the DayTrader application. It retrieves user holdings, calculates their current market value, gains, and provides an action to sell a selected stock, leveraging CDI for dependency injection and JSF for UI integration."
https://github.com/HasinthakaPiyumal/AI-Pattern-Mining-Project/tree/main/notebooks/result/ms_repo_callgraph_clusters/sample.daytrader7_java/cluster_80.java,Other,1.7413255499941993,"This JSF managed bean (`@Named(""tradeconfig"")`) provides a web interface for the DayTrader sample application, enabling users to view and dynamically update various application-wide configuration parameters like runtime mode, user limits, and tracing. It also offers administrative functions to reset trade data, build database tables, and populate the database with sample data, leveraging a static `TradeConfig` utility for state management."
https://github.com/HasinthakaPiyumal/AI-Pattern-Mining-Project/tree/main/notebooks/result/ms_repo_callgraph_clusters/Retail-Banking-System_java/cluster_11.java,Business Logic,1.7694784372443508,"This code defines core services for a retail banking system, encompassing account and customer management, business rule evaluation, and robust role-based access control. It utilizes a microservices architecture with Spring Boot, employing Feign clients for inter-service communication and comprehensive JUnit tests for validation."
https://github.com/HasinthakaPiyumal/AI-Pattern-Mining-Project/tree/main/notebooks/result/ms_repo_callgraph_clusters/Retail-Banking-System_java/cluster_19.java,Microservices Test,1.319367899806925,"This code consists of multiple JUnit test classes designed to thoroughly verify the `Transaction` model's getter and setter methods. It ensures proper data encapsulation by setting various properties and then asserting that the correct values are retrieved, often testing both default and parameterized constructor instantiations."
https://github.com/HasinthakaPiyumal/AI-Pattern-Mining-Project/tree/main/notebooks/result/ms_repo_callgraph_clusters/Retail-Banking-System_java/cluster_7.java,Microservices Test,1.778631770392075,"This collection of Java files constitutes a comprehensive suite of Spring Boot integration and unit tests for a retail banking microservices architecture. It extensively uses `MockMvc` to simulate HTTP requests to various API endpoints (Account, Authentication, Rules, Customer services) and `Mockito` to mock service layer and Feign client dependencies for isolated testing."
https://github.com/HasinthakaPiyumal/AI-Pattern-Mining-Project/tree/main/notebooks/result/ms_repo_callgraph_clusters/Retail-Banking-System_java/cluster_9.java,Other,2.0552489307008437,"This code defines multiple Spring `@RestControllerAdvice` classes that provide centralized exception handling for various microservices. Each class uses `@ExceptionHandler` annotations to catch specific exceptions (e.g., `MinimumBalanceException`, `UsernameNotFoundException`, `MalformedJwtException`) and return custom, structured error responses with relevant HTTP status codes."
https://github.com/HasinthakaPiyumal/AI-Pattern-Mining-Project/tree/main/notebooks/result/ms_repo_callgraph_clusters/Retail-Banking-System_java/cluster_10.java,Microservices Test,1.8418843661048296,"This JUnit 5 test class, `AccountErrorResponseTest`, validates the setter and getter methods of the `CustomErrorResponse` model, ensuring its fields like status, reason, message, and timestamp can be correctly set and retrieved. It specifically confirms the proper functioning of the model's data encapsulation for error handling."
https://github.com/HasinthakaPiyumal/AI-Pattern-Mining-Project/tree/main/notebooks/result/ms_repo_callgraph_clusters/Retail-Banking-System_java/cluster_6.java,Microservices Security,2.45940727766118,"This Spring Security configuration file establishes an authentication service using JWT-based authentication, BCrypt password encoding, and stateless sessions. It defines specific access rules, ignoring certain paths and requiring authentication with role-based authorization for others, by integrating a custom `JwtRequestFilter`."
https://github.com/HasinthakaPiyumal/AI-Pattern-Mining-Project/tree/main/notebooks/result/ms_repo_callgraph_clusters/Retail-Banking-System_java/cluster_12.java,Microservices Test,1.6629458860213853,"This JUnit test class verifies the `AccessDeniedException` by asserting that two distinct instances of the exception, whether initialized with a message or not, are not considered equal, leveraging AssertJ for clear assertions."
https://github.com/HasinthakaPiyumal/AI-Pattern-Mining-Project/tree/main/notebooks/result/ms_repo_callgraph_clusters/Retail-Banking-System_java/cluster_1.java,Business Logic,1.952425944923903,"This code defines a suite of Spring Boot microservices for a retail banking application, encompassing functionalities like account management, authentication, business rules, customer service, and transaction processing. These services are designed with a distributed architecture, leveraging Spring Cloud Feign for inter-service communication and Swagger for API documentation."
https://github.com/HasinthakaPiyumal/AI-Pattern-Mining-Project/tree/main/notebooks/result/ms_repo_callgraph_clusters/Retail-Banking-System_java/cluster_23.java,Microservices Test,1.9394165453441397,"This code consists of multiple JUnit test files that validate the basic getter, setter, and constructor functionality of various error response model classes (e.g., `AccountErrorResponse`, `ErrorMessage`) across different microservices. It systematically uses `assertEquals` to verify proper data encapsulation for fields like timestamp, status, reason, and message, often testing null and specific string values."
https://github.com/HasinthakaPiyumal/AI-Pattern-Mining-Project/tree/main/notebooks/result/ms_repo_callgraph_clusters/Retail-Banking-System_java/cluster_16.java,Data Model/ Domain design,1.7792609720116086,"This code defines the core data models and Data Transfer Objects (DTOs) for a retail banking microservice system, encompassing entities like `Account`, `Statement`, `CustomerEntity`, and `AppUser`, along with various input structures for transactions and accounts. It extensively uses JPA annotations for database persistence, Lombok for boilerplate code reduction, and JSR 303/380 validation to ensure data integrity across services like Account, Authentication, Rules, Customer, and Transaction."
https://github.com/HasinthakaPiyumal/AI-Pattern-Mining-Project/tree/main/notebooks/result/ms_repo_callgraph_clusters/Retail-Banking-System_java/cluster_15.java,Microservices Security,1.6245588761893957,"This code file outlines a Spring Boot microservices architecture for a ""Retail-Banking-System,"" featuring distinct services for accounts, authentication, rules, customers, and transactions. It implements robust JWT-based security using Spring Security with a custom filter and BCrypt encoding, integrates Spring Cloud for service discovery and inter-service communication, and provides API documentation via Swagger."
https://github.com/HasinthakaPiyumal/AI-Pattern-Mining-Project/tree/main/notebooks/result/ms_repo_callgraph_clusters/Retail-Banking-System_java/cluster_4.java,Business Logic,1.8761743960779989,"This collection of code files represents core components of a microservice-based retail banking system, including Spring Boot applications for Account, Rules, Transaction, Authentication, and Customer services. It leverages Feign clients for inter-service communication, Swagger for API documentation, and implements custom exception handling with corresponding JUnit tests."
https://github.com/HasinthakaPiyumal/AI-Pattern-Mining-Project/tree/main/notebooks/result/ms_repo_callgraph_clusters/Retail-Banking-System_java/cluster_17.java,Business Logic,1.9759386710694293,"This code defines a comprehensive Spring Boot microservices application for a Retail Banking System, encompassing distinct services for account management, customer operations, transaction processing, authentication, and business rule enforcement. It leverages Feign clients for inter-service communication, JPA for data persistence, and includes extensive unit and integration testing across all modules."
https://github.com/HasinthakaPiyumal/AI-Pattern-Mining-Project/tree/main/notebooks/result/ms_repo_callgraph_clusters/Retail-Banking-System_java/cluster_14.java,Other,1.899165660744012,"This code defines a Spring `@RestControllerAdvice` for global exception handling, specifically catching `MinimumBalanceException` within a transaction service and returning a structured `TransactionErrorResponse` with an HTTP 406 (Not Acceptable) status. It also includes unit tests for the `TransactionErrorResponse` model, verifying its setter and getter methods."
https://github.com/HasinthakaPiyumal/AI-Pattern-Mining-Project/tree/main/notebooks/result/ms_repo_callgraph_clusters/Retail-Banking-System_java/cluster_18.java,Business Logic,1.6242272828763196,"This Spring Boot service manages core banking account operations, including creating, retrieving, updating balances, and deleting accounts, along with generating account statements. It leverages Feign clients to interact with separate authentication and transaction microservices for user validation and fetching transaction history."
https://github.com/HasinthakaPiyumal/AI-Pattern-Mining-Project/tree/main/notebooks/result/ms_repo_callgraph_clusters/Retail-Banking-System_java/cluster_3.java,Microservices Test,1.8291899525579067,"This code file contains a comprehensive suite of JUnit tests for various models and core components across multiple microservices within a banking application. It primarily focuses on verifying the correct functionality of POJO getters, setters, and constructors for entities like `Transaction`, `CustomerEntity`, `Account`, `AppUser`, and `AccountCreationStatus`, alongside basic Spring Boot application context loading."
https://github.com/HasinthakaPiyumal/AI-Pattern-Mining-Project/tree/main/notebooks/result/ms_repo_callgraph_clusters/Retail-Banking-System_java/cluster_0.java,Business Logic,1.4956998279028229,"This code defines the Spring Boot-based Account microservice for a retail banking system, providing RESTful APIs to manage customer accounts, including creation, retrieval, balance operations (deposit, withdraw, transfer, service charges), and statement generation. It leverages Feign clients for secure inter-service communication with Authentication, Transaction, Customer, and Rules microservices, and integrates Swagger for API documentation."
https://github.com/HasinthakaPiyumal/AI-Pattern-Mining-Project/tree/main/notebooks/result/ms_repo_callgraph_clusters/sample.plantsbywebsphere_java/cluster_11.java,Data Model/ Domain design,0.8672914341891947,"This Java class, `EMailMessage`, functions as a data transfer object (DTO) within the IBM WebSphere PlantsByWebSphere sample application. It encapsulates the subject, HTML content, and recipient email address, specifically designed to be passed to a Mailer EJB's `sendMail()` method for sending emails."
https://github.com/HasinthakaPiyumal/AI-Pattern-Mining-Project/tree/main/notebooks/result/ms_repo_callgraph_clusters/sample.plantsbywebsphere_java/cluster_56.java,Backends for Frontends,1.7478014977376208,"This Java class, `LoginInfo`, serves as a JSF backing bean for a web application's login page, encapsulating user credentials like email and password along with a message. It employs Java Bean Validation annotations (`@Pattern`, `@Size`) to enforce specific format and length constraints on the email and password fields."
https://github.com/HasinthakaPiyumal/AI-Pattern-Mining-Project/tree/main/notebooks/result/ms_repo_callgraph_clusters/sample.plantsbywebsphere_java/cluster_19.java,Data Model/ Domain design,1.2514525448186895,"This code defines the JPA entity model for an e-commerce application, encompassing products (Inventory), customer orders (Order, OrderItem), customer accounts, suppliers, and back-orders. It also includes corresponding web application data transfer objects (DTOs) and backing beans, heavily utilizing JPA annotations for persistence mapping and Bean Validation for data integrity."
https://github.com/HasinthakaPiyumal/AI-Pattern-Mining-Project/tree/main/notebooks/result/ms_repo_callgraph_clusters/sample.plantsbywebsphere_java/cluster_31.java,Data Model/ Domain design,2.0731175894440286,"This Java class serves as a JPA entity bean, mapping the `Supplier` object to the `SUPPLIER` database table within the `APP` schema. It defines the data structure for supplier information, including an ID, name, address, phone, and URL, and includes named queries for retrieving all suppliers or removing them."
https://github.com/HasinthakaPiyumal/AI-Pattern-Mining-Project/tree/main/notebooks/result/ms_repo_callgraph_clusters/sample.plantsbywebsphere_java/cluster_7.java,Business Logic,1.809841018542539,"This code defines core components for an e-commerce application, including a `ShoppingCartBean` that manages user carts, processes orders, and handles inventory/backorder logic. It leverages JPA entities like `Inventory` and `OrderItem` for persistence, alongside DTOs (`OrderInfo`, `ShoppingItem`) for web-tier data handling and validation, all within a transactional, session-scoped context."
https://github.com/HasinthakaPiyumal/AI-Pattern-Mining-Project/tree/main/notebooks/result/ms_repo_callgraph_clusters/sample.plantsbywebsphere_java/cluster_57.java,Backends for Frontends,1.6305942798960176,"This Java class, `LoginInfo`, functions as a JSF backing bean to encapsulate user login credentials (email, password, and password confirmation) and a message for a web application's login page. It notably employs `javax.validation` annotations like `@Pattern` and `@Size` to enforce specific format and length constraints on the email and password fields."
https://github.com/HasinthakaPiyumal/AI-Pattern-Mining-Project/tree/main/notebooks/result/ms_repo_callgraph_clusters/sample.plantsbywebsphere_java/cluster_25.java,Data Model/ Domain design,2.068022913997013,"This Java class defines a JPA entity named `Order`, mapping to the `ORDER1` database table, which models a customer's purchase order. It encapsulates comprehensive order details including billing/shipping information, payment, profit calculation, and a many-to-one relationship with a `Customer` entity, utilizing JPA annotations for persistence and ID generation."
https://github.com/HasinthakaPiyumal/AI-Pattern-Mining-Project/tree/main/notebooks/result/ms_repo_callgraph_clusters/sample.plantsbywebsphere_java/cluster_44.java,Data Model/ Domain design,2.084151606650463,"This `OrderInfo` Java class serves as a data transfer object (DTO) or form backing bean for managing customer order details within a web application. It encapsulates comprehensive billing, shipping, and payment information, notably utilizing `javax.validation` annotations to enforce input constraints and patterns."
https://github.com/HasinthakaPiyumal/AI-Pattern-Mining-Project/tree/main/notebooks/result/ms_repo_callgraph_clusters/sample.plantsbywebsphere_java/cluster_21.java,Business Logic,1.507359571307143,"This code defines the core data model and business logic for an e-commerce application, featuring a JPA `Inventory` entity for product catalog management and an `OrderInfo` class for customer order details with integrated Bean Validation. It includes a `CatalogMgr` bean for transactional inventory access using JPA and a `ShoppingItem` wrapper to adapt `Inventory` for web application use."
https://github.com/HasinthakaPiyumal/AI-Pattern-Mining-Project/tree/main/notebooks/result/ms_repo_callgraph_clusters/sample.plantsbywebsphere_java/cluster_26.java,Data Model/ Domain design,1.9086622606698047,"This Java class defines a JPA entity named `Order`, mapping to the `ORDER1` database table, which encapsulates comprehensive details for a customer's purchase. It stores billing, shipping, and payment information, maintains a many-to-one relationship with a `Customer`, and calculates the total profit based on associated `OrderItem` entities."
https://github.com/HasinthakaPiyumal/AI-Pattern-Mining-Project/tree/main/notebooks/result/ms_repo_callgraph_clusters/sample.plantsbywebsphere_java/cluster_10.java,Business Logic,0.8557969749985919,"This code defines Java EE components for the PlantsByWebSphere sample application, providing a secure and transactional mechanism to reset and populate its database. It clears all existing data from tables like Inventory, Customer, and Order, then repopulates them with sample data read from external property files, including image assets, triggered either on application startup or via a UI action."
https://github.com/HasinthakaPiyumal/AI-Pattern-Mining-Project/tree/main/notebooks/result/ms_repo_callgraph_clusters/sample.plantsbywebsphere_java/cluster_33.java,Data Model/ Domain design,2.0871485410927235,"This Java class defines a JPA entity named `Supplier`, which maps to the `SUPPLIER` database table to represent and manage supplier information. It includes fields for supplier ID (as the primary key), name, address, contact details, and defines named queries for retrieving all suppliers or removing them."
https://github.com/HasinthakaPiyumal/AI-Pattern-Mining-Project/tree/main/notebooks/result/ms_repo_callgraph_clusters/sample.plantsbywebsphere_java/cluster_2.java,Business Logic,1.8084759548656553,"This Java EE application provides core e-commerce functionalities, managing shopping carts, processing orders with inventory checks and backordering, and sending email confirmations. It leverages JPA for persistence, CDI for dependency injection, and JSF for the web presentation layer, demonstrating a structured enterprise architecture."
https://github.com/HasinthakaPiyumal/AI-Pattern-Mining-Project/tree/main/notebooks/result/ms_repo_callgraph_clusters/sample.plantsbywebsphere_java/cluster_47.java,Data Model/ Domain design,2.108973419787116,"This `OrderInfo` Java class acts as a data transfer object (DTO) for comprehensive order details, encompassing billing, shipping, and payment information. It leverages `javax.validation` annotations for input validation on its fields and includes utility methods for managing shipping options and dynamically generating credit card expiration years."
https://github.com/HasinthakaPiyumal/AI-Pattern-Mining-Project/tree/main/notebooks/result/ms_repo_callgraph_clusters/sample.plantsbywebsphere_java/cluster_46.java,Data Model/ Domain design,2.2384695562836967,"This `OrderInfo` class acts as a serializable data transfer object (DTO) for customer order details, encapsulating comprehensive billing, shipping, and payment information. It extensively uses `javax.validation` annotations to enforce data integrity and format constraints for fields like addresses, phone numbers, and credit card numbers."
https://github.com/HasinthakaPiyumal/AI-Pattern-Mining-Project/tree/main/notebooks/result/ms_repo_callgraph_clusters/sample.plantsbywebsphere_java/cluster_39.java,Other,1.4117071165683737,"This `Util` class for the ""PlantsByWebSphere"" application centralizes application-wide constants for JSPs, request/session attributes, and administrative actions. It also provides utility methods for JNDI lookups, retrieving category and shipping information, managing application properties, and includes basic input validation to mitigate XSS vulnerabilities."
https://github.com/HasinthakaPiyumal/AI-Pattern-Mining-Project/tree/main/notebooks/result/ms_repo_callgraph_clusters/sample.plantsbywebsphere_java/cluster_12.java,Business Logic,1.9897487708497514,"This code implements the core functionality for an e-commerce shopping cart and order processing system using Java EE. It features a `@SessionScoped` `ShoppingCartBean` for managing cart items, performing inventory checks, and creating transactional orders via JPA, complemented by a JSF backing bean (`ShoppingBean`) for web UI interaction and product catalog display."
https://github.com/HasinthakaPiyumal/AI-Pattern-Mining-Project/tree/main/notebooks/result/ms_repo_callgraph_clusters/sample.plantsbywebsphere_java/cluster_35.java,Data Model/ Domain design,2.0681133245822565,"This Java class defines a JPA entity named `Supplier`, mapping to the `SUPPLIER` database table with fields like ID, name, and address. It provides standard JavaBean properties (getters/setters) for persistence and includes named queries to find all suppliers or remove them."
https://github.com/HasinthakaPiyumal/AI-Pattern-Mining-Project/tree/main/notebooks/result/ms_repo_callgraph_clusters/sample.plantsbywebsphere_java/cluster_1.java,Business Logic,1.1923723374381048,"This code file provides core components for the IBM PlantsByWebSphere sample application, featuring a `ResetDBBean` for transactional database initialization and population from external property files, and a `ShoppingBean` which serves as a JSF backing bean for managing the user's shopping cart and product display, supported by utility classes for configuration loading and string parsing."
https://github.com/HasinthakaPiyumal/AI-Pattern-Mining-Project/tree/main/notebooks/result/ms_repo_callgraph_clusters/sample.plantsbywebsphere_java/cluster_34.java,Data Model/ Domain design,2.0260900792424255,"This Java class defines a JPA entity (`@Entity`) for the `SUPPLIER` database table, mapping its data model with fields like `supplierID`, `name`, and `address` details. It provides standard getters/setters, constructors, and includes named queries for retrieving all or deleting all supplier records."
https://github.com/HasinthakaPiyumal/AI-Pattern-Mining-Project/tree/main/notebooks/result/ms_repo_callgraph_clusters/sample.plantsbywebsphere_java/cluster_59.java,Other,1.0896558772319378,"This JavaServer Faces (JSF) managed bean, `HelpBean`, provides actions for navigating to a help page and resetting the application's database through an injected `ResetDBBean`. It also exposes and manages a debug flag via a utility class, typical for administrative or diagnostic functions within a web application."
https://github.com/HasinthakaPiyumal/AI-Pattern-Mining-Project/tree/main/notebooks/result/ms_repo_callgraph_clusters/sample.plantsbywebsphere_java/cluster_37.java,Data Model/ Domain design,1.757025748606885,"This file defines the `BackOrder` JPA entity, which maps to a `BACKORDER` database table, includes named queries for data access, and manages back order persistence with a one-to-one `Inventory` relationship. It also contains `BackOrderItem`, a serializable data transfer object designed to encapsulate and convey back order details, often populated from the `BackOrder` entity, for use in other application layers."
https://github.com/HasinthakaPiyumal/AI-Pattern-Mining-Project/tree/main/notebooks/result/ms_repo_callgraph_clusters/sample.plantsbywebsphere_java/cluster_60.java,Other,1.1916936820692978,"This JSF managed bean, `HelpBean`, serves as a controller for a web application's help page, providing functionality to reset the application's database via an injected `ResetDBBean` and to manage a global debug flag."
https://github.com/HasinthakaPiyumal/AI-Pattern-Mining-Project/tree/main/notebooks/result/ms_repo_callgraph_clusters/sample.plantsbywebsphere_java/cluster_42.java,Data Model/ Domain design,1.5370284565784182,"This `BackOrderItem` Java class functions as a serializable data transfer object (DTO) within a WebSphere sample application, encapsulating details of a back-ordered item. It primarily serves to aggregate and present information derived from a `BackOrder` JPA entity and related `Inventory` data for use in the web layer."
https://github.com/HasinthakaPiyumal/AI-Pattern-Mining-Project/tree/main/notebooks/result/ms_repo_callgraph_clusters/sample.plantsbywebsphere_java/cluster_45.java,Data Model/ Domain design,2.276269787565893,"This `OrderInfo` Java class serves as a data model for customer order details, encapsulating billing, shipping, and payment information. It extensively uses `javax.validation` annotations to enforce data integrity and provides constructors to populate data from an `Order` JPA entity."
https://github.com/HasinthakaPiyumal/AI-Pattern-Mining-Project/tree/main/notebooks/result/ms_repo_callgraph_clusters/sample.plantsbywebsphere_java/cluster_24.java,Data Model/ Domain design,1.9128477733463773,"This Java class defines a JPA entity named `Order`, mapping to the `ORDER1` database table, which encapsulates comprehensive details for a customer order. It manages billing, shipping, payment information, a many-to-one relationship with a `Customer`, and calculates the total profit from its associated `OrderItem`s."
https://github.com/HasinthakaPiyumal/AI-Pattern-Mining-Project/tree/main/notebooks/result/ms_repo_callgraph_clusters/sample.plantsbywebsphere_java/cluster_23.java,Data Model/ Domain design,1.7715670806428871,"This Java class defines a JPA entity named `Order` for an e-commerce application, mapping to the `ORDER1` database table and encapsulating comprehensive order details including billing, shipping, payment, and associated customer information. It utilizes JPA annotations for persistence, generates order IDs via a table generator, and calculates the total profit based on its associated `OrderItem` collection."
https://github.com/HasinthakaPiyumal/AI-Pattern-Mining-Project/tree/main/notebooks/result/ms_repo_callgraph_clusters/sample.plantsbywebsphere_java/cluster_20.java,Data Model/ Domain design,1.7844004741028852,"This Java class defines a JPA entity, `OrderItem`, which maps to the `ORDERITEM` database table to represent an item within a customer's order. It uses an `@Embeddable` composite primary key (`PK`) consisting of `inventoryID` and `ORDER_ORDERID`, and establishes many-to-one relationships with `Inventory` and `Order` entities."
https://github.com/HasinthakaPiyumal/AI-Pattern-Mining-Project/tree/main/notebooks/result/ms_repo_callgraph_clusters/sample.plantsbywebsphere_java/cluster_50.java,Data Model/ Domain design,2.29057275124674,"This `OrderInfo` Java class functions as a serializable data transfer object (DTO) designed to encapsulate comprehensive customer order details, including billing, shipping, and payment information. It leverages `javax.validation` annotations for input validation on its fields and provides standard Java Bean getters and setters for data access."
https://github.com/HasinthakaPiyumal/AI-Pattern-Mining-Project/tree/main/notebooks/result/ms_repo_callgraph_clusters/sample.plantsbywebsphere_java/cluster_22.java,Data Model/ Domain design,1.8105818907895432,"This `OrderKey` Java class defines a serializable primary key for an `Order` entity, encapsulating a single `orderID` string. It correctly implements `equals()` and `hashCode()` to ensure proper key comparison and hashing, as required for JPA or similar ORM contexts."
https://github.com/HasinthakaPiyumal/AI-Pattern-Mining-Project/tree/main/notebooks/result/ms_repo_callgraph_clusters/sample.plantsbywebsphere_java/cluster_49.java,Data Model/ Domain design,2.1283404570072064,"This `OrderInfo` class serves as a serializable data model for capturing and managing all details related to a customer order, encompassing billing, shipping, and payment information. It extensively uses `javax.validation` annotations to enforce robust input validation on fields like addresses, phone numbers, and credit card formats, ensuring data integrity."
https://github.com/HasinthakaPiyumal/AI-Pattern-Mining-Project/tree/main/notebooks/result/ms_repo_callgraph_clusters/sample.plantsbywebsphere_java/cluster_29.java,Data Model/ Domain design,1.645470275873082,"This Java class serves as a JPA entity for an e-commerce order, encapsulating comprehensive billing, shipping, and payment details, along with a many-to-one relationship to a `Customer`. It leverages a `TableGenerator` for unique order ID generation and calculates the total profit from its associated `OrderItem`s upon creation."
https://github.com/HasinthakaPiyumal/AI-Pattern-Mining-Project/tree/main/notebooks/result/ms_repo_callgraph_clusters/sample.plantsbywebsphere_java/cluster_40.java,Other,1.2053170911529831,"This code defines a core `Util` class for the ""PlantsByWebSphere"" application, centralizing numerous constants for JSP pages, request attributes, and administrative actions, alongside static methods for JNDI lookup, property management, category/shipping data, and basic input validation. It also includes a `HelpBean` JSF managed bean that leverages the `Util` class for debugging status and provides actions for displaying help and resetting the database."
https://github.com/HasinthakaPiyumal/AI-Pattern-Mining-Project/tree/main/notebooks/result/ms_repo_callgraph_clusters/sample.plantsbywebsphere_java/cluster_38.java,Other,1.5473687817856672,"This `Util` class centralizes application-wide constants for page names, request attributes, and action codes, along with static configuration data like product categories and shipping methods for the ""PlantsByWebSphere"" application. It also provides utility functions for JNDI context retrieval, property file management, basic debugging, and input validation to mitigate XSS vulnerabilities."
https://github.com/HasinthakaPiyumal/AI-Pattern-Mining-Project/tree/main/notebooks/result/ms_repo_callgraph_clusters/sample.plantsbywebsphere_java/cluster_48.java,Data Model/ Domain design,2.157978158625709,"This Java class, `OrderInfo`, functions as a data transfer object (DTO) for an order within an IBM WebSphere sample application, encapsulating comprehensive billing, shipping, and payment details. It extensively utilizes `javax.validation` annotations to enforce input validation rules for its fields, and can be initialized from a JPA `Order` entity."
https://github.com/HasinthakaPiyumal/AI-Pattern-Mining-Project/tree/main/notebooks/result/ms_repo_callgraph_clusters/sample.plantsbywebsphere_java/cluster_28.java,Data Model/ Domain design,1.9449549454117172,"This Java class is a JPA entity (`@Entity`) representing an order in an e-commerce application, mapping to the `ORDER1` database table. It encapsulates comprehensive billing, shipping, payment, and order item details, including a many-to-one relationship with a `Customer` and calculating the total order profit."
https://github.com/HasinthakaPiyumal/AI-Pattern-Mining-Project/tree/main/notebooks/result/ms_repo_callgraph_clusters/sample.plantsbywebsphere_java/cluster_58.java,Other,1.0459398478570958,"This JSF backing bean, `HelpBean`, primarily facilitates navigation to a help page and provides an action to reset the application's database by invoking an injected `ResetDBBean`. It also includes methods to check and set a global debug flag for the application."
https://github.com/HasinthakaPiyumal/AI-Pattern-Mining-Project/tree/main/notebooks/result/ms_repo_callgraph_clusters/sample.plantsbywebsphere_java/cluster_17.java,Business Logic,1.3690968927699076,"This Java code defines the core components for customer and order management within a Java EE web application, leveraging JPA for data persistence and CDI for dependency injection. It provides transactional services for customer lifecycle management (create, retrieve, update, authenticate) and models for orders and suppliers, integrating JSF backing beans with JSR 303 Bean Validation for robust web interactions."
https://github.com/HasinthakaPiyumal/AI-Pattern-Mining-Project/tree/main/notebooks/result/ms_repo_callgraph_clusters/sample.plantsbywebsphere_java/cluster_14.java,Business Logic,1.7751127309038062,"This code provides core components for an e-commerce application, specifically the IBM PlantsByWebSphere sample. It features a `CatalogMgr` for transactional management of inventory items using JPA, and JSF backing beans (`ProductBean`, `ShoppingBean`) that handle product display, shopping cart interactions, and UI-level validation for web forms."
https://github.com/HasinthakaPiyumal/AI-Pattern-Mining-Project/tree/main/notebooks/result/ms_repo_callgraph_clusters/sample.plantsbywebsphere_java/cluster_32.java,Data Model/ Domain design,1.9504825093941451,"This Java code defines a JPA entity named `Supplier`, mapping the `Supplier` class to the `SUPPLIER` database table in the `APP` schema. It provides object-relational mapping for supplier data, including ID, name, address, phone, and URL, and includes named queries for retrieving all suppliers or deleting them."
https://github.com/HasinthakaPiyumal/AI-Pattern-Mining-Project/tree/main/notebooks/result/ms_repo_callgraph_clusters/sample.plantsbywebsphere_java/cluster_41.java,Data Model/ Domain design,1.7614130095006386,"This `BackOrderItem` Java class functions as a serializable data transfer object (DTO) within a web application, designed to hold and represent the details of a back-ordered item. It features multiple constructors, including one that specifically populates its fields by adapting data from a `BackOrder` JPA entity."
https://github.com/HasinthakaPiyumal/AI-Pattern-Mining-Project/tree/main/notebooks/result/ms_repo_callgraph_clusters/sample.plantsbywebsphere_java/cluster_18.java,Data Model/ Domain design,1.336960655991605,"This Java class, `ShoppingCartContent`, acts as a serializable data structure for managing items in a shopping cart. It utilizes a `Hashtable` to store inventory IDs and their quantities, providing methods to add, update, remove, and retrieve specific item details."
https://github.com/HasinthakaPiyumal/AI-Pattern-Mining-Project/tree/main/notebooks/result/ms_repo_callgraph_clusters/sample.plantsbywebsphere_java/cluster_3.java,Business Logic,1.4627536090147495,"This code defines the JPA entity model and administrative web logic for an e-commerce application, ""PlantsByWebSphere."" It manages core entities like Inventory, Customers, Suppliers, OrderItems, and BackOrders using JPA, with a servlet providing administrative functions for database population, supplier configuration, and back-order processing."
https://github.com/HasinthakaPiyumal/AI-Pattern-Mining-Project/tree/main/notebooks/result/ms_repo_callgraph_clusters/sample.plantsbywebsphere_java/cluster_8.java,Other,1.87923362214467,"This Java code defines a custom checked exception, `NoSupplierException`, within the `com.ibm.websphere.samples.pbw.bean` package. Its purpose is to signal a specific error condition where a required supplier is unavailable or not found, providing a clear, descriptive message."
https://github.com/HasinthakaPiyumal/AI-Pattern-Mining-Project/tree/main/notebooks/result/ms_repo_callgraph_clusters/sample.plantsbywebsphere_java/cluster_30.java,Data Model/ Domain design,1.9883395087979276,"This Java class defines a JPA entity named `Order`, mapping to the `ORDER1` database table, to represent a customer's purchase. It encapsulates comprehensive order details including billing/shipping information, payment data, associated `Customer` and `OrderItem` entities, and calculates the total profit for the order."
https://github.com/HasinthakaPiyumal/AI-Pattern-Mining-Project/tree/main/notebooks/result/ms_repo_callgraph_clusters/sample.plantsbywebsphere_java/cluster_5.java,Business Logic,1.946044497038363,"This Java code implements the core business logic for an e-commerce application's shopping cart and order fulfillment system. It leverages JPA for managing persistent entities like `Inventory`, `Order`, and `BackOrder`, with a `@SessionScoped` `ShoppingCartBean` providing transactional operations for adding items, checking inventory, and creating customer orders."
https://github.com/HasinthakaPiyumal/AI-Pattern-Mining-Project/tree/main/notebooks/result/ms_repo_callgraph_clusters/sample.plantsbywebsphere_java/cluster_27.java,Data Model/ Domain design,1.8688547932305295,"This Java class is a JPA entity (`@Entity`) representing a customer order, mapping detailed billing, shipping, payment, and profit information to the `ORDER1` database table. It defines a many-to-one relationship with a `Customer` and manages a collection of `OrderItem`s, calculating the total profit during order creation while using a table-based strategy for ID generation."
https://github.com/HasinthakaPiyumal/AI-Pattern-Mining-Project/tree/main/notebooks/result/ms_repo_callgraph_clusters/sample.plantsbywebsphere_java/cluster_43.java,Data Model/ Domain design,2.168981873233191,"This `OrderInfo` Java class functions as a data transfer object, encapsulating comprehensive billing, shipping, and payment details for an order. It leverages `javax.validation` annotations for data integrity and includes logic for managing shipping methods and credit card expiration years."
https://github.com/HasinthakaPiyumal/AI-Pattern-Mining-Project/tree/main/notebooks/result/ms_repo_callgraph_clusters/sample.plantsbywebsphere_java/cluster_51.java,Data Model/ Domain design,2.119654831486717,"This `OrderInfo` class is a serializable Java Bean designed to encapsulate comprehensive order details, including billing, shipping, and payment information. It leverages `javax.validation` annotations to enforce data integrity and format constraints on various fields like addresses, phone numbers, and credit card details."
https://github.com/HasinthakaPiyumal/AI-Pattern-Mining-Project/tree/main/notebooks/result/ms_repo_callgraph_clusters/RepoGenesis_java/cluster_7.java,Microservices Test,2.360803534237644,"This code file contains two distinct Java integration test suites, both utilizing `RestAssured` and `JUnit 5` to verify RESTful API functionality. The first suite systematically tests a chat gateway's user, messaging, and group management features, while the second covers the full lifecycle of a blog application's authors, categories, posts, and comments, with tests ordered to simulate real-world interaction flows."
https://github.com/HasinthakaPiyumal/AI-Pattern-Mining-Project/tree/main/notebooks/result/ms_repo_callgraph_clusters/RepoGenesis_java/cluster_6.java,Microservices Test,2.2227433422904292,"This Java class serves as an integration test suite for the `/api/terms` REST endpoint, utilizing RestAssured and JUnit 5. It systematically verifies the API's core CRUD functionalities by creating, retrieving, updating, and deleting term resources, asserting expected HTTP responses and data integrity."
https://github.com/HasinthakaPiyumal/AI-Pattern-Mining-Project/tree/main/notebooks/result/ms_repo_callgraph_clusters/RepoGenesis_java/cluster_1.java,Microservices Test,2.311921463455131,"This file contains multiple ordered JUnit integration test suites, each designed to validate the RESTful API of a distinct backend application (e.g., Spark, Javalin, Spring Boot, Micronaut). These tests systematically cover user authentication, comprehensive CRUD operations for domain-specific resources like dashboards, tasks, and CI/CD projects, and various system endpoints, all executed against embedded application servers to simulate full user interaction flows."
https://github.com/HasinthakaPiyumal/AI-Pattern-Mining-Project/tree/main/notebooks/result/ms_repo_callgraph_clusters/RepoGenesis_java/cluster_4.java,Microservices Test,1.8802154364149504,"This code comprises a comprehensive suite of API integration tests for multiple microservices, including user authentication, course scheduling, chat gateway, and a blog platform. It leverages RestAssured and JUnit 5 to perform ordered HTTP requests (POST, GET, PUT, DELETE) against local server instances, validating API responses and data integrity using Hamcrest matchers."
https://github.com/HasinthakaPiyumal/AI-Pattern-Mining-Project/tree/main/notebooks/result/ms_repo_callgraph_clusters/RepoGenesis_java/cluster_3.java,Microservices Test,2.310268855564933,"This collection of Java files comprises JUnit integration tests designed to validate the REST APIs of various web applications, including a Spark Dashboard, Javalin Task Manager, and Javalin Online Judge. Each test suite uses `Unirest` to execute a sequential, ordered workflow of HTTP requests, simulating user interactions like authentication, CRUD operations, and specific application features, while asserting expected API responses and status codes."
https://github.com/HasinthakaPiyumal/AI-Pattern-Mining-Project/tree/main/notebooks/result/ms_repo_callgraph_clusters/RepoGenesis_java/cluster_5.java,Microservices Test,1.8955263880303905,"This Java file provides an ordered suite of integration tests for a Quarkus-based blog application's REST API, using RestAssured to perform comprehensive CRUD operations and list/tag retrieval across authors, categories, posts, and comments. It systematically verifies API endpoints by creating, reading, updating, and deleting various entities, asserting expected HTTP statuses and response body content."
https://github.com/HasinthakaPiyumal/AI-Pattern-Mining-Project/tree/main/notebooks/result/ms_repo_callgraph_clusters/RepoGenesis_java/cluster_0.java,Microservices Test,2.393764651532292,"This collection of Java files represents ordered integration tests for various backend services, including a dashboard, task manager, online judge, user authentication platform, chat gateway, blog CMS, and CI system. Each test suite systematically verifies API functionality, from user authentication and resource CRUD operations to specific domain logic, by making HTTP requests to a locally running application and asserting on status codes and JSON responses."
https://github.com/HasinthakaPiyumal/AI-Pattern-Mining-Project/tree/main/notebooks/result/ms_repo_callgraph_clusters/spring-petclinic_java/cluster_19.java,Data Model/ Domain design,1.086251120468272,"This code defines the `Visit` JPA entity and primarily consists of extensive Spring Boot `@WebMvcTest` suites for various controllers (`OwnerController`, `PetController`, `VisitController`, `VetController`) and a `PetTypeFormatter`. It showcases robust web layer testing using `MockMvc` and `Mockito` to verify form processing, data binding, and view interactions across the Spring PetClinic application's core functionalities."
https://github.com/HasinthakaPiyumal/AI-Pattern-Mining-Project/tree/main/notebooks/result/ms_repo_callgraph_clusters/spring-petclinic_java/cluster_31.java,Other,1.8537400048862214,"This Spring configuration class establishes internationalization (i18n) support, using a `SessionLocaleResolver` to store the user's language preference (defaulting to English) and enabling language changes via a `?lang=` URL parameter through a registered `LocaleChangeInterceptor`."
https://github.com/HasinthakaPiyumal/AI-Pattern-Mining-Project/tree/main/notebooks/result/ms_repo_callgraph_clusters/spring-petclinic_java/cluster_9.java,Microservices Test,1.199700890463647,"This Spring Boot integration test class validates the PetClinic application's functionality when configured with a PostgreSQL database. It leverages Testcontainers and Docker Compose to provision the database, performing both direct repository calls and REST API requests to verify application behavior."
https://github.com/HasinthakaPiyumal/AI-Pattern-Mining-Project/tree/main/notebooks/result/ms_repo_callgraph_clusters/spring-petclinic_java/cluster_21.java,Data Model/ Domain design,1.6424747125660717,"This collection of Java files defines the core domain model (Owner, Pet, Visit) for a Spring PetClinic application, implementing the data access layer via Spring Data JPA repositories and the web layer through Spring MVC controllers. It provides full CRUD functionality for owners, pets, and visits, incorporating validation, pagination, and comprehensive integration tests."
https://github.com/HasinthakaPiyumal/AI-Pattern-Mining-Project/tree/main/notebooks/result/ms_repo_callgraph_clusters/spring-petclinic_java/cluster_13.java,Database with Microservices,1.1170816577866967,"This file primarily defines the `Person` JPA entity and a comprehensive suite of Spring Boot integration tests for the PetClinic application. These tests validate database interactions with PostgreSQL and MySQL using Testcontainers, verify REST API endpoint functionality, and confirm error handling behavior across the application's persistence and web layers."
https://github.com/HasinthakaPiyumal/AI-Pattern-Mining-Project/tree/main/notebooks/result/ms_repo_callgraph_clusters/spring-petclinic_java/cluster_26.java,Microservices Test,1.444339537189172,"This JUnit 5 unit test verifies the `CrashController`'s error handling by asserting that its `triggerException()` method correctly throws a `RuntimeException` with a specific message. It uses AssertJ to confirm the exception type and its content, demonstrating how the controller showcases exception scenarios."
https://github.com/HasinthakaPiyumal/AI-Pattern-Mining-Project/tree/main/notebooks/result/ms_repo_callgraph_clusters/spring-petclinic_java/cluster_10.java,Data Model/ Domain design,1.3331743510054432,"This Java code defines a `Vet` JPA entity for the Spring PetClinic application, extending `Person` to represent a veterinarian. It manages a many-to-many relationship with `Specialty` entities, eagerly fetching them and providing methods to retrieve a sorted list of specialties or their count using Java Streams."
https://github.com/HasinthakaPiyumal/AI-Pattern-Mining-Project/tree/main/notebooks/result/ms_repo_callgraph_clusters/spring-petclinic_java/cluster_33.java,Other,1.685593070288121,"This Spring `@Configuration` class sets up JCache-compliant caching for the PetClinic application, specifically creating a ""vets"" cache and enabling statistics for it via a `JCacheManagerCustomizer`. It leverages Spring's `@EnableCaching` to integrate JCache and expose cache statistics through JMX."
https://github.com/HasinthakaPiyumal/AI-Pattern-Mining-Project/tree/main/notebooks/result/ms_repo_callgraph_clusters/spring-petclinic_java/cluster_2.java,Other,1.4307926914446667,"This `RuntimeHintsRegistrar` implementation configures Spring AOT compilation by registering specific resource patterns (e.g., `db/*`, `messages/*`) and types (`BaseEntity`, `Person`, `Vet`) for serialization, ensuring they are properly included and accessible when the PetClinic application is compiled into a native image."
https://github.com/HasinthakaPiyumal/AI-Pattern-Mining-Project/tree/main/notebooks/result/ms_repo_callgraph_clusters/spring-petclinic_java/cluster_1.java,Database with Microservices,1.2308002625858336,"This code defines the main Spring Boot PetClinic application and its `VetRepository` for data access with transactional and caching features. It primarily comprises several integration test classes that utilize Spring Boot's testing framework and Testcontainers to verify the application's functionality against PostgreSQL and MySQL databases, including data retrieval and REST API endpoints."
https://github.com/HasinthakaPiyumal/AI-Pattern-Mining-Project/tree/main/notebooks/result/ms_repo_callgraph_clusters/spring-petclinic_java/cluster_34.java,Other,1.8390576125273994,"This Spring `@Configuration` class sets up JCache for the PetClinic application, specifically creating a cache named ""vets"" and enabling statistics for it. It uses a `JCacheManagerCustomizer` to programmatically configure the cache via a `MutableConfiguration`, making cache statistics accessible."
https://github.com/HasinthakaPiyumal/AI-Pattern-Mining-Project/tree/main/notebooks/result/ms_repo_callgraph_clusters/spring-petclinic_java/cluster_24.java,Data Model/ Domain design,1.1445004005854325,"This Spring MVC controller (`OwnerController`) manages the full lifecycle of `Owner` entities within the PetClinic application, providing web endpoints for creating new owners, searching and displaying paginated lists of owners, updating existing owner details, and showing individual owner profiles. It leverages Spring Data JPA for persistence, includes form validation, and uses `@ModelAttribute` to pre-populate owner objects for forms."
https://github.com/HasinthakaPiyumal/AI-Pattern-Mining-Project/tree/main/notebooks/result/ms_repo_callgraph_clusters/spring-petclinic_java/cluster_23.java,Data Model/ Domain design,1.1683380831903418,"This Spring MVC controller manages the creation of new veterinary visits for pets within the PetClinic application. It pre-populates visit forms by loading the relevant owner and pet data using `@ModelAttribute` and handles form submission, including validation and persistence, redirecting to the owner's detail page upon success."
https://github.com/HasinthakaPiyumal/AI-Pattern-Mining-Project/tree/main/notebooks/result/ms_repo_callgraph_clusters/spring-petclinic_java/cluster_22.java,Microservices Test,1.3632799971199219,"This JUnit test class (`ValidatorTests`) verifies the correct functioning of Bean Validation within the Spring PetClinic application. It specifically tests that a `Person` object with an empty first name correctly triggers a ""must not be blank"" constraint violation, using `LocalValidatorFactoryBean` to set up the validator."
https://github.com/HasinthakaPiyumal/AI-Pattern-Mining-Project/tree/main/notebooks/result/ms_repo_callgraph_clusters/spring-petclinic_java/cluster_15.java,Database with Microservices,1.1869949655167111,"This Spring PetClinic module defines JPA entities like `Owner`, `Pet`, and `Visit`, providing Spring MVC controllers for their web-based management (CRUD operations, search, validation) and comprehensive integration tests for the persistence layer. It leverages Spring Data JPA for data access and includes custom validators and formatters for robust input handling."
https://github.com/HasinthakaPiyumal/AI-Pattern-Mining-Project/tree/main/notebooks/result/ms_repo_callgraph_clusters/spring-petclinic_java/cluster_14.java,Microservices Test,1.3659890116737987,"This code comprises a suite of Spring Boot `@WebMvcTest` classes that thoroughly test the web layer controllers of the PetClinic application. They utilize `MockMvc` to simulate HTTP requests and `MockitoBean` to mock repository dependencies, verifying controller behavior for form handling, data validation, and view rendering across owner, pet, visit, and vet management functionalities."
https://github.com/HasinthakaPiyumal/AI-Pattern-Mining-Project/tree/main/notebooks/result/ms_repo_callgraph_clusters/spring-petclinic_java/cluster_32.java,Other,1.7430189692187252,"This Spring configuration class sets up internationalization (i18n) for the application, using a `SessionLocaleResolver` to store the user's language preference (defaulting to English). It registers a `LocaleChangeInterceptor` to allow users to dynamically change the application's locale via a `?lang=` URL parameter."
https://github.com/HasinthakaPiyumal/AI-Pattern-Mining-Project/tree/main/notebooks/result/ms_repo_callgraph_clusters/spring-petclinic_java/cluster_8.java,Other,1.4054179421042379,"This Spring MVC controller, `WelcomeController`, serves as the application's entry point, handling GET requests to the root URL (""/"") and returning the logical view name ""welcome"" to display a welcome page. It demonstrates a basic web request mapping using Spring's `@GetMapping` annotation."
https://github.com/HasinthakaPiyumal/AI-Pattern-Mining-Project/tree/main/notebooks/result/ms_repo_callgraph_clusters/spring-petclinic_java/cluster_30.java,Other,1.2575054200806628,"This code defines a Spring MVC controller (`CrashController`) that intentionally throws a `RuntimeException` from its `/oups` endpoint to demonstrate exception handling. A dedicated unit test (`CrashControllerTests`) verifies this behavior, asserting that the controller correctly throws the expected exception with a specific message."
https://github.com/HasinthakaPiyumal/AI-Pattern-Mining-Project/tree/main/notebooks/result/ms_repo_callgraph_clusters/spring-boot-based-microservices_java/cluster_11.java,Other,1.5410626441183737,"This Spring `@Configuration` class initializes and exposes application metrics using Micrometer, specifically registering a `Gauge` named ""application.active.users"" to track and update the number of active users programmatically."
https://github.com/HasinthakaPiyumal/AI-Pattern-Mining-Project/tree/main/notebooks/result/ms_repo_callgraph_clusters/spring-boot-based-microservices_java/cluster_19.java,Data Model/ Domain design,1.9845479434511293,"This Java class defines a JPA entity named `Course`, encapsulating details such as title, author, price, and publisher. It integrates Spring Data JPA for automatic auditing of creation/modification dates and optimistic locking, along with Jakarta Bean Validation for enforcing data integrity on these fields."
https://github.com/HasinthakaPiyumal/AI-Pattern-Mining-Project/tree/main/notebooks/result/ms_repo_callgraph_clusters/spring-boot-based-microservices_java/cluster_9.java,Other,1.8756455103131902,"This code implements Spring's `@RestControllerAdvice` and `@ControllerAdvice` to provide centralized exception handling for Course and Review microservices. It specifically catches custom `NotFound` and `AlreadyExists` exceptions, along with `MethodArgumentNotValidException` for validation errors, mapping them to appropriate HTTP status codes and returning descriptive error messages or detailed field error maps."
https://github.com/HasinthakaPiyumal/AI-Pattern-Mining-Project/tree/main/notebooks/result/ms_repo_callgraph_clusters/spring-boot-based-microservices_java/cluster_21.java,Other,1.8268517390753072,"This Spring `RestController` provides `/api/metrics` endpoints designed for manually testing and demonstrating custom Micrometer metrics (request count and duration) and various error logging/handling scenarios. It registers a `Counter` and `Timer` to track requests to a `/hello` endpoint, which simulates work, and also exposes endpoints to trigger runtime exceptions and `ResponseStatusException` for error testing."
https://github.com/HasinthakaPiyumal/AI-Pattern-Mining-Project/tree/main/notebooks/result/ms_repo_callgraph_clusters/spring-boot-based-microservices_java/cluster_13.java,Business Logic,1.7063822867541838,"This Spring Boot microservice implements a RESTful API (`/api/courses`) for managing course data, enabling comprehensive CRUD operations like creating, retrieving, updating, and deleting courses. It leverages JPA entities with validation, a layered service architecture, and custom exceptions to enforce business rules and ensure data integrity."
https://github.com/HasinthakaPiyumal/AI-Pattern-Mining-Project/tree/main/notebooks/result/ms_repo_callgraph_clusters/spring-boot-based-microservices_java/cluster_10.java,Other,2.1734062400653897,"This Spring `@ControllerAdvice` class centralizes global exception handling for a review microservice, mapping specific exceptions like `ReviewNotFoundException` to a 404 NOT_FOUND and `MethodArgumentNotValidException` to a 400 BAD_REQUEST with detailed validation errors, while providing a generic 500 INTERNAL_SERVER_ERROR fallback."
https://github.com/HasinthakaPiyumal/AI-Pattern-Mining-Project/tree/main/notebooks/result/ms_repo_callgraph_clusters/spring-boot-based-microservices_java/cluster_2.java,Other,1.419562113051072,"This Spring `@Configuration` class sets up application metrics using Micrometer, specifically registering a `Gauge` named ""application.active.users"" to track the number of active users. It uses an `AtomicInteger` for thread-safe updates and provides a public method to programmatically set this active user count."
https://github.com/HasinthakaPiyumal/AI-Pattern-Mining-Project/tree/main/notebooks/result/ms_repo_callgraph_clusters/spring-boot-based-microservices_java/cluster_6.java,Microservices Test,2.0202708384828414,"This code comprises multiple Spring Boot integration test classes for various microservices (Gateway, Course, Course Composite, Review), each containing a basic `contextLoads()` method to verify that their respective application contexts initialize successfully. Its primary purpose is to ensure the fundamental setup and configuration of each service are correct at startup."
https://github.com/HasinthakaPiyumal/AI-Pattern-Mining-Project/tree/main/notebooks/result/ms_repo_callgraph_clusters/spring-boot-based-microservices_java/cluster_12.java,Business Logic,2.059443871165352,"This code implements a Spring Boot microservice that provides a RESTful API for managing course information, including operations to create, retrieve (by ID or title), update, and delete courses. It utilizes a layered architecture with a controller, service, and Spring Data JPA repository for persistence, along with custom exception handling and a partial review service."
https://github.com/HasinthakaPiyumal/AI-Pattern-Mining-Project/tree/main/notebooks/result/ms_repo_callgraph_clusters/spring-boot-based-microservices_java/cluster_1.java,Other,1.5757558089529162,"This Spring `@Component` utility class provides a formatted service address string by retrieving the local machine's hostname and IP address, then combining them with the configured server port, while gracefully handling `UnknownHostException`. The service address is lazily initialized upon its first request."
https://github.com/HasinthakaPiyumal/AI-Pattern-Mining-Project/tree/main/notebooks/result/ms_repo_callgraph_clusters/spring-boot-based-microservices_java/cluster_20.java,Business Logic,1.6145263095497593,"This code defines a Spring Boot microservice primarily for managing course reviews, offering RESTful API endpoints for CRUD operations on review entities. It also includes dedicated components that demonstrate and configure custom application metrics (counters, timers, and gauges) using Micrometer, intended for testing and monitoring the service's behavior."
https://github.com/HasinthakaPiyumal/AI-Pattern-Mining-Project/tree/main/notebooks/result/ms_repo_callgraph_clusters/spring-boot-based-microservices_java/cluster_16.java,Data Model/ Domain design,1.8058676742023188,"This code defines a JPA `@Entity` named `Course`, serving as a data model for course information within a microservice. It incorporates Spring Data JPA auditing for `createdDate` and `lastModifiedDate`, optimistic locking with `@Version`, and Jakarta Bean Validation for fields like title, author, and price."
https://github.com/HasinthakaPiyumal/AI-Pattern-Mining-Project/tree/main/notebooks/result/ms_repo_callgraph_clusters/spring-boot-based-microservices_java/cluster_15.java,Data Model/ Domain design,1.3698300678285071,"This file defines two distinct data models for a microservices architecture: a `Course` JPA entity with auditing and validation for persistence, and a `ReviewDTO` for transferring and validating review data. Both leverage Jakarta Bean Validation for data integrity, with `Course` also utilizing Spring Data JPA for automatic auditing."
https://github.com/HasinthakaPiyumal/AI-Pattern-Mining-Project/tree/main/notebooks/result/ms_repo_callgraph_clusters/spring-boot-based-microservices_java/cluster_17.java,Data Model/ Domain design,1.9597556723232983,"This Java file defines a `Course` JPA entity, representing a course with attributes like title, author, price, and publisher. It leverages Jakarta Bean Validation for data integrity, and Spring Data annotations for automatic auditing (created/modified dates) and optimistic locking."
https://github.com/HasinthakaPiyumal/AI-Pattern-Mining-Project/tree/main/notebooks/result/ms_repo_callgraph_clusters/spring-boot-based-microservices_java/cluster_14.java,Data Model/ Domain design,1.2463633086693822,"This Java class defines the `Review` domain entity for a microservice, representing a user's review of a course. It utilizes Spring Data MongoDB for persistence, marking it as a document with an ID, version, and an indexed email field, while leveraging Lombok for concise data model generation."
https://github.com/HasinthakaPiyumal/AI-Pattern-Mining-Project/tree/main/notebooks/result/ms_repo_callgraph_clusters/spring-boot-based-microservices_java/cluster_5.java,Microservices Security,2.325585188892435,"This code defines Spring WebFlux security configurations for multiple microservices, implementing OAuth2 Resource Server protection. It consistently uses a custom JWT converter to extract user roles from `realm_access` and `resource_access` claims, enabling fine-grained, path-based authorization for API endpoints."
https://github.com/HasinthakaPiyumal/AI-Pattern-Mining-Project/tree/main/notebooks/result/ms_repo_callgraph_clusters/micronaut-microservices-poc_java/cluster_31.java,Data Model/ Domain design,1.5628559731925433,"This Java class defines a `Question` data model within a product service domain, encapsulating a question's code, index, and text. It leverages Lombok for boilerplate reduction and is annotated with `@BsonDiscriminator`, indicating its design for MongoDB persistence as a POJO."
https://github.com/HasinthakaPiyumal/AI-Pattern-Mining-Project/tree/main/notebooks/result/ms_repo_callgraph_clusters/micronaut-microservices-poc_java/cluster_7.java,Business Logic,1.2523315425498773,"This code defines a suite of Micronaut microservices for an insurance sales portal, encompassing functionalities like policy management, authentication, pricing, and an API gateway. It includes extensive integration tests that spin up embedded servers to verify core operations such as policy creation, price calculation for different insurance types, and data retrieval."
https://github.com/HasinthakaPiyumal/AI-Pattern-Mining-Project/tree/main/notebooks/result/ms_repo_callgraph_clusters/micronaut-microservices-poc_java/cluster_9.java,Other,1.1115677916561273,"This code defines a singleton `DashboardCommandBus` that extends `MicronautCommandBus`, providing a specialized command bus implementation for the dashboard service to manage command dispatching and handler registration within its domain."
https://github.com/HasinthakaPiyumal/AI-Pattern-Mining-Project/tree/main/notebooks/result/ms_repo_callgraph_clusters/micronaut-microservices-poc_java/cluster_25.java,Data Model/ Domain design,2.0040962407837304,"This code defines an immutable `LocalDateRange` value object, representing a period between two `LocalDate` instances. It uses Lombok for a protected constructor and public getters, and provides a static factory method `between` for convenient instantiation."
https://github.com/HasinthakaPiyumal/AI-Pattern-Mining-Project/tree/main/notebooks/result/ms_repo_callgraph_clusters/micronaut-microservices-poc_java/cluster_44.java,Microservices Security,0.8354817101179484,"This code implements a custom Micronaut Security authentication provider for ""Insurance Agents."" It authenticates users by retrieving agent details from a `JdbcRepository` based on login, verifying the password, and then returning an `InsuranceAgentDetails` object containing the agent's login, avatar, and available product codes upon successful authentication."
https://github.com/HasinthakaPiyumal/AI-Pattern-Mining-Project/tree/main/notebooks/result/ms_repo_callgraph_clusters/micronaut-microservices-poc_java/cluster_21.java,Other,2.1227278000231116,"This Java class implements a composite `Specification` that logically combines two other specifications using an ""AND"" operator. It checks if an object satisfies both encapsulated specifications, short-circuiting and returning the error details of the first failing specification encountered."
https://github.com/HasinthakaPiyumal/AI-Pattern-Mining-Project/tree/main/notebooks/result/ms_repo_callgraph_clusters/micronaut-microservices-poc_java/cluster_13.java,Business Logic,1.0129481967428773,"This code primarily initializes an application dashboard by programmatically generating synthetic insurance policy data and persisting it to a repository upon startup, including a retry mechanism for ElasticSearch availability. Additionally, it contains a separate module for processing bank statement data, which involves reading and parsing CSV files into domain objects and marking them as processed."
https://github.com/HasinthakaPiyumal/AI-Pattern-Mining-Project/tree/main/notebooks/result/ms_repo_callgraph_clusters/micronaut-microservices-poc_java/cluster_26.java,Other,1.6091124850307768,"This Java enum, `TimeAggregationUnit`, defines standard time intervals (DAY, WEEK, MONTH, YEAR) and provides a utility method to convert them into their corresponding Elasticsearch `DateHistogramInterval` objects, specifically for date-based aggregations."
https://github.com/HasinthakaPiyumal/AI-Pattern-Mining-Project/tree/main/notebooks/result/ms_repo_callgraph_clusters/micronaut-microservices-poc_java/cluster_10.java,Other,0.9254826692053468,"This code implements an Adapter pattern, providing a set of classes that translate domain-specific sales queries (e.g., total sales, sales trends, agent sales) into Elasticsearch search requests, heavily relying on aggregation builders for filtering and calculating metrics. It then extracts and maps the aggregated results from Elasticsearch responses back into corresponding domain result objects."
https://github.com/HasinthakaPiyumal/AI-Pattern-Mining-Project/tree/main/notebooks/result/ms_repo_callgraph_clusters/micronaut-microservices-poc_java/cluster_47.java,Other,1.6165593362560347,"This Micronaut `@Singleton` class, `PolicySearchRegistry`, extends a generic `Registry` to provide a specialized registry instance for the policy search service. It likely leverages the `ApplicationContext` passed to its superclass to discover and manage command or event handlers specific to policy search operations."
https://github.com/HasinthakaPiyumal/AI-Pattern-Mining-Project/tree/main/notebooks/result/ms_repo_callgraph_clusters/micronaut-microservices-poc_java/cluster_6.java,Other,1.5906728548314932,"This Micronaut `@Singleton` class, `DashboardRegistry`, extends a generic `Registry` to provide a specific instance for the dashboard service. It primarily serves as a specialized registry, likely responsible for discovering and managing command handlers or event listeners within the dashboard context by leveraging the provided `ApplicationContext`."
https://github.com/HasinthakaPiyumal/AI-Pattern-Mining-Project/tree/main/notebooks/result/ms_repo_callgraph_clusters/micronaut-microservices-poc_java/cluster_12.java,Business Logic,1.4530561643280933,"This code defines the domain models and DTO assemblers for an insurance microservices system, covering policy management, dynamic pricing rules using MVEL expressions, product definitions, and financial accounting for policies. It extensively uses JPA for persistence, Lombok for boilerplate reduction, and applies Domain-Driven Design principles to structure distinct service contexts."
https://github.com/HasinthakaPiyumal/AI-Pattern-Mining-Project/tree/main/notebooks/result/ms_repo_callgraph_clusters/micronaut-microservices-poc_java/cluster_35.java,Data Model/ Domain design,2.135524140588951,"This code defines two immutable value objects, `Quantity` and `MonetaryAmount`, both backed by `BigDecimal` for precise numerical representation. They encapsulate common arithmetic operations, comparisons, and conversions, with `MonetaryAmount` specifically handling currency-related rounding and scaling to two decimal places."
https://github.com/HasinthakaPiyumal/AI-Pattern-Mining-Project/tree/main/notebooks/result/ms_repo_callgraph_clusters/micronaut-microservices-poc_java/cluster_34.java,Business Logic,1.0938550195856047,"This Micronaut payment service manages policy accounts, exposing REST endpoints for querying account details and balances with Hystrix for fault tolerance. It also includes a service to process incoming payments from bank statement files and a data loader to initialize demo policy accounts upon application startup, all backed by an in-memory mock repository."
https://github.com/HasinthakaPiyumal/AI-Pattern-Mining-Project/tree/main/notebooks/result/ms_repo_callgraph_clusters/micronaut-microservices-poc_java/cluster_37.java,Business Logic,1.6535726711649765,"This code defines a `PolicyVersion` JPA entity for persisting detailed policy version information, including associated covers and validity periods. It also includes a `ProductsAssembler` for mapping product domain models (with their covers and various question types) to DTOs, and a `PolicyGatewayController` that acts as an API gateway, exposing REST endpoints for policy search, creation, termination, and detail retrieval by delegating to backend microservices."
https://github.com/HasinthakaPiyumal/AI-Pattern-Mining-Project/tree/main/notebooks/result/ms_repo_callgraph_clusters/micronaut-microservices-poc_java/cluster_42.java,Microservices Test,1.9914942192227596,"This code file contains a suite of integration tests for a Micronaut microservice application, specifically verifying the functionality of Policy management (creation, retrieval), Pricing calculation for different policy types, and Policy Search. It consistently uses an embedded Micronaut server and dedicated test clients to simulate API interactions and assert business logic outcomes."
https://github.com/HasinthakaPiyumal/AI-Pattern-Mining-Project/tree/main/notebooks/result/ms_repo_callgraph_clusters/micronaut-microservices-poc_java/cluster_45.java,Other,2.0770968955723665,"This `ElasticClientAdapter` provides an asynchronous interface for indexing and searching documents within Elasticsearch. It leverages RxJava's `Maybe` to wrap the `RestHighLevelClient`'s asynchronous operations, with client configuration dynamically sourced from `ElasticSearchSettings`."
https://github.com/HasinthakaPiyumal/AI-Pattern-Mining-Project/tree/main/notebooks/result/ms_repo_callgraph_clusters/micronaut-microservices-poc_java/cluster_24.java,Other,1.1256190370333703,"This code defines configuration classes for various Micronaut microservices, externalizing settings such as Elasticsearch connection parameters and bank statement import directories. It consistently leverages Micronaut's `@ConfigurationProperties` and Lombok to provide structured, type-safe access to application settings."
https://github.com/HasinthakaPiyumal/AI-Pattern-Mining-Project/tree/main/notebooks/result/ms_repo_callgraph_clusters/micronaut-microservices-poc_java/cluster_23.java,Other,2.0382529595663845,"This `NotSpecification` class implements the Specification pattern, providing a logical negation that is satisfied only if the wrapped specification is not, and crucially, propagates the wrapped specification's error details when it fails (i.e., when the wrapped specification *is* satisfied)."
https://github.com/HasinthakaPiyumal/AI-Pattern-Mining-Project/tree/main/notebooks/result/ms_repo_callgraph_clusters/micronaut-microservices-poc_java/cluster_22.java,Other,1.5611203104981557,"This `OrSpecification` class implements the Specification pattern, combining two other specifications with an ""OR"" logical operation. It determines an object is satisfied if at least one of its constituent left or right specifications is satisfied, failing only if both are unsatisfied."
https://github.com/HasinthakaPiyumal/AI-Pattern-Mining-Project/tree/main/notebooks/result/ms_repo_callgraph_clusters/micronaut-microservices-poc_java/cluster_29.java,Other,1.3125484002845222,"This code defines `PolicyCommandBus` as a singleton Micronaut bean, specializing the generic `MicronautCommandBus` for the policy service. It acts as an infrastructure adapter, responsible for dispatching policy-related commands to their registered handlers using an injected `Registry`."
https://github.com/HasinthakaPiyumal/AI-Pattern-Mining-Project/tree/main/notebooks/result/ms_repo_callgraph_clusters/micronaut-microservices-poc_java/cluster_40.java,Data Model/ Domain design,2.013970537163469,"This `MonetaryAmount` class serves as an immutable, `Embeddable` value object for precise financial calculations using `BigDecimal`. It consistently handles currency values with two decimal places, offering comprehensive arithmetic, comparison, and rounding operations via static factory methods and instance methods."
https://github.com/HasinthakaPiyumal/AI-Pattern-Mining-Project/tree/main/notebooks/result/ms_repo_callgraph_clusters/micronaut-microservices-poc_java/cluster_38.java,Other,1.1080070576406411,"This Micronaut-based code establishes a command and query dispatching registry, dynamically mapping specific `Command` and `Query` types to their corresponding `CommandHandler` and `QueryHandler` implementations. It leverages the `ApplicationContext` and generic type resolution to provide a central mediator for retrieving the appropriate handler for any given command or query."
https://github.com/HasinthakaPiyumal/AI-Pattern-Mining-Project/tree/main/notebooks/result/ms_repo_callgraph_clusters/micronaut-microservices-poc_java/cluster_32.java,Data Model/ Domain design,1.4808171864726352,"This code defines two JPA `@Embeddable` value objects, `PolicyVersionRef` and `PolicyRef`, which serve as lightweight references to policy and policy version entities by encapsulating their identifying numbers. They provide static factory methods for easy creation from full entity objects and `PolicyVersionRef` can derive a `PolicyRef`."
https://github.com/HasinthakaPiyumal/AI-Pattern-Mining-Project/tree/main/notebooks/result/ms_repo_callgraph_clusters/micronaut-microservices-poc_java/cluster_41.java,Business Logic,0.9122522882721062,"This Micronaut application serves as the `AgentPortalGatewayApplication`, acting as a gateway for an insurance sales portal. It is configured to expose an OpenAPI specification for its API, titled ""LAB Insurance Sales Portal API"", complete with contact information."
https://github.com/HasinthakaPiyumal/AI-Pattern-Mining-Project/tree/main/notebooks/result/ms_repo_callgraph_clusters/micronaut-microservices-poc_java/cluster_3.java,Other,1.0802588744273565,"This code primarily defines various Data Transfer Objects (DTOs) for API command and query results, leveraging Lombok and Micronaut's `@Introspected` for concise data structures. Additionally, it implements the Specification pattern for defining and combining business rules, and provides Micronaut `@Fallback` implementations for API clients to enhance resilience in a microservices environment."
https://github.com/HasinthakaPiyumal/AI-Pattern-Mining-Project/tree/main/notebooks/result/ms_repo_callgraph_clusters/micronaut-microservices-poc_java/cluster_30.java,Other,1.433390904339082,"This Micronaut `@Singleton` bean, `PolicyRegistry`, extends a generic `Registry` from a command bus package, leveraging the `ApplicationContext` to likely discover and register policy-related command handlers or event listeners. It serves as a specialized component within the application's command/event bus infrastructure for the policy domain."
https://github.com/HasinthakaPiyumal/AI-Pattern-Mining-Project/tree/main/notebooks/result/ms_repo_callgraph_clusters/micronaut-microservices-poc_java/cluster_5.java,Other,1.2013380050877305,"This code defines polymorphic data transfer objects (DTOs) for questions and their answers, specifically `QuestionDto` and `QuestionAnswer`. It leverages Jackson's `@JsonTypeInfo` and `@JsonSubTypes` annotations to enable flexible serialization and deserialization of different concrete question and answer types (e.g., choice, text, numeric) based on a ""type"" property."
https://github.com/HasinthakaPiyumal/AI-Pattern-Mining-Project/tree/main/notebooks/result/ms_repo_callgraph_clusters/micronaut-microservices-poc_java/cluster_0.java,Business Logic,1.848546573861358,"This code defines a suite of Micronaut-based microservices for an insurance-like application, encompassing policy management, pricing, payments, product catalog, and dashboard functionalities. It leverages a Command Bus for CQRS, integrates with Elasticsearch for data persistence and search, and employs an API Gateway with resilience patterns like retries and fallbacks to orchestrate interactions between services."
https://github.com/HasinthakaPiyumal/AI-Pattern-Mining-Project/tree/main/notebooks/result/ms_repo_callgraph_clusters/micronaut-microservices-poc_java/cluster_51.java,Data Model/ Domain design,1.6353234236860807,"This code defines data transfer objects and query structures for a dashboard service, facilitating the retrieval and aggregation of sales data by agent or product. It extensively uses Lombok annotations like `@Builder` and `@Singular` to create concise, fluent data models for queries and their results, often involving maps of aggregated sales."
https://github.com/HasinthakaPiyumal/AI-Pattern-Mining-Project/tree/main/notebooks/result/ms_repo_callgraph_clusters/ftgo-application_java/cluster_11.java,Data Model/ Domain design,1.5885723049081746,"This collection of Java classes defines the core data models, events, and commands for a microservices-based food delivery application, primarily handling order creation, revision, and cancellation across order, kitchen, and restaurant services. It leverages JPA for persistence, Eventuate Tram for distributed sagas, and GRPC/REST for inter-service communication, emphasizing a clear separation of concerns through DTOs and domain entities."
https://github.com/HasinthakaPiyumal/AI-Pattern-Mining-Project/tree/main/notebooks/result/ms_repo_callgraph_clusters/ftgo-application_java/cluster_53.java,Data Model/ Domain design,1.6603024091255885,"This POJO defines a data structure for the `requestContext` object typically provided by AWS API Gateway to a Lambda function, encapsulating essential details like the account ID, resource path, HTTP method, and request ID for an incoming API request. It serves as a data transfer object to easily access these AWS-specific request attributes within the `ftgo-restaurantservice`."
https://github.com/HasinthakaPiyumal/AI-Pattern-Mining-Project/tree/main/notebooks/result/ms_repo_callgraph_clusters/ftgo-application_java/cluster_56.java,Data Model/ Domain design,1.746502898247439,"This Java POJO defines a data structure for an AWS API Gateway or Lambda request context, encapsulating details like account ID, resource path, HTTP method, and request ID. It serves as a data transfer object to hold essential request metadata for processing within an AWS-based microservice."
https://github.com/HasinthakaPiyumal/AI-Pattern-Mining-Project/tree/main/notebooks/result/ms_repo_callgraph_clusters/ftgo-application_java/cluster_158.java,EDA,1.0458342874002662,"This Spring configuration class sets up the message handling infrastructure for the `kitchenservice`, defining beans to consume domain events via a `DomainEventDispatcher` and participate in distributed sagas by dispatching commands to a `KitchenServiceCommandHandler` using an `SagaCommandDispatcher`, all built upon the Eventuate Tram framework."
https://github.com/HasinthakaPiyumal/AI-Pattern-Mining-Project/tree/main/notebooks/result/ms_repo_callgraph_clusters/ftgo-application_java/cluster_127.java,Transactions/Saga,1.287207100347718,"This `ReviseOrderSagaData` class serves as a data container for managing the state and context of an order revision process within a saga pattern. It encapsulates all necessary information, including the order ID, revision details, consumer and restaurant IDs, the revised total, and an expected version for optimistic locking, to facilitate a distributed order modification workflow."
https://github.com/HasinthakaPiyumal/AI-Pattern-Mining-Project/tree/main/notebooks/result/ms_repo_callgraph_clusters/ftgo-application_java/cluster_116.java,Data Model/ Domain design,1.9705365520843459,"This Java class, `GetOrderResponse`, functions as a Data Transfer Object (DTO) to encapsulate and convey specific order details—including ID, status, and associated restaurant information—as a response from a CQRS order history web service. It follows a standard POJO pattern, providing constructors, getters, and setters for its fields."
https://github.com/HasinthakaPiyumal/AI-Pattern-Mining-Project/tree/main/notebooks/result/ms_repo_callgraph_clusters/ftgo-application_java/cluster_73.java,Data Model/ Domain design,1.6553803479605376,"This Java POJO models an incoming request from AWS API Gateway, providing a structured representation of HTTP method, path, headers, query/path parameters, body, and request context. It includes standard getters/setters and a utility method for safely accessing path parameters."
https://github.com/HasinthakaPiyumal/AI-Pattern-Mining-Project/tree/main/notebooks/result/ms_repo_callgraph_clusters/ftgo-application_java/cluster_19.java,Transactions/Saga,1.0996347029554019,"This code defines data transfer objects and Eventuate Tram commands used to manage the revision of orders and kitchen tickets across different microservices. It specifically encapsulates details like revised order line items, restaurant ID, and order ID for web requests, domain logic, and inter-service communication."
https://github.com/HasinthakaPiyumal/AI-Pattern-Mining-Project/tree/main/notebooks/result/ms_repo_callgraph_clusters/ftgo-application_java/cluster_81.java,Data Model/ Domain design,1.6544173789216223,"This Java class functions as a data transfer object (DTO) specifically designed to model an incoming AWS API Gateway proxy request. It encapsulates all relevant request details such as HTTP method, path, headers, query/path parameters, body, and request context, providing standard getters and a utility method for safely retrieving path parameters."
https://github.com/HasinthakaPiyumal/AI-Pattern-Mining-Project/tree/main/notebooks/result/ms_repo_callgraph_clusters/ftgo-application_java/cluster_31.java,Data Model/ Domain design,1.6334834770848017,"This Java class defines a `RestaurantMenuRevised` domain event, signaling that a restaurant's menu has been updated. It acts as a data transfer object, encapsulating the `RestaurantMenu` object that represents the newly revised menu."
https://github.com/HasinthakaPiyumal/AI-Pattern-Mining-Project/tree/main/notebooks/result/ms_repo_callgraph_clusters/ftgo-application_java/cluster_7.java,Transactions/Saga,1.2735704625510944,"This code defines the API, domain models, and distributed transaction logic for a ""Food To Go"" application's order management system. It orchestrates complex business processes like order creation, revision, and cancellation across multiple microservices (Order, Kitchen, Accounting, Consumer) using the Saga pattern via Eventuate Tram, and implements CQRS for order history."
https://github.com/HasinthakaPiyumal/AI-Pattern-Mining-Project/tree/main/notebooks/result/ms_repo_callgraph_clusters/ftgo-application_java/cluster_68.java,Other,1.985779600031315,"This Java utility class, `ApiGatewayResponse`, provides a Builder pattern implementation to simplify the construction of `APIGatewayProxyResponseEvent` objects for AWS Lambda functions. It handles various response body types, including JSON serialization for objects and Base64 encoding for binary data, along with helper methods for common error responses and JSON content headers."
https://github.com/HasinthakaPiyumal/AI-Pattern-Mining-Project/tree/main/notebooks/result/ms_repo_callgraph_clusters/ftgo-application_java/cluster_155.java,EDA,1.5742570486487966,"This Java class dynamically generates unique, timestamp-suffixed identifiers for command/event dispatchers and various microservice-specific command/aggregate channels, likely for integration testing or dynamic configuration within a transactional outbox (TRAM) pattern."
https://github.com/HasinthakaPiyumal/AI-Pattern-Mining-Project/tree/main/notebooks/result/ms_repo_callgraph_clusters/ftgo-application_java/cluster_9.java,Data Model/ Domain design,1.3773829754407478,"This code defines the core domain models and event structures for an FTGO (Food To Go) microservice, primarily implementing order lifecycle management and a CQRS-based order history read model. It leverages Eventuate Tram for event sourcing and command messaging, persisting the queryable order history in DynamoDB with advanced filtering and idempotent updates."
https://github.com/HasinthakaPiyumal/AI-Pattern-Mining-Project/tree/main/notebooks/result/ms_repo_callgraph_clusters/ftgo-application_java/cluster_86.java,Microservices Security,1.662154839629694,"This `Identity` class is a Plain Old Java Object (POJO) designed to encapsulate and manage various AWS and Cognito-specific identity attributes, such as `cognitoIdentityId`, `accountId`, and `userArn`. It provides standard getters and setters for accessing these encapsulated details, likely for tracking or authentication within an AWS-hosted service."
https://github.com/HasinthakaPiyumal/AI-Pattern-Mining-Project/tree/main/notebooks/result/ms_repo_callgraph_clusters/ftgo-application_java/cluster_100.java,Microservices Security,1.8624221444032418,"This Java class, `Identity`, functions as a data transfer object (DTO) to encapsulate various identity-related attributes, specifically those often derived from AWS Cognito and API Gateway contexts. It follows the Plain Old Java Object (POJO) pattern, providing standard getters and setters for each field."
https://github.com/HasinthakaPiyumal/AI-Pattern-Mining-Project/tree/main/notebooks/result/ms_repo_callgraph_clusters/ftgo-application_java/cluster_25.java,Data Model/ Domain design,1.7904630614917123,"This file defines two distinct but structurally identical Java POJOs, `TicketAcceptedEvent` and `TicketAcceptance`, both serving as simple data containers for a `LocalDateTime readyBy` timestamp. `TicketAcceptedEvent` functions as a domain event signaling a ticket's acceptance, while `TicketAcceptance` is likely a web DTO for related ticket acceptance operations."
https://github.com/HasinthakaPiyumal/AI-Pattern-Mining-Project/tree/main/notebooks/result/ms_repo_callgraph_clusters/ftgo-application_java/cluster_44.java,Data Model/ Domain design,1.39007284371155,"This code defines the domain model and REST API for an order management service, enabling operations like creating, canceling, and revising customer orders. It leverages Domain-Driven Design with an `Order` aggregate that uses event sourcing for state transitions, robust `Money` value objects, and Spring annotations for its API endpoints."
https://github.com/HasinthakaPiyumal/AI-Pattern-Mining-Project/tree/main/notebooks/result/ms_repo_callgraph_clusters/ftgo-application_java/cluster_106.java,Other,1.8365757298326408,"This code defines a custom Jackson `MoneyModule` to serialize and deserialize a `Money` object to/from its string representation in JSON. It then initializes the application's global JSON mapper to register this `MoneyModule` and `JavaTimeModule`, while also disabling date serialization as timestamps, ensuring consistent and correct JSON handling for financial amounts and temporal types."
https://github.com/HasinthakaPiyumal/AI-Pattern-Mining-Project/tree/main/notebooks/result/ms_repo_callgraph_clusters/ftgo-application_java/cluster_21.java,Transactions/Saga,0.9706444250048485,"This code represents a microservice application (FTGO) built with Spring Boot, heavily utilizing an event-driven architecture via Eventuate Tram for inter-service communication and saga orchestration for distributed transactions. It implements a CQRS pattern for order history using DynamoDB and employs Spring Cloud Contract for robust integration testing across services."
https://github.com/HasinthakaPiyumal/AI-Pattern-Mining-Project/tree/main/notebooks/result/ms_repo_callgraph_clusters/ftgo-application_java/cluster_13.java,Data Model/ Domain design,2.041131885458593,"This collection of Java classes defines core domain entities and value objects across multiple microservices (e.g., Order, Kitchen, Restaurant, Delivery, Consumer) for a food delivery application. Leveraging JPA annotations, these classes model persistent data structures like orders, menu items, restaurants, and delivery tickets, often incorporating business logic for state management and calculations."
https://github.com/HasinthakaPiyumal/AI-Pattern-Mining-Project/tree/main/notebooks/result/ms_repo_callgraph_clusters/ftgo-application_java/cluster_118.java,Other,0.764934135131416,"This Spring `@Configuration` class provides beans for interacting with AWS DynamoDB to manage order history, including a `DynamoDB` client, an `OrderHistoryDao` implementation, and a health indicator. It dynamically configures the client to connect to either a specified custom endpoint or a standard AWS region using injected credentials."
https://github.com/HasinthakaPiyumal/AI-Pattern-Mining-Project/tree/main/notebooks/result/ms_repo_callgraph_clusters/ftgo-application_java/cluster_91.java,Microservices Security,2.03964174003975,"This Java class, `Identity`, functions as a Plain Old Java Object (POJO) to encapsulate various AWS-specific identity details, including Cognito identity pool and ID, account ID, user ARN, and caller information. It primarily serves as a data structure for holding authentication and request context attributes within an AWS environment."
https://github.com/HasinthakaPiyumal/AI-Pattern-Mining-Project/tree/main/notebooks/result/ms_repo_callgraph_clusters/ftgo-application_java/cluster_87.java,Microservices Security,1.9056196167303594,"This `Identity` class is a Plain Old Java Object (POJO) designed to encapsulate various AWS identity and request context attributes, such as Cognito IDs, account details, and caller information. It provides standard getters and setters for these properties, following the Java bean pattern."
https://github.com/HasinthakaPiyumal/AI-Pattern-Mining-Project/tree/main/notebooks/result/ms_repo_callgraph_clusters/ftgo-application_java/cluster_62.java,Data Model/ Domain design,2.0165607239260965,"This Java class, `RequestContext`, is a Plain Old Java Object (POJO) designed to encapsulate various attributes of an incoming request. It specifically models data commonly found in an AWS API Gateway or Lambda event context, such as `accountId`, `resourceId`, `httpMethod`, and `apiId`, using standard Java bean getters and setters."
https://github.com/HasinthakaPiyumal/AI-Pattern-Mining-Project/tree/main/notebooks/result/ms_repo_callgraph_clusters/ftgo-application_java/cluster_129.java,Transactions/Saga,1.1489060600549261,"This `ReviseOrderSagaData` class serves as a data container for the state and parameters required during a ""revise order"" saga, encapsulating details like the order ID, revision specifics, consumer, and an `expectedVersion` for optimistic concurrency control. It acts as a central data object to manage the multi-step process of revising an order within a distributed transaction pattern."
https://github.com/HasinthakaPiyumal/AI-Pattern-Mining-Project/tree/main/notebooks/result/ms_repo_callgraph_clusters/ftgo-application_java/cluster_126.java,Microservices Test,1.4533379970172091,"This Spring Boot integration test verifies the persistence of `Restaurant` entities using JPA. It specifically tests saving and loading `Restaurant` objects via `RestaurantRepository` within managed transactions, ensuring data integrity and correct retrieval."
https://github.com/HasinthakaPiyumal/AI-Pattern-Mining-Project/tree/main/notebooks/result/ms_repo_callgraph_clusters/ftgo-application_java/cluster_151.java,EDA,1.3926295164861802,"This `TramCommandsAndEventsIntegrationData` class generates unique, timestamp-suffixed names for command/event channels and aggregate destinations across various microservices (e.g., consumer, restaurant, account). Its primary purpose is to provide distinct communication endpoints, likely for integration testing or dynamic configuration within a distributed system utilizing a reliable messaging pattern."
https://github.com/HasinthakaPiyumal/AI-Pattern-Mining-Project/tree/main/notebooks/result/ms_repo_callgraph_clusters/ftgo-application_java/cluster_121.java,Data Model/ Domain design,2.1753818217486613,"This Java class, `DeliveryStatus`, functions as a data transfer object (DTO) to encapsulate the current state of a food delivery, including its core details, the ID of the assigned courier, and a list of actions performed by that courier. It provides standard getters, setters, and constructors for managing this delivery status information."
https://github.com/HasinthakaPiyumal/AI-Pattern-Mining-Project/tree/main/notebooks/result/ms_repo_callgraph_clusters/ftgo-application_java/cluster_154.java,EDA,1.4992913456335009,"This Java class, `TramCommandsAndEventsIntegrationData`, serves as a data holder for dynamically generated, unique string identifiers. These identifiers represent command/event dispatchers and inter-service communication channels/destinations for various microservices (consumer, restaurant, account), likely used to ensure distinct messaging endpoints for integration testing or dynamic configuration."
https://github.com/HasinthakaPiyumal/AI-Pattern-Mining-Project/tree/main/notebooks/result/ms_repo_callgraph_clusters/ftgo-application_java/cluster_88.java,Microservices Security,1.9861063028252286,"This `Identity` class is a data transfer object (DTO) designed to encapsulate comprehensive AWS-specific request identity information, including Cognito details, account ID, API key, and user ARN. It provides standard getters and setters, serving as a structured model for processing incoming request identities within the `ftgo-restaurantservice`."
https://github.com/HasinthakaPiyumal/AI-Pattern-Mining-Project/tree/main/notebooks/result/ms_repo_callgraph_clusters/ftgo-application_java/cluster_10.java,Data Model/ Domain design,1.8682040536943219,"This code defines several data structures for a food delivery application's order management, including API request/event DTOs (`OrderDetails`, `CreateOrderRequest`, `TicketDetails`) and an `@Embeddable` JPA component (`OrderLineItems`). The `OrderLineItems` class specifically encapsulates the collection of order line items, providing domain logic for calculating totals, finding items, and updating quantities based on order revisions."
https://github.com/HasinthakaPiyumal/AI-Pattern-Mining-Project/tree/main/notebooks/result/ms_repo_callgraph_clusters/ftgo-application_java/cluster_33.java,Data Model/ Domain design,1.7116563471974415,"This `RestaurantCreated` class is a domain event object that encapsulates the name, address, and menu details of a newly created restaurant. It acts as a data transfer object, implementing `RestaurantDomainEvent`, and includes constructor-level null validation for its `address` and `menu` fields."
https://github.com/HasinthakaPiyumal/AI-Pattern-Mining-Project/tree/main/notebooks/result/ms_repo_callgraph_clusters/ftgo-application_java/cluster_142.java,Business Logic,1.0920438434431394,"This code defines two distinct JPA `Restaurant` entities, one for an `orderservice` and another for a `kitchenservice`, both modeling a restaurant's ID and its menu items using `@ElementCollection`. Each entity includes a `TODO` method `verifyRestaurantDetails`, indicating planned functionality for validating restaurant details against external input."
https://github.com/HasinthakaPiyumal/AI-Pattern-Mining-Project/tree/main/notebooks/result/ms_repo_callgraph_clusters/ftgo-application_java/cluster_2.java,Data Model/ Domain design,0.8450903619471077,"This code defines API request/reply DTOs and extensive test suites for a microservices-based food delivery application, specifically demonstrating order lifecycle management, consumer/restaurant interactions, and delivery scheduling. It highlights an event-driven architecture with sagas for distributed transactions, validated through comprehensive contract, component, and end-to-end tests."
https://github.com/HasinthakaPiyumal/AI-Pattern-Mining-Project/tree/main/notebooks/result/ms_repo_callgraph_clusters/ftgo-application_java/cluster_144.java,Data Model/ Domain design,1.6411735370401024,"This Java class defines the `Order` aggregate root for a food delivery service, managing its lifecycle through various state transitions (e.g., `APPROVAL_PENDING`, `APPROVED`, `REVISION_PENDING`). It uses JPA for persistence and an event-driven approach, emitting `OrderDomainEvent`s when state changes occur, such as order creation, approval, rejection, or revision."
https://github.com/HasinthakaPiyumal/AI-Pattern-Mining-Project/tree/main/notebooks/result/ms_repo_callgraph_clusters/ftgo-application_java/cluster_134.java,Other,1.5783057075832798,"This Spring `@Configuration` class defines core web-related beans for an order service, specifically configuring a primary `ObjectMapper` for consistent JSON serialization/deserialization and a `Sampler` to ensure all requests are sampled for distributed tracing."
https://github.com/HasinthakaPiyumal/AI-Pattern-Mining-Project/tree/main/notebooks/result/ms_repo_callgraph_clusters/ftgo-application_java/cluster_140.java,Data Model/ Domain design,1.866783087526994,"This Java class defines `OrderCancelRequested`, a domain event used in an order service to signal that an order cancellation has been initiated. It encapsulates the `OrderState` at the time of the request, adhering to an event-driven architecture for state changes."
https://github.com/HasinthakaPiyumal/AI-Pattern-Mining-Project/tree/main/notebooks/result/ms_repo_callgraph_clusters/ftgo-application_java/cluster_79.java,Data Model/ Domain design,1.2279647411126673,"This Java class, `ApiGatewayRequest`, serves as a data model for an incoming request from AWS API Gateway, encapsulating all its components like headers, query/path parameters, HTTP method, and body. It provides standard getters/setters for these properties and includes a utility method for safely retrieving specific path parameters."
https://github.com/HasinthakaPiyumal/AI-Pattern-Mining-Project/tree/main/notebooks/result/ms_repo_callgraph_clusters/ftgo-application_java/cluster_70.java,Data Model/ Domain design,1.5084641207895477,"This Java class functions as a Plain Old Java Object (POJO) designed to model and encapsulate the complete payload of an incoming request from AWS API Gateway, typically for Lambda proxy integrations. It provides structured access to various HTTP request details such as path, method, headers, query/path parameters, and body, including a utility method for safely retrieving path parameters."
https://github.com/HasinthakaPiyumal/AI-Pattern-Mining-Project/tree/main/notebooks/result/ms_repo_callgraph_clusters/ftgo-application_java/cluster_125.java,Transactions/Saga,1.1688153253029234,"This code defines a gRPC client and server for an `OrderService`, enabling remote order creation and management. It also implements a distributed saga (`ReviseOrderSaga`) using Eventuate Tram to orchestrate complex order revision workflows across multiple microservices with transactional consistency and compensation."
https://github.com/HasinthakaPiyumal/AI-Pattern-Mining-Project/tree/main/notebooks/result/ms_repo_callgraph_clusters/ftgo-application_java/cluster_161.java,Data Model/ Domain design,1.3733533532651,"This `CancelCommand` class is a simple data transfer object within the `kitchenservice` domain, designed to encapsulate the necessary `orderId` and a `force` flag for initiating a cancellation operation. It serves as a command object, holding the parameters required to perform a specific action."
https://github.com/HasinthakaPiyumal/AI-Pattern-Mining-Project/tree/main/notebooks/result/ms_repo_callgraph_clusters/ftgo-application_java/cluster_93.java,Microservices Security,2.0919456529885085,"This `Identity` class is a Plain Old Java Object (POJO) designed to encapsulate various AWS-specific identity and request context attributes, including Cognito details, account IDs, and caller information, using standard getter and setter methods. It serves as a data structure to hold parsed identity information, likely from an AWS Lambda or API Gateway event."
https://github.com/HasinthakaPiyumal/AI-Pattern-Mining-Project/tree/main/notebooks/result/ms_repo_callgraph_clusters/ftgo-application_java/cluster_46.java,Microservices Test,1.5238987762646956,This Spring Boot integration test verifies the successful initialization of the `RestaurantServiceLambdaConfiguration` by attempting to load its application context and autowire the `RestaurantService`. The empty `@Test` method indicates its primary purpose is to ensure the Spring context starts up without errors and dependencies are resolvable.
https://github.com/HasinthakaPiyumal/AI-Pattern-Mining-Project/tree/main/notebooks/result/ms_repo_callgraph_clusters/ftgo-application_java/cluster_104.java,Other,1.6297773837877987,"This abstract class provides a base for AWS Lambda HTTP request handlers, implementing a strategy to optimize cold starts by lazily initializing and reusing a static Spring ApplicationContext across invocations. It then uses this shared context to autowire the handler instance itself before processing incoming API Gateway proxy requests."
https://github.com/HasinthakaPiyumal/AI-Pattern-Mining-Project/tree/main/notebooks/result/ms_repo_callgraph_clusters/ftgo-application_java/cluster_82.java,Data Model/ Domain design,1.6674890914135672,"This code defines a `DeliveryService` responsible for managing the lifecycle of food deliveries, including creation, scheduling, and cancellation, along with courier availability. It utilizes `Action` domain objects to represent specific delivery steps (pickup, dropoff) assigned to couriers, and provides methods to retrieve detailed delivery status and associated courier actions."
https://github.com/HasinthakaPiyumal/AI-Pattern-Mining-Project/tree/main/notebooks/result/ms_repo_callgraph_clusters/ftgo-application_java/cluster_149.java,EDA,1.8687157640608714,"This Java class provides unique, timestamp-suffixed identifiers for command/event dispatchers and service-specific messaging channels (consumer, restaurant, account). It is designed to supply isolated channel names, likely for integration testing or dynamic configuration within a microservices architecture employing the Transactional Outbox Pattern (Tram)."
https://github.com/HasinthakaPiyumal/AI-Pattern-Mining-Project/tree/main/notebooks/result/ms_repo_callgraph_clusters/ftgo-application_java/cluster_131.java,Data Model/ Domain design,1.31524639583745,"This `CancelOrderSagaData` class serves as a data transfer object (DTO) specifically designed to hold the state and context for a ""cancel order"" saga within an order service. It encapsulates essential details such as order, consumer, and restaurant IDs, along with the order total and a reverse request ID, to manage the multi-step cancellation process."
https://github.com/HasinthakaPiyumal/AI-Pattern-Mining-Project/tree/main/notebooks/result/ms_repo_callgraph_clusters/ftgo-application_java/cluster_6.java,Data Model/ Domain design,1.9915935840685326,"This code defines a comprehensive set of data transfer objects (DTOs), domain entities, events, and commands for a microservices-based ""food to go"" application, encompassing core entities like orders, menu items, and financial transactions across various service domains. A prominent pattern is the consistent use of Apache Commons Lang's reflection-based builders for `equals`, `hashCode`, and `toString` methods, simplifying boilerplate code for these data-centric classes."
https://github.com/HasinthakaPiyumal/AI-Pattern-Mining-Project/tree/main/notebooks/result/ms_repo_callgraph_clusters/ftgo-application_java/cluster_39.java,Other,0.8353065444718404,"This code defines Spring `@ConfigurationProperties` classes, `ConsumerDestinations` and `OrderDestinations`, to externalize and inject specific backend service URLs (consumer, order, and order history services) into the API Gateway application. It provides a type-safe way to configure these critical service endpoints, ensuring they are not null."
https://github.com/HasinthakaPiyumal/AI-Pattern-Mining-Project/tree/main/notebooks/result/ms_repo_callgraph_clusters/ftgo-application_java/cluster_123.java,Data Model/ Domain design,2.1305004432535535,"This Java class, `DeliveryStatus`, functions as a Data Transfer Object (DTO) within the `ftgo` delivery service, specifically encapsulating the current state of a delivery, including its details, the assigned courier, and a list of actions performed by the courier. It follows a standard POJO pattern for data encapsulation and transfer."
https://github.com/HasinthakaPiyumal/AI-Pattern-Mining-Project/tree/main/notebooks/result/ms_repo_callgraph_clusters/ftgo-application_java/cluster_90.java,Microservices Security,1.8984540816001123,"This `Identity` class functions as a Plain Old Java Object (POJO) within the `ftgo-restaurantservice` to encapsulate various identity and request context attributes, such as Cognito IDs, account details, and API keys, typically derived from AWS services like API Gateway. It primarily serves as a data structure with standard getters and setters for these fields."
https://github.com/HasinthakaPiyumal/AI-Pattern-Mining-Project/tree/main/notebooks/result/ms_repo_callgraph_clusters/ftgo-application_java/cluster_148.java,Transactions/Saga,1.1565041675228127,"This Spring `@Configuration` class defines and wires the `OrderService` and its dependencies, primarily orchestrating distributed transactions for order creation, cancellation, and revision using the Eventuate Tram Sagas framework. It sets up specific sagas that coordinate interactions with various microservices like Consumer, Kitchen, and Accounting services, alongside event publishing and metrics."
https://github.com/HasinthakaPiyumal/AI-Pattern-Mining-Project/tree/main/notebooks/result/ms_repo_callgraph_clusters/ftgo-application_java/cluster_65.java,Other,1.79595785025521,"This code defines utility classes, `ApiGatewayRequest` and `ApiGatewayResponse`, to model and facilitate interaction with AWS API Gateway proxy events within a Java Lambda function. `ApiGatewayRequest` represents incoming request data, while `ApiGatewayResponse` uses a Builder pattern to construct structured API Gateway responses, handling various body types (including JSON serialization for objects and Base64 encoding for binary data)."
https://github.com/HasinthakaPiyumal/AI-Pattern-Mining-Project/tree/main/notebooks/result/ms_repo_callgraph_clusters/ftgo-application_java/cluster_12.java,Data Model/ Domain design,0.9257162268761305,"This extensive codebase implements a microservices-based ""Food To Go"" application, providing REST APIs and domain logic for managing orders, restaurants, consumers, accounting, and deliveries. It prominently features Spring, Eventuate Tram for saga-orchestrated, event-driven inter-service communication, and a CQRS pattern for order history, all supported by comprehensive unit and component tests."
https://github.com/HasinthakaPiyumal/AI-Pattern-Mining-Project/tree/main/notebooks/result/ms_repo_callgraph_clusters/ftgo-application_java/cluster_128.java,Transactions/Saga,1.1119840666419722,"This code defines `ReviseOrderSagaData`, a Plain Old Java Object (POJO) that encapsulates all the necessary state and parameters for orchestrating a ""revise order"" saga within an order service. It holds details like the order ID, consumer ID, order revision, expected version for concurrency control, and the revised order total, facilitating the multi-step process of modifying an existing order."
https://github.com/HasinthakaPiyumal/AI-Pattern-Mining-Project/tree/main/notebooks/result/ms_repo_callgraph_clusters/ftgo-application_java/cluster_156.java,Microservices Test,2.0502293787694987,"This abstract component test verifies the `OrderService`'s end-to-end order creation flow, simulating interactions with other microservices (consumer, kitchen, accounting) through stubbed Eventuate Tram commands and events within a saga pattern. It uses RestAssured to make HTTP requests to the order service and asserts the successful processing and command dispatch."
https://github.com/HasinthakaPiyumal/AI-Pattern-Mining-Project/tree/main/notebooks/result/ms_repo_callgraph_clusters/ftgo-application_java/cluster_1.java,Other,1.3556140553744416,"This `ValidatingJSONMapper` is a test utility designed to validate JSON data against a loaded JSON schema, including resolving relative schema references. It wraps an existing JSON mapper to automatically perform validation during both serialization and deserialization, failing JUnit tests if the JSON does not conform to the schema."
https://github.com/HasinthakaPiyumal/AI-Pattern-Mining-Project/tree/main/notebooks/result/ms_repo_callgraph_clusters/ftgo-application_java/cluster_72.java,Data Model/ Domain design,1.658983961964676,"This Java class functions as a Data Transfer Object (DTO) specifically designed to represent the incoming request payload from an AWS API Gateway Lambda proxy integration. It encapsulates all standard HTTP request components, including path, method, headers, query/path parameters, body, and request context, providing getters/setters and a utility method for safe path parameter access."
https://github.com/HasinthakaPiyumal/AI-Pattern-Mining-Project/tree/main/notebooks/result/ms_repo_callgraph_clusters/ftgo-application_java/cluster_85.java,Microservices Security,1.6835634346117916,"This `Identity` class is a Plain Old Java Object (POJO) designed to encapsulate comprehensive identity details, primarily from an AWS context, within the `ftgo-restaurantservice`. It stores attributes like AWS Cognito identity IDs, account IDs, caller information, and source IP, providing standard getters and setters for data access."
https://github.com/HasinthakaPiyumal/AI-Pattern-Mining-Project/tree/main/notebooks/result/ms_repo_callgraph_clusters/ftgo-application_java/cluster_34.java,Business Logic,0.9845221668185455,"This code defines the domain layer for a Spring Boot restaurant service, managing `Restaurant` entities through Spring Data JPA. It notably implements an event-driven approach by publishing `RestaurantCreated` domain events using `io.eventuate.tram` after persisting new restaurants, facilitating eventual consistency or inter-service communication."
https://github.com/HasinthakaPiyumal/AI-Pattern-Mining-Project/tree/main/notebooks/result/ms_repo_callgraph_clusters/ftgo-application_java/cluster_59.java,Data Model/ Domain design,1.6982073679795735,"This Java POJO defines a data structure to encapsulate various attributes of an incoming request, specifically designed to hold context information from an AWS environment like API Gateway or Lambda. It stores details such as the account ID, resource path, HTTP method, API ID, and request ID."
https://github.com/HasinthakaPiyumal/AI-Pattern-Mining-Project/tree/main/notebooks/result/ms_repo_callgraph_clusters/ftgo-application_java/cluster_143.java,Data Model/ Domain design,1.3124142735406785,"This Java class defines `OrderLineItemChangeQueued`, a `DomainEvent` used in an event-driven architecture to signal that a change to an order's line item (identified by `lineItemId` and `newQuantity`) has been queued for processing. It serves as a data carrier for this specific event within the `ftgo-order-service` domain."
https://github.com/HasinthakaPiyumal/AI-Pattern-Mining-Project/tree/main/notebooks/result/ms_repo_callgraph_clusters/ftgo-application_java/cluster_130.java,Data Model/ Domain design,1.62391113449441,"This `CancelOrderSagaData` class is a Plain Old Java Object (POJO) designed to store the essential data and state for managing an order cancellation saga. It encapsulates key details such as the order ID, consumer ID, restaurant ID, and order total, facilitating the coordination of distributed transactions within the saga pattern."
https://github.com/HasinthakaPiyumal/AI-Pattern-Mining-Project/tree/main/notebooks/result/ms_repo_callgraph_clusters/ftgo-application_java/cluster_145.java,Data Model/ Domain design,1.7474488952820757,"This `OrderRevision` class models a proposed or actual update to an order, encapsulating optional delivery information and a list of revised order line items, leveraging `Optional` to handle potentially absent delivery details. It primarily serves as a data structure for communicating order modifications."
https://github.com/HasinthakaPiyumal/AI-Pattern-Mining-Project/tree/main/notebooks/result/ms_repo_callgraph_clusters/ftgo-application_java/cluster_84.java,Microservices Security,1.9510346854561833,"This `Identity` class is a Plain Old Java Object (POJO) designed to encapsulate various identity attributes, primarily focusing on AWS Cognito details (e.g., `cognitoIdentityPoolId`, `cognitoIdentityId`) and general request context information like `sourceIp` and `userArn`. It serves as a data structure for holding these values, implementing the standard JavaBean pattern with private fields and public getters/setters."
https://github.com/HasinthakaPiyumal/AI-Pattern-Mining-Project/tree/main/notebooks/result/ms_repo_callgraph_clusters/ftgo-application_java/cluster_122.java,Data Model/ Domain design,2.135443828481411,"This `DeliveryStatus` class is a Data Transfer Object (DTO) designed to encapsulate the current state of a delivery within a delivery service API. It holds comprehensive information including core delivery details, the ID of the assigned courier, and a list of actions performed by that courier, following the standard Java bean pattern."
https://github.com/HasinthakaPiyumal/AI-Pattern-Mining-Project/tree/main/notebooks/result/ms_repo_callgraph_clusters/ftgo-application_java/cluster_95.java,Microservices Security,2.312142352250393,"This `Identity` class is a Plain Old Java Object (POJO) designed to encapsulate various identity and authentication details, specifically those originating from AWS Cognito and API Gateway contexts. It primarily serves as a data structure with standard getters and setters for fields like Cognito IDs, account ID, and API key."
https://github.com/HasinthakaPiyumal/AI-Pattern-Mining-Project/tree/main/notebooks/result/ms_repo_callgraph_clusters/ftgo-application_java/cluster_60.java,Data Model/ Domain design,1.901922315123708,"This code defines Plain Old Java Objects (`RequestContext` and `ApiGatewayRequest`) to precisely model the structured data of an incoming AWS API Gateway request. It encapsulates all request details, including headers, parameters, body, and contextual information, facilitating their deserialization and use within an AWS Lambda function."
https://github.com/HasinthakaPiyumal/AI-Pattern-Mining-Project/tree/main/notebooks/result/ms_repo_callgraph_clusters/ftgo-application_java/cluster_42.java,Data Model/ Domain design,2.387287775989689,"This `OrderDetails` class serves as a data container for `OrderInfo`, designed to also incorporate optional `TicketInfo`, `DeliveryInfo`, and `BillInfo` (though these are not currently stored as fields, as noted by a `FIXME`). It leverages Apache Commons Lang for reflective `equals`, `hashCode`, and `toString` implementations."
https://github.com/HasinthakaPiyumal/AI-Pattern-Mining-Project/tree/main/notebooks/result/ms_repo_callgraph_clusters/ftgo-application_java/cluster_61.java,Data Model/ Domain design,1.710875513215813,"This code defines two Java POJO classes, `RequestContext` and `ApiGatewayRequest`, which serve as data models for deserializing incoming requests from AWS API Gateway. `ApiGatewayRequest` encapsulates comprehensive request details like headers, parameters, body, and a nested `RequestContext` for metadata, also providing a utility method for safe path parameter access."
https://github.com/HasinthakaPiyumal/AI-Pattern-Mining-Project/tree/main/notebooks/result/ms_repo_callgraph_clusters/ftgo-application_java/cluster_45.java,Microservices Test,1.1832112279380453,"This Spring Boot configuration class is specifically designed for API Gateway integration tests, explicitly forcing the use of Netty as the reactive web server. This ensures compatibility and prevents potential casting exceptions that could arise from conflicts with other test dependencies like WireMock, which might introduce Jetty."
https://github.com/HasinthakaPiyumal/AI-Pattern-Mining-Project/tree/main/notebooks/result/ms_repo_callgraph_clusters/ftgo-application_java/cluster_24.java,Transactions/Saga,0.9395309616107848,"This Java class defines a `CreateTicket` command, used in a distributed microservice architecture to instruct the ""restaurantService"" to create a new ticket. It encapsulates the `orderId`, `ticketDetails`, and `restaurantId` necessary for this command, leveraging Eventuate Tram for inter-service communication."
https://github.com/HasinthakaPiyumal/AI-Pattern-Mining-Project/tree/main/notebooks/result/ms_repo_callgraph_clusters/ftgo-application_java/cluster_23.java,Transactions/Saga,1.1635422361870988,"This Java class defines `ChangeTicketLineItemQuantity`, an Eventuate Tram command for the `ftgo-kitchen-service-api`. It represents a message to instruct the kitchen service to modify a ticket's line item quantity for a given `orderId` using a distributed command pattern."
https://github.com/HasinthakaPiyumal/AI-Pattern-Mining-Project/tree/main/notebooks/result/ms_repo_callgraph_clusters/ftgo-application_java/cluster_54.java,Data Model/ Domain design,1.6583029982750785,"This code defines two Plain Old Java Objects (POJOs) for an AWS-integrated restaurant service: `RequestContext` encapsulates details of an incoming AWS API Gateway or Lambda request, while `AwsLambdaError` provides a standardized structure for error responses from an AWS Lambda function."
https://github.com/HasinthakaPiyumal/AI-Pattern-Mining-Project/tree/main/notebooks/result/ms_repo_callgraph_clusters/ftgo-application_java/cluster_20.java,Data Model/ Domain design,1.1029843669330823,"This code defines a collection of commands and data transfer objects (DTOs) for a microservices-based food delivery application. It primarily utilizes the Eventuate Tram framework to orchestrate distributed sagas for complex order management operations, including creation, revision, cancellation, and payment authorization across various services."
https://github.com/HasinthakaPiyumal/AI-Pattern-Mining-Project/tree/main/notebooks/result/ms_repo_callgraph_clusters/ftgo-application_java/cluster_110.java,Business Logic,1.0574287962852311,"This Spring `@Configuration` class defines the core components for an accounting service, specifically setting up an Event Sourcing-based `AggregateRepository` for `Account` entities using Eventuate's aggregate store. It also registers the `AccountingService` bean and integrates with Eventuate Tram for command production, indicating its role in a microservice architecture."
https://github.com/HasinthakaPiyumal/AI-Pattern-Mining-Project/tree/main/notebooks/result/ms_repo_callgraph_clusters/ftgo-application_java/cluster_108.java,Data Model/ Domain design,2.289233805950133,"This Java class defines a `PersonName` value object, encapsulating a person's first and last name. It provides a constructor for initialization and standard getters for accessing these components, likely serving as a common data structure within the `ftgo` application."
https://github.com/HasinthakaPiyumal/AI-Pattern-Mining-Project/tree/main/notebooks/result/ms_repo_callgraph_clusters/ftgo-application_java/cluster_153.java,EDA,1.3909287689531424,"This Java class provides dynamically generated, unique identifiers for command/event dispatchers and inter-service communication channels (e.g., consumer, restaurant, account services) within a microservices system. These timestamp-suffixed identifiers are likely used for testing or dynamic configuration of a transactional outbox (Tram) messaging framework."
https://github.com/HasinthakaPiyumal/AI-Pattern-Mining-Project/tree/main/notebooks/result/ms_repo_callgraph_clusters/ftgo-application_java/cluster_83.java,Other,1.0394973760594746,"This Java class defines a Plain Old Java Object (POJO) named `AwsLambdaError` to encapsulate and represent error responses originating from AWS Lambda functions. It stores common error attributes like type, code, request ID, and a descriptive message for structured error handling within the `ftgo-restaurantservice`."
https://github.com/HasinthakaPiyumal/AI-Pattern-Mining-Project/tree/main/notebooks/result/ms_repo_callgraph_clusters/ftgo-application_java/cluster_98.java,Microservices Security,2.004857227831387,"This `Identity` class is a Plain Old Java Object (POJO) designed to encapsulate and transfer comprehensive AWS-related identity and authentication information, such as Cognito IDs, account details, and API caller attributes, within the `ftgo` restaurant service. It serves purely as a data structure, providing standard getters and setters for these properties."
https://github.com/HasinthakaPiyumal/AI-Pattern-Mining-Project/tree/main/notebooks/result/ms_repo_callgraph_clusters/ftgo-application_java/cluster_16.java,Data Model/ Domain design,1.8703562779947271,"This Java class defines `OrderCreatedEvent`, a data transfer object (DTO) representing the creation of a new order within a microservice architecture. It encapsulates core order information like details, delivery address, and restaurant name, utilizing Apache Commons Lang for robust `equals`, `hashCode`, and `toString` implementations."
https://github.com/HasinthakaPiyumal/AI-Pattern-Mining-Project/tree/main/notebooks/result/ms_repo_callgraph_clusters/ftgo-application_java/cluster_50.java,Data Model/ Domain design,2.014575151574699,"This Java class, `RequestContext`, functions as a data transfer object (DTO) to encapsulate various metadata attributes of an incoming request. It specifically models the context provided by AWS API Gateway or Lambda, including details like `accountId`, `resourceId`, `stage`, `requestId`, and `httpMethod`, for use within the `ftgo.restaurantservice` application."
https://github.com/HasinthakaPiyumal/AI-Pattern-Mining-Project/tree/main/notebooks/result/ms_repo_callgraph_clusters/ftgo-application_java/cluster_64.java,Other,1.9385852048250656,"This Java class provides a builder-pattern utility for constructing `APIGatewayProxyResponseEvent` objects, simplifying the creation of AWS Lambda responses for API Gateway. It intelligently handles various body types, including JSON serialization for objects and Base64 encoding for binary data, while setting standard HTTP properties."
https://github.com/HasinthakaPiyumal/AI-Pattern-Mining-Project/tree/main/notebooks/result/ms_repo_callgraph_clusters/ftgo-application_java/cluster_124.java,Microservices Test,1.8854760882936124,"This Java file defines Cucumber step definitions for component testing the `OrderService` within a microservice architecture. It uses Eventuate Tram Sagas' testing utilities to stub interactions with dependent services (consumer, kitchen, accounting) and verifies the `OrderService`'s HTTP API calls, state transitions, and published domain events during the order creation saga."
https://github.com/HasinthakaPiyumal/AI-Pattern-Mining-Project/tree/main/notebooks/result/ms_repo_callgraph_clusters/ftgo-application_java/cluster_133.java,Other,2.0572745080950834,"This Spring `GenericFilterBean` intercepts HTTP responses to inject the current Zipkin trace ID into a `ZIPKIN-TRACE-ID` header. It leverages `brave.Tracer` to retrieve the trace context, enhancing distributed tracing visibility for client applications."
https://github.com/HasinthakaPiyumal/AI-Pattern-Mining-Project/tree/main/notebooks/result/ms_repo_callgraph_clusters/ftgo-application_java/cluster_160.java,Business Logic,0.7918854371823573,"This Spring `@Configuration` class sets up the domain layer for a Kitchen Service, enabling JPA repositories, transaction management, and component scanning. It defines `KitchenService` and a `TicketDomainEventPublisher` bean, integrating with an event-driven architecture via `DomainEventPublisher` and Tram events."
https://github.com/HasinthakaPiyumal/AI-Pattern-Mining-Project/tree/main/notebooks/result/ms_repo_callgraph_clusters/ftgo-application_java/cluster_52.java,Data Model/ Domain design,1.769539770286991,"This Java class serves as a Plain Old Java Object (POJO) to encapsulate detailed request context information, likely mirroring the structure provided by AWS API Gateway or Lambda events. It stores attributes such as account ID, resource path, HTTP method, API ID, and request ID for an incoming request within the `ftgo-restaurantservice` application."
https://github.com/HasinthakaPiyumal/AI-Pattern-Mining-Project/tree/main/notebooks/result/ms_repo_callgraph_clusters/ftgo-application_java/cluster_111.java,EDA,1.7295519055771602,"This Spring `@Configuration` class establishes the messaging infrastructure for the `AccountingService`, leveraging Eventuate Tram to consume domain events, handle commands, and participate in sagas. It specifically configures `DomainEventDispatcher` and `CommandDispatcher` beans to process incoming messages relevant to accounting operations."
https://github.com/HasinthakaPiyumal/AI-Pattern-Mining-Project/tree/main/notebooks/result/ms_repo_callgraph_clusters/ftgo-application_java/cluster_78.java,Data Model/ Domain design,1.66278709541601,"This Java class defines a Plain Old Java Object (POJO) that models the complete structure of an incoming request from AWS API Gateway. It encapsulates all relevant request details, including HTTP method, path, headers, query/path/stage parameters, body, and request context, providing standard getters/setters and a utility for safe path parameter access."
https://github.com/HasinthakaPiyumal/AI-Pattern-Mining-Project/tree/main/notebooks/result/ms_repo_callgraph_clusters/ftgo-application_java/cluster_137.java,Data Model/ Domain design,1.9568679155474058,"This `Result` class encapsulates the outcome of an operation, holding a list of `DomainEvent`s and a boolean `allowed` status. It utilizes a static `Builder` pattern for construction, which allows adding events and explicitly setting the `allowed` status to `false` before building the final `Result` object."
https://github.com/HasinthakaPiyumal/AI-Pattern-Mining-Project/tree/main/notebooks/result/ms_repo_callgraph_clusters/ftgo-application_java/cluster_40.java,Other,1.3411470828917236,"This Spring `@ConfigurationProperties` class externalizes the configuration for consumer service destinations, specifically binding the `consumerServiceUrl` property from `consumer.destinations` in application configuration files. It serves as a simple data holder for a critical service URL, ensuring it's not null."
https://github.com/HasinthakaPiyumal/AI-Pattern-Mining-Project/tree/main/notebooks/result/ms_repo_callgraph_clusters/ftgo-application_java/cluster_48.java,Data Model/ Domain design,1.5105300379055588,"This code defines several Java Plain Old Java Objects (POJOs) that serve as Data Transfer Objects (DTOs) for an application interacting with AWS services. Specifically, `RequestContext` and `Identity` encapsulate detailed information about incoming AWS API Gateway/Lambda requests and user identity (likely from Cognito), while `GetAccountResponse` is a simple DTO for an accounting service's response."
https://github.com/HasinthakaPiyumal/AI-Pattern-Mining-Project/tree/main/notebooks/result/ms_repo_callgraph_clusters/ftgo-application_java/cluster_141.java,Data Model/ Domain design,1.6692759542621092,"This code defines domain events and data structures for managing order revisions and total changes within an order service. It includes `OrderRevisionProposed` and `OrderRevised` events, both carrying revision details and updated order totals, alongside a `LineItemQuantityChange` data class for tracking monetary deltas."
https://github.com/HasinthakaPiyumal/AI-Pattern-Mining-Project/tree/main/notebooks/result/ms_repo_callgraph_clusters/ftgo-application_java/cluster_74.java,Data Model/ Domain design,1.6483917393791672,"This Java class defines a data model for requests originating from AWS API Gateway, encapsulating all standard components like headers, query/path parameters, and the request body. It serves as a structured input object for AWS Lambda functions integrated with API Gateway."
https://github.com/HasinthakaPiyumal/AI-Pattern-Mining-Project/tree/main/notebooks/result/ms_repo_callgraph_clusters/ftgo-application_java/cluster_55.java,Data Model/ Domain design,2.0276138863798066,"This Java class, `RequestContext`, functions as a data transfer object (DTO) specifically designed to encapsulate various attributes of an AWS API Gateway request context, including account ID, resource path, HTTP method, and request ID. It provides standard getters and setters for accessing and modifying these request-specific details."
https://github.com/HasinthakaPiyumal/AI-Pattern-Mining-Project/tree/main/notebooks/result/ms_repo_callgraph_clusters/ftgo-application_java/cluster_99.java,Microservices Security,1.9057472982568568,"This Java class, `Identity`, functions as a data transfer object (DTO) to encapsulate various identity-related attributes, primarily focusing on AWS Cognito details and general request information such as `accountId`, `sourceIp`, and `userArn`. It utilizes the standard JavaBean pattern with private fields and public getters/setters to store this contextual identity data, likely extracted from an AWS request."
https://github.com/HasinthakaPiyumal/AI-Pattern-Mining-Project/tree/main/notebooks/result/ms_repo_callgraph_clusters/ftgo-application_java/cluster_162.java,Other,1.1133221130217856,"This Spring `@Configuration` class defines a `EventuateSwaggerConfig` bean, specifically configuring Swagger documentation for an Eventuate-based application. It provides the base package ""net.chrisrichardson.ftgo"" to guide Swagger in scanning for API endpoints."
https://github.com/HasinthakaPiyumal/AI-Pattern-Mining-Project/tree/main/notebooks/result/ms_repo_callgraph_clusters/ftgo-application_java/cluster_102.java,Microservices Security,1.9065307773400724,"This `Identity` class functions as a Plain Old Java Object (POJO) within the `ftgo-restaurantservice` to encapsulate various AWS-specific (e.g., Cognito) and general request identity attributes. It provides standard getters and setters for accessing these encapsulated string values, serving primarily as a data transfer object."
https://github.com/HasinthakaPiyumal/AI-Pattern-Mining-Project/tree/main/notebooks/result/ms_repo_callgraph_clusters/ftgo-application_java/cluster_63.java,Data Model/ Domain design,1.9847772650750037,"This Java class, `RequestContext`, functions as a data transfer object (DTO) specifically designed to encapsulate various attributes of an AWS API Gateway request, such as the account ID, resource path, HTTP method, and request ID. It provides standard getters and setters for accessing this contextual information, likely for use within an AWS Lambda function or similar serverless environment."
https://github.com/HasinthakaPiyumal/AI-Pattern-Mining-Project/tree/main/notebooks/result/ms_repo_callgraph_clusters/ftgo-application_java/cluster_101.java,Microservices Security,1.5897745419934437,"This `Identity` class is a Plain Old Java Object (POJO) designed to encapsulate various AWS-specific identity and request details, including Cognito identity IDs, account information, user ARNs, and client metadata like source IP or user agent, likely for an AWS-based restaurant service. It follows the standard JavaBean pattern with private fields and public getters/setters."
https://github.com/HasinthakaPiyumal/AI-Pattern-Mining-Project/tree/main/notebooks/result/ms_repo_callgraph_clusters/ftgo-application_java/cluster_157.java,Data Model/ Domain design,0.7423411857188515,"This code defines and configures event handlers for the Delivery Service, subscribing to domain events from other microservices (Order, Kitchen, Restaurant) using the Eventuate Tram framework. It processes events like `OrderCreatedEvent` and `TicketAcceptedEvent` to orchestrate delivery creation, scheduling, and cancellation within the `DeliveryService` domain."
https://github.com/HasinthakaPiyumal/AI-Pattern-Mining-Project/tree/main/notebooks/result/ms_repo_callgraph_clusters/ftgo-application_java/cluster_103.java,Microservices Security,1.7504447306679007,"This Java class, `Identity`, functions as a Plain Old Java Object (POJO) to encapsulate various AWS identity and request context details. It specifically stores information like Cognito identity IDs, account ID, user ARN, API key, and source IP, likely for processing authentication and client information within an AWS-based application."
https://github.com/HasinthakaPiyumal/AI-Pattern-Mining-Project/tree/main/notebooks/result/ms_repo_callgraph_clusters/ftgo-application_java/cluster_117.java,Data Model/ Domain design,1.5957318764138904,"This `GetOrdersResponse` class is a Data Transfer Object (DTO) used in a CQRS order history web service to encapsulate a list of individual order responses and a `startKey`, likely for pagination or cursor-based result retrieval. It provides standard getters, setters, and constructors for managing this response data."
https://github.com/HasinthakaPiyumal/AI-Pattern-Mining-Project/tree/main/notebooks/result/ms_repo_callgraph_clusters/ftgo-application_java/cluster_115.java,Microservices Test,1.8989622868124978,"This collection of Spring Boot integration tests validates the message-driven interactions and core functionalities of several microservices (Accounting, Order, Kitchen, Consumer) within the `ftgo` application. The tests extensively utilize the Eventuate Tram framework to simulate event publishing, send commands between services, and assert command replies, often demonstrating distributed saga patterns in a controlled test environment."
https://github.com/HasinthakaPiyumal/AI-Pattern-Mining-Project/tree/main/notebooks/result/ms_repo_callgraph_clusters/ftgo-application_java/cluster_146.java,Data Model/ Domain design,2.0250085325359084,"This Java class is an immutable value object, `LineItemQuantityChange`, designed to encapsulate the financial impact of altering a line item's quantity within an order. It specifically stores the order's total before the change, the new total after the change, and the monetary difference (delta)."
https://github.com/HasinthakaPiyumal/AI-Pattern-Mining-Project/tree/main/notebooks/result/ms_repo_callgraph_clusters/ftgo-application_java/cluster_67.java,Transactions/Saga,1.3123142358480473,"This collection of code implements core functionalities for a restaurant and order management system. It provides a Spring REST API and AWS Lambda handlers for restaurant CRUD operations, and defines distributed sagas using Eventuate Tram for complex order lifecycle management, including creation, revision, and cancellation across various microservices."
https://github.com/HasinthakaPiyumal/AI-Pattern-Mining-Project/tree/main/notebooks/result/ms_repo_callgraph_clusters/ftgo-application_java/cluster_4.java,Data Model/ Domain design,1.327226876410603,"This code defines data transfer objects, domain entities, and commands for a microservices application spanning Order, Kitchen, Restaurant, Delivery, Consumer, and API Gateway services. It heavily utilizes Apache Commons Lang for boilerplate `equals`, `hashCode`, and `toString` implementations, and includes comprehensive end-to-end tests demonstrating inter-service communication within an event-driven architecture."
https://github.com/HasinthakaPiyumal/AI-Pattern-Mining-Project/tree/main/notebooks/result/ms_repo_callgraph_clusters/ftgo-application_java/cluster_77.java,Data Model/ Domain design,1.4367761008324016,"This Java class, `ApiGatewayRequest`, functions as a Plain Old Java Object (POJO) to model the complete structure of an incoming request from AWS API Gateway. It encapsulates all request details such as HTTP method, path, headers, query/path parameters, body, and request context, providing standard getters/setters and a utility method for safe path parameter retrieval."
https://github.com/HasinthakaPiyumal/AI-Pattern-Mining-Project/tree/main/notebooks/result/ms_repo_callgraph_clusters/ftgo-application_java/cluster_138.java,Data Model/ Domain design,2.036014678652612,"This `Result` class encapsulates the outcome of a domain operation, storing a list of generated `DomainEvent`s and a boolean flag indicating if the operation was `allowed`. It utilizes a static nested `Builder` pattern for fluent construction, enabling the accumulation of events and explicit setting of the `allowed` status."
https://github.com/HasinthakaPiyumal/AI-Pattern-Mining-Project/tree/main/notebooks/result/ms_repo_callgraph_clusters/ftgo-application_java/cluster_17.java,Data Model/ Domain design,2.150439690496848,"This file defines two distinct data structures: `OrderCreatedEvent`, a domain event encapsulating details when an order is created, and `GetOrderResponse`, a Data Transfer Object (DTO) for conveying specific order history information, such as status and restaurant name, typically for a web API. Both classes are simple POJOs with constructors, getters, and setters, with `OrderCreatedEvent` also providing reflection-based `equals`, `hashCode`, and `toString` implementations."
https://github.com/HasinthakaPiyumal/AI-Pattern-Mining-Project/tree/main/notebooks/result/ms_repo_callgraph_clusters/ftgo-application_java/cluster_66.java,Other,1.8683114787551338,"This Java class provides a builder-pattern utility for constructing `APIGatewayProxyResponseEvent` objects, simplifying the creation of AWS Lambda responses for API Gateway. It flexibly handles various body types (raw string, JSON object, or Base64-encoded binary data) and includes helper methods for common error responses and JSON headers."
https://github.com/HasinthakaPiyumal/AI-Pattern-Mining-Project/tree/main/notebooks/result/ms_repo_callgraph_clusters/ftgo-application_java/cluster_105.java,Other,1.976309246199898,"This Spring `@Configuration` class defines and registers a `CommonJsonMapperInitializer` as a Spring bean. Its primary function is to ensure that a shared JSON mapper initializer, likely responsible for consistent JSON serialization/deserialization configurations across common modules, is available within the application context."
https://github.com/HasinthakaPiyumal/AI-Pattern-Mining-Project/tree/main/notebooks/result/ms_repo_callgraph_clusters/ftgo-application_java/cluster_136.java,Transactions/Saga,1.292560916962109,"This abstract `OrderCommand` class serves as a base for commands exchanged between Saga participants in the `ftgo-order-service`, providing a common `orderId` field for all order-related commands within the Eventuate Tram framework."
https://github.com/HasinthakaPiyumal/AI-Pattern-Mining-Project/tree/main/notebooks/result/ms_repo_callgraph_clusters/ftgo-application_java/cluster_14.java,Data Model/ Domain design,1.8935374612447065,"This code defines JPA `@Embeddable` value objects for `OrderLineItem` and `MenuItem`, representing components of an order and restaurant menu, respectively, used across different microservices. It also includes a test class demonstrating custom JSON serialization and deserialization for the `Money` value object, ensuring it's handled as a simple string."
https://github.com/HasinthakaPiyumal/AI-Pattern-Mining-Project/tree/main/notebooks/result/ms_repo_callgraph_clusters/ftgo-application_java/cluster_94.java,Microservices Security,2.04121678008576,"This `Identity` class is a data transfer object (DTO) designed to store comprehensive AWS Cognito and general request identity details, such as `cognitoIdentityPoolId`, `userArn`, and `sourceIp`. It utilizes the standard JavaBean pattern with private fields and public accessors to encapsulate this information."
https://github.com/HasinthakaPiyumal/AI-Pattern-Mining-Project/tree/main/notebooks/result/ms_repo_callgraph_clusters/ftgo-application_java/cluster_32.java,Data Model/ Domain design,1.6781454704393162,"This code defines two data transfer objects (DTOs) for a restaurant service: `CreateRestaurantRequest` for initiating restaurant creation, and `RestaurantCreated` as a domain event signaling a restaurant has been successfully created. Both classes encapsulate a restaurant's name, address, and menu, with `RestaurantCreated` notably enforcing non-null constraints for its address and menu upon instantiation."
https://github.com/HasinthakaPiyumal/AI-Pattern-Mining-Project/tree/main/notebooks/result/ms_repo_callgraph_clusters/ftgo-application_java/cluster_92.java,Microservices Security,1.7005009126863815,"This Java POJO, `Identity`, serves as a data transfer object to encapsulate various AWS and Cognito-related identity and request context details. It provides standard getters and setters for properties like Cognito identity IDs, account IDs, user ARNs, and source IP, likely used for authentication or logging within an `ftgo` restaurant service."
https://github.com/HasinthakaPiyumal/AI-Pattern-Mining-Project/tree/main/notebooks/result/ms_repo_callgraph_clusters/ftgo-application_java/cluster_41.java,Data Model/ Domain design,2.318590985766725,"This `OrderDetails` class serves as a data container, aggregating comprehensive information about an order by combining core `OrderInfo` with optional `TicketInfo`, `DeliveryInfo`, and `BillInfo`. It utilizes Apache Commons Lang for `equals`, `hashCode`, and `toString` implementations, and provides a static factory method to construct instances from a `Tuple4` of aggregated data."
https://github.com/HasinthakaPiyumal/AI-Pattern-Mining-Project/tree/main/notebooks/result/ms_repo_callgraph_clusters/ftgo-application_java/cluster_18.java,Data Model/ Domain design,1.0181900475691976,"This code defines a microservices-based food delivery application, employing an event-driven architecture with Eventuate Tram and sagas to manage distributed transactions across services for order processing, kitchen operations, and delivery scheduling, while also maintaining a CQRS-based order history."
https://github.com/HasinthakaPiyumal/AI-Pattern-Mining-Project/tree/main/notebooks/result/ms_repo_callgraph_clusters/ftgo-application_java/cluster_114.java,EDA,1.7133577661449548,"This class serves as a configuration object for the `AccountService`'s messaging infrastructure, specifically holding the `commandDispatcherId` and `commandChannel` strings. It defines the identifiers for a command dispatcher and the channel used for sending commands within a distributed system."
https://github.com/HasinthakaPiyumal/AI-Pattern-Mining-Project/tree/main/notebooks/result/ms_repo_callgraph_clusters/ftgo-application_java/cluster_119.java,Data Model/ Domain design,1.5387519900524085,"This Java class, `CourierAvailability`, functions as a simple data transfer object within a delivery service API. It encapsulates a single boolean value representing a courier's availability status, providing standard constructors, a getter, and a setter for this property."
https://github.com/HasinthakaPiyumal/AI-Pattern-Mining-Project/tree/main/notebooks/result/ms_repo_callgraph_clusters/ftgo-application_java/cluster_3.java,Data Model/ Domain design,1.0991470044636786,"This code defines a microservices architecture for a food delivery application, encompassing services for order, restaurant, kitchen, delivery, accounting, and consumer management. It heavily leverages an event-driven approach with Eventuate Tram for event sourcing, distributed sagas to orchestrate complex workflows, and CQRS for querying order history."
https://github.com/HasinthakaPiyumal/AI-Pattern-Mining-Project/tree/main/notebooks/result/ms_repo_callgraph_clusters/ftgo-application_java/cluster_8.java,Data Model/ Domain design,1.1562323950448978,"This collection of Java classes defines data transfer objects (DTOs) and commands for a microservices application, primarily focused on order processing and financial authorization. It leverages the `io.eventuate.tram.commands.common.Command` interface to facilitate inter-service communication for operations like authorizing, revising, and reversing order payments, typically including consumer ID, order ID, and order total."
https://github.com/HasinthakaPiyumal/AI-Pattern-Mining-Project/tree/main/notebooks/result/ms_repo_callgraph_clusters/ftgo-application_java/cluster_159.java,EDA,1.1979834435123988,"This Spring configuration class defines the message handling infrastructure for a `KitchenService`, specifically setting up `DomainEventDispatcher` to consume domain events and `SagaCommandDispatcher` to handle commands as a participant in Eventuate Tram Sagas. It integrates event subscription and Saga command processing for the kitchen service's domain logic."
https://github.com/HasinthakaPiyumal/AI-Pattern-Mining-Project/tree/main/notebooks/result/ms_repo_callgraph_clusters/ftgo-application_java/cluster_76.java,Data Model/ Domain design,1.4842546478564487,"This Java class defines a Plain Old Java Object (POJO) that models the structure of an incoming request payload from AWS API Gateway, specifically for proxy integration. It encapsulates all relevant request details like HTTP method, headers, query/path parameters, and body, providing standard getters/setters and a utility method for safe path parameter retrieval."
https://github.com/HasinthakaPiyumal/AI-Pattern-Mining-Project/tree/main/notebooks/result/ms_repo_callgraph_clusters/ftgo-application_java/cluster_147.java,Transactions/Saga,1.315523951862219,"This Spring configuration class defines the `OrderService` and its dependencies, primarily orchestrating complex business processes like order creation, cancellation, and revision using the Saga pattern. It configures specific Saga implementations (`CreateOrderSaga`, `CancelOrderSaga`, `ReviseOrderSaga`) that interact with various microservice proxies for distributed transaction management via `io.eventuate.tram`."
https://github.com/HasinthakaPiyumal/AI-Pattern-Mining-Project/tree/main/notebooks/result/ms_repo_callgraph_clusters/ftgo-application_java/cluster_75.java,Data Model/ Domain design,1.3215093321797038,"This Java class, `ApiGatewayRequest`, serves as a Plain Old Java Object (POJO) to model and deserialize incoming requests from AWS API Gateway, encapsulating all request details like HTTP method, headers, query/path parameters, and body. It provides standard getters/setters and a utility method for safely retrieving path parameters using `Optional`."
https://github.com/HasinthakaPiyumal/AI-Pattern-Mining-Project/tree/main/notebooks/result/ms_repo_callgraph_clusters/ftgo-application_java/cluster_5.java,Data Model/ Domain design,1.307294671722215,"This code defines the data model, events, and commands for a distributed food delivery application, primarily focusing on order management, consumer validation, and kitchen/restaurant interactions. It extensively uses Apache Commons Lang for boilerplate `equals`/`hashCode`/`toString` methods and implements a Saga pattern (e.g., `CreateOrderSagaState`) to orchestrate complex, multi-service order creation workflows."
https://github.com/HasinthakaPiyumal/AI-Pattern-Mining-Project/tree/main/notebooks/result/ms_repo_callgraph_clusters/ftgo-application_java/cluster_43.java,Other,0.8607758501526509,"This Spring `@ConfigurationProperties` class externalizes and manages the URLs for the `orderService` and `orderHistoryService`, binding them from configuration properties prefixed with ""order.destinations"". It provides a centralized and type-safe way for an API Gateway to access these microservice endpoints."
https://github.com/HasinthakaPiyumal/AI-Pattern-Mining-Project/tree/main/notebooks/result/ms_repo_callgraph_clusters/ftgo-application_java/cluster_71.java,Data Model/ Domain design,1.497486315009429,"This Java class, `ApiGatewayRequest`, functions as a data transfer object (DTO) specifically designed to model and encapsulate the entire structure of an incoming request from AWS API Gateway. It provides standard getters/setters for accessing request details like HTTP method, paths, headers, and body, along with a utility method for safely retrieving path parameters."
https://github.com/HasinthakaPiyumal/AI-Pattern-Mining-Project/tree/main/notebooks/result/ms_repo_callgraph_clusters/ftgo-application_java/cluster_0.java,Data Model/ Domain design,2.2378794567771534,"This code defines core domain objects like `Money` for precise financial calculations and `OrderLineItem` for order details, alongside a `ValidatingJSONMapper` that enforces JSON schema validation during serialization and deserialization. Extensive JUnit tests ensure the correctness of these components, particularly focusing on `Money` operations and JSON data integrity."
https://github.com/HasinthakaPiyumal/AI-Pattern-Mining-Project/tree/main/notebooks/result/ms_repo_callgraph_clusters/ftgo-application_java/cluster_112.java,EDA,1.2736898861568242,"This code configures the messaging infrastructure for a microservices application, enabling various services like Accounting, Order History, and Delivery to communicate via domain events and commands. It leverages the Eventuate Tram framework to implement an event-driven architecture, supporting Sagas for distributed transactions and CQRS for read model updates."
https://github.com/HasinthakaPiyumal/AI-Pattern-Mining-Project/tree/main/notebooks/result/ms_repo_callgraph_clusters/ftgo-application_java/cluster_51.java,Data Model/ Domain design,1.7864295492421234,"This Java class defines a Plain Old Java Object (POJO) designed to encapsulate various attributes of an AWS API Gateway request context, including account ID, resource ID, stage, request ID, and HTTP method. It serves as a data transfer object for passing request-specific metadata within an AWS-based service."
https://github.com/HasinthakaPiyumal/AI-Pattern-Mining-Project/tree/main/notebooks/result/ms_repo_callgraph_clusters/ftgo-application_java/cluster_152.java,EDA,1.7023675137260155,"This class dynamically generates unique, time-based identifiers for command/event dispatchers, service-specific command channels, and aggregate destinations. It serves as a data holder for configuring integration points in a distributed microservice architecture, likely supporting the Transactional Outbox Pattern (TRAM) for reliable asynchronous messaging, possibly for testing isolation."
https://github.com/HasinthakaPiyumal/AI-Pattern-Mining-Project/tree/main/notebooks/result/ms_repo_callgraph_clusters/ftgo-application_java/cluster_97.java,Microservices Security,1.7934474580066082,"This `Identity` class serves as a Plain Old Java Object (POJO) or Data Transfer Object (DTO) to encapsulate various AWS-related identity attributes, such as Cognito identity details, API keys, caller information, and user agents, likely for processing requests within a restaurant service."
https://github.com/HasinthakaPiyumal/AI-Pattern-Mining-Project/tree/main/notebooks/result/ms_repo_callgraph_clusters/ftgo-application_java/cluster_80.java,Data Model/ Domain design,1.5672932864041105,"This Java class defines a Plain Old Java Object (POJO) that models the complete structure of an incoming request from AWS API Gateway, specifically for proxy integrations. It encapsulates all request components such as HTTP method, path, headers, query/path parameters, body, and request context, providing standard getters and setters along with a utility method for safely retrieving path parameters."
https://github.com/HasinthakaPiyumal/AI-Pattern-Mining-Project/tree/main/notebooks/result/ms_repo_callgraph_clusters/piggymetrics_java/cluster_11.java,Data Model/ Domain design,1.2642962373969513,"This Java enum defines various `TimePeriod` constants (e.g., YEAR, MONTH, DAY), each storing a `baseRatio` representing its duration relative to a `DAY`. It provides methods to retrieve these ratios as `BigDecimal` for precise calculations and designates `DAY` as the default base unit for statistical computations."
https://github.com/HasinthakaPiyumal/AI-Pattern-Mining-Project/tree/main/notebooks/result/ms_repo_callgraph_clusters/piggymetrics_java/cluster_9.java,Microservices Security,1.9743076807140962,"This code configures a Spring Security OAuth2 authentication and authorization system, with `auth-service` acting as an Authorization Server managing in-memory clients (using `NoOpPasswordEncoder` for secrets) and authenticating users with `BCryptPasswordEncoder`. Other services function as Resource Servers, validating tokens via a custom `CustomUserInfoTokenServices` to extract detailed client and scope information for fine-grained access control."
https://github.com/HasinthakaPiyumal/AI-Pattern-Mining-Project/tree/main/notebooks/result/ms_repo_callgraph_clusters/piggymetrics_java/cluster_25.java,EDA,0.9326922221475806,"This Java enum `NotificationType` defines distinct notification categories, such as `BACKUP` and `REMIND`, for the `piggymetrics` notification service. Each enum constant encapsulates specific email-related metadata like subject, text, and an optional attachment identifier, providing a structured way to manage different notification content configurations."
https://github.com/HasinthakaPiyumal/AI-Pattern-Mining-Project/tree/main/notebooks/result/ms_repo_callgraph_clusters/piggymetrics_java/cluster_13.java,Microservices Security,1.805324085600877,"This Java class defines a `User` entity for the `piggymetrics.auth` service, acting as a Spring Data MongoDB document to persist user credentials. It implements Spring Security's `UserDetails` interface, providing basic authentication details (username and password) but with a simplified approach to roles and account status management."
https://github.com/HasinthakaPiyumal/AI-Pattern-Mining-Project/tree/main/notebooks/result/ms_repo_callgraph_clusters/piggymetrics_java/cluster_10.java,Business Logic,1.1763382698920575,"This Spring Boot microservice, part of the Piggymetrics application, processes and stores daily financial statistics for user accounts. It converts raw income, expense, and saving data into normalized `DataPoint` objects, handling currency exchange rates and time period conversions, and exposes these statistics via a secured REST API."
https://github.com/HasinthakaPiyumal/AI-Pattern-Mining-Project/tree/main/notebooks/result/ms_repo_callgraph_clusters/piggymetrics_java/cluster_1.java,Microservices Test,2.210547998536856,"This code comprises a comprehensive suite of unit and integration tests for the Piggymetrics microservices, including Auth, Account, Statistics, and Notification services. It extensively utilizes Spring Boot's testing framework, JUnit, Mockito, and MockMvc to validate application context loading, REST API endpoints, data persistence, and client-side resilience with Hystrix fallbacks."
https://github.com/HasinthakaPiyumal/AI-Pattern-Mining-Project/tree/main/notebooks/result/ms_repo_callgraph_clusters/piggymetrics_java/cluster_23.java,EDA,0.9289747802331461,"This code implements a notification service for the Piggymetrics application, managing user preferences for scheduled notifications like backups and reminders. It leverages Spring Data MongoDB with custom queries to efficiently identify recipients whose notification frequency has elapsed since their last notification."
https://github.com/HasinthakaPiyumal/AI-Pattern-Mining-Project/tree/main/notebooks/result/ms_repo_callgraph_clusters/piggymetrics_java/cluster_20.java,Data Model/ Domain design,1.5978709151868868,"This `ItemMetric` class defines a data structure within the Piggymetrics statistics domain, representing a financial item's metric (title and amount) that has been normalized to a base currency and time period. Notably, its `equals` and `hashCode` implementations are based solely on the case-insensitive `title` field."
https://github.com/HasinthakaPiyumal/AI-Pattern-Mining-Project/tree/main/notebooks/result/ms_repo_callgraph_clusters/piggymetrics_java/cluster_16.java,Microservices Security,1.3634420604542856,"This Java class defines a `User` entity for the Piggymetrics authentication domain, serving as a Spring Data MongoDB document to store user credentials (username and password). It implements Spring Security's `UserDetails` interface, providing basic user authentication details and defaulting all account status checks (e.g., enabled, non-expired) to true, indicating a simplified user model without granular account management or roles defined within this class."
https://github.com/HasinthakaPiyumal/AI-Pattern-Mining-Project/tree/main/notebooks/result/ms_repo_callgraph_clusters/piggymetrics_java/cluster_22.java,Microservices Security,1.5776895659729326,"This Spring `@Configuration` class sets up an OAuth2 Resource Server, enabling a microservice to secure its endpoints and validate incoming access tokens via a custom user info service. It also configures an OAuth2 client with client credentials for secure inter-service communication using Feign and `OAuth2RestTemplate`."
https://github.com/HasinthakaPiyumal/AI-Pattern-Mining-Project/tree/main/notebooks/result/ms_repo_callgraph_clusters/piggymetrics_java/cluster_29.java,Microservices Security,1.9646167644978534,"This code configures Spring Boot applications as OAuth2 Resource Servers, securing their endpoints and enabling authenticated inter-service communication. It sets up client credentials for outgoing Feign requests and `OAuth2RestTemplate` calls, while the `account` service specifically uses `CustomUserInfoTokenServices` for validating incoming access tokens."
https://github.com/HasinthakaPiyumal/AI-Pattern-Mining-Project/tree/main/notebooks/result/ms_repo_callgraph_clusters/piggymetrics_java/cluster_15.java,Microservices Security,1.697707620007792,"This code defines a `User` entity for the Piggymetrics authentication service, serving as a Spring Data MongoDB document. It implements Spring Security's `UserDetails` interface to provide basic user authentication details (username, password) but currently lacks complex authorization roles or account status management."
https://github.com/HasinthakaPiyumal/AI-Pattern-Mining-Project/tree/main/notebooks/result/ms_repo_callgraph_clusters/piggymetrics_java/cluster_17.java,Microservices Security,1.5638117835091927,"This Java class defines a `User` entity for the Piggymetrics authentication service, serving as a Spring Data MongoDB document to store user credentials (username and password). It implements Spring Security's `UserDetails` interface, providing a basic user representation with default ""always enabled"" account status and no explicit roles."
https://github.com/HasinthakaPiyumal/AI-Pattern-Mining-Project/tree/main/notebooks/result/ms_repo_callgraph_clusters/piggymetrics_java/cluster_14.java,Microservices Security,1.793491993913737,"This code defines a `User` entity for the `piggymetrics.auth` service, serving as a Spring Data MongoDB document that stores user credentials (username and password). It implements Spring Security's `UserDetails` interface, providing a basic user model where accounts are always enabled and non-expired, without specific role-based authorities defined within this class."
https://github.com/HasinthakaPiyumal/AI-Pattern-Mining-Project/tree/main/notebooks/result/ms_repo_callgraph_clusters/piggymetrics_java/cluster_18.java,Microservices Test,2.0986600843994223,"This code file primarily contains JUnit tests for various services across the Piggymetrics microservices architecture, including authentication, statistics, account management, and notification. It extensively utilizes Mockito for mocking dependencies and verifying interactions, ensuring the robust functionality of user creation, financial data processing, account updates, and email notification delivery."
https://github.com/HasinthakaPiyumal/AI-Pattern-Mining-Project/tree/main/notebooks/result/ms_repo_callgraph_clusters/piggymetrics_java/cluster_3.java,Microservices Test,2.117712977393516,"This is a basic Spring Boot integration test for the `com.piggymetrics.gateway` application, primarily verifying that the application context loads successfully. It contains placeholder test methods (`contextLoads`, `fire`) that currently perform no specific assertions."
https://github.com/HasinthakaPiyumal/AI-Pattern-Mining-Project/tree/main/notebooks/result/ms_repo_callgraph_clusters/piggymetrics_java/cluster_8.java,Data Model/ Domain design,1.9760806950716354,"This code defines several core data model classes for the Piggymetrics application, including an `ExchangeRatesContainer` for currency statistics, a `DataPointId` for time-series data identification, and a `Recipient` entity for notification settings. These POJOs utilize standard Java bean patterns, along with annotations for JSON serialization, MongoDB persistence, and input validation, reflecting their use across different microservices."
https://github.com/HasinthakaPiyumal/AI-Pattern-Mining-Project/tree/main/notebooks/result/ms_repo_callgraph_clusters/piggymetrics_java/cluster_27.java,Other,1.1086358967552576,"This Java enum, `Frequency`, defines predefined notification intervals (WEEKLY, MONTHLY, QUARTERLY), each explicitly mapped to a specific number of days. It provides utility methods to retrieve the day count for a frequency and to find a frequency enum by its associated day count, throwing an `IllegalArgumentException` if no match is found."
https://github.com/HasinthakaPiyumal/AI-Pattern-Mining-Project/tree/main/notebooks/result/ms_repo_callgraph_clusters/crypto_crawler_python/cluster_50.py,Other,1.194813382865798,"This `ConnectionPool` class orchestrates asynchronous HTTP GET and POST requests using `gevent` for concurrency and `requests.Session` for communication. It efficiently processes batches of 'work units' by spawning greenlets, then robustly handles their responses, including custom parsing and error logging."
https://github.com/HasinthakaPiyumal/AI-Pattern-Mining-Project/tree/main/notebooks/result/ms_repo_callgraph_clusters/crypto_crawler_python/cluster_8.py,Other,1.6940357205611971,"This code defines a `RedisConnection` class designed to establish and manage a connection to a Redis server. Upon instantiation, it initializes an internal `_redis.StrictRedis` client using the provided host and port, encapsulating the connection details for subsequent Redis operations."
https://github.com/HasinthakaPiyumal/AI-Pattern-Mining-Project/tree/main/notebooks/result/ms_repo_callgraph_clusters/crypto_crawler_python/cluster_37.py,Other,1.7217619523578163,"This Python file provides a collection of functions for interacting with multiple cryptocurrency exchange APIs, including Poloniex, Binance, Kraken, and Bittrex. Its main functionality involves fetching account balances, retrieving order history and open orders, and executing buy/sell trades, all while utilizing a centralized `send_post_request_with_header` utility for API communication, error handling, and integrated logging."
https://github.com/HasinthakaPiyumal/AI-Pattern-Mining-Project/tree/main/notebooks/result/ms_repo_callgraph_clusters/crypto_crawler_python/cluster_24.py,Data Model/ Domain design,1.6350000924146724,"This code defines data models for cryptocurrency exchange information, including an `OrderState` for tracking open/closed orders and a robust `OrderBook` for managing bid/ask levels. The `OrderBook` class features factory methods to parse data from multiple exchanges (e.g., Poloniex, Binance) and implements complex logic for applying real-time updates, ensuring sorted order and correct sequence ID handling."
https://github.com/HasinthakaPiyumal/AI-Pattern-Mining-Project/tree/main/notebooks/result/ms_repo_callgraph_clusters/crypto_crawler_python/cluster_9.py,Business Logic,0.9170838147308318,"This Python class implements a Redis-backed priority queue designed to manage a ""watch queue"" of orders. It stores orders in Redis sorted sets, using negative current UTC milliseconds as scores to efficiently retrieve and remove the oldest order."
https://github.com/HasinthakaPiyumal/AI-Pattern-Mining-Project/tree/main/notebooks/result/ms_repo_callgraph_clusters/crypto_crawler_python/cluster_29.py,Business Logic,1.6782265824580747,"This Python code provides a robust framework for managing and updating cryptocurrency exchange order books, featuring an `OrderBook` class capable of parsing data from multiple exchanges (e.g., Poloniex, Huobi, Binance) and efficiently applying real-time bid/ask updates using binary search to maintain sorted order. It also includes dedicated WebSocket clients for live market data subscriptions and utilities for system process management."
https://github.com/HasinthakaPiyumal/AI-Pattern-Mining-Project/tree/main/notebooks/result/ms_repo_callgraph_clusters/crypto_crawler_python/cluster_13.py,Other,1.2436016074026115,"This Python code defines a `WorkUnit` class designed to encapsulate the parameters for an HTTP request, such as its URL, method, and POST details. It also manages the asynchronous result of such a request, providing convenient property-based access to the future's value, its JSON content, and the HTTP status code."
https://github.com/HasinthakaPiyumal/AI-Pattern-Mining-Project/tree/main/notebooks/result/ms_repo_callgraph_clusters/crypto_crawler_python/cluster_4.py,EDA,1.704528726169087,"This code defines a `CommandQueue` class that leverages Redis Pub/Sub to establish a bidirectional communication channel between various entities like ""puppeteer"" and ""node_puppeteer."" It enables nodes to register by subscribing to specific Redis channels and retrieve commands from their respective queues."
https://github.com/HasinthakaPiyumal/AI-Pattern-Mining-Project/tree/main/notebooks/result/ms_repo_callgraph_clusters/crypto_crawler_python/cluster_39.py,Business Logic,1.602196343239487,"This Python code provides a framework for deploying and managing various background services by running them within `GNU Screen` sessions and windows. It defines specific deployment functions for different services (e.g., Telegram notifier, order processing) and a generalized function, all consistently utilizing `create_screen`, `create_screen_window`, and `run_command_in_screen` to launch processes."
https://github.com/HasinthakaPiyumal/AI-Pattern-Mining-Project/tree/main/notebooks/result/ms_repo_callgraph_clusters/crypto_crawler_python/cluster_51.py,Other,1.3326633082261066,"This `ConnectionPool` class orchestrates batched, asynchronous HTTP GET and POST requests using `gevent` and `requests`. It concurrently fetches data, then centrally processes responses by attempting to parse them into specific objects via a provided method, logging any parsing failures."
https://github.com/HasinthakaPiyumal/AI-Pattern-Mining-Project/tree/main/notebooks/result/ms_repo_callgraph_clusters/crypto_crawler_python/cluster_46.py,Other,2.152329466105303,"This Python code defines `connect_to_cache`, a function that initializes a global `LOCAL_CACHE` variable with an instance of `MemoryCache` using specified host and port parameters. It serves as a centralized utility to establish and retrieve a memory-based cache connection."
https://github.com/HasinthakaPiyumal/AI-Pattern-Mining-Project/tree/main/notebooks/result/ms_repo_callgraph_clusters/crypto_crawler_python/cluster_32.py,Other,1.656729597629407,"This Python file defines the `ArbitrageConfig` class, which serves as a comprehensive data structure for managing all parameters necessary to configure and launch an arbitrage trading strategy between two exchanges for a specific currency pair. It includes utility methods for generating log file names, window names, and command-line arguments based on these encapsulated settings."
https://github.com/HasinthakaPiyumal/AI-Pattern-Mining-Project/tree/main/notebooks/result/ms_repo_callgraph_clusters/crypto_crawler_python/cluster_0.py,Other,1.286112304570929,"This `ConnectionPool` class provides a mechanism for making concurrent HTTP GET and POST requests using `requests` and `gevent`, processing `WorkUnit` objects in batches. It asynchronously fetches data, then centrally processes responses by attempting to parse them into specific objects or logging detailed error messages."
https://github.com/HasinthakaPiyumal/AI-Pattern-Mining-Project/tree/main/notebooks/result/ms_repo_callgraph_clusters/crypto_crawler_python/cluster_19.py,Other,1.5148825941796729,"This Python code provides two utility functions, `ts_to_string_utc` and `ts_to_string_local`, to convert a Unix timestamp (seconds since epoch) into a human-readable string, formatted either in UTC or the local timezone respectively, leveraging Python's `time` module."
https://github.com/HasinthakaPiyumal/AI-Pattern-Mining-Project/tree/main/notebooks/result/ms_repo_callgraph_clusters/crypto_crawler_python/cluster_26.py,Business Logic,2.046027184971612,"This Python code implements a cryptocurrency arbitrage trading system that aggregates and processes real-time order book data from multiple exchanges (e.g., Poloniex, Binance) using both WebSocket subscriptions and asynchronous REST API calls. It employs a modular, exchange-agnostic design with daemon threads and message queues for continuous monitoring, efficient order book updates, and robust order management."
https://github.com/HasinthakaPiyumal/AI-Pattern-Mining-Project/tree/main/notebooks/result/ms_repo_callgraph_clusters/crypto_crawler_python/cluster_49.py,Other,1.4002354749572672,"This Python function, `adjust_maximum_volume_by_trading_cap`, ensures a given trading volume does not exceed a maximum limit specified by a `deal_cap` object. It returns the original volume if it's within the cap or if the `deal_cap` explicitly indicates no maximum limit."
https://github.com/HasinthakaPiyumal/AI-Pattern-Mining-Project/tree/main/notebooks/result/ms_repo_callgraph_clusters/crypto_crawler_python/cluster_17.py,Other,1.7795684657515125,"This Python file provides utility functions to map string names of cryptocurrency exchanges and currency pairs to their corresponding constant IDs. It uses dictionary lookups for efficient, case-insensitive resolution of these names into predefined `EXCHANGE` and `CURRENCY_PAIR` enum-like values."
https://github.com/HasinthakaPiyumal/AI-Pattern-Mining-Project/tree/main/notebooks/result/ms_repo_callgraph_clusters/crypto_crawler_python/cluster_2.py,Other,1.2632046564573414,"This `ConnectionPool` class orchestrates asynchronous HTTP GET and POST requests using `gevent` for concurrency and `requests.Session` for network operations. It efficiently batches `WorkUnit` objects, executes their requests, and then processes the responses, attempting to parse them via a `WorkUnit`-defined method while handling errors and logging."
https://github.com/HasinthakaPiyumal/AI-Pattern-Mining-Project/tree/main/notebooks/result/ms_repo_callgraph_clusters/crypto_crawler_python/cluster_25.py,Data Model/ Domain design,1.5009520424082379,"This code defines an `OrderState` class that encapsulates and manages the state of open and closed orders for a specific exchange at a given timestamp, providing methods to query their counts while ensuring data integrity through deep copying of order lists."
https://github.com/HasinthakaPiyumal/AI-Pattern-Mining-Project/tree/main/notebooks/result/ms_repo_callgraph_clusters/crypto_crawler_python/cluster_1.py,Business Logic,1.4812279341931447,"This code file defines data models and processing logic for a cryptocurrency arbitrage trading system, specializing in ingesting and standardizing real-time trade and order book data from multiple exchanges (Binance, Kraken, Bittrex, Poloniex, Huobi). It features efficient order book management, trade reconciliation, balance tracking, and comprehensive logging for operational oversight."
https://github.com/HasinthakaPiyumal/AI-Pattern-Mining-Project/tree/main/notebooks/result/ms_repo_callgraph_clusters/crypto_crawler_python/cluster_41.py,Other,1.828582021317569,"This function validates a `min_volume` against a `deal_cap`'s minimum volume capacity. It specifically sets `min_volume` to -1 if it falls below the threshold defined by `deal_cap.get_min_volume_cap()`, effectively marking it as invalid or insufficient."
https://github.com/HasinthakaPiyumal/AI-Pattern-Mining-Project/tree/main/notebooks/result/ms_repo_callgraph_clusters/crypto_crawler_python/cluster_31.py,Other,1.4055138346745588,"This code defines a dispatcher function, `parse_update_by_exchanges`, which dynamically routes order book delta updates to the appropriate exchange-specific parsing function (e.g., Poloniex, Huobi, Binance) using a dictionary lookup based on the provided `exchange_id`. It effectively implements a strategy pattern to handle diverse data formats from multiple cryptocurrency exchanges."
https://github.com/HasinthakaPiyumal/AI-Pattern-Mining-Project/tree/main/notebooks/result/ms_repo_callgraph_clusters/crypto_crawler_python/cluster_30.py,Business Logic,1.814528655511352,"This code defines an `OrderBook` class for managing cryptocurrency exchange order book data, featuring exchange-specific parsing from various platforms and efficient, sorted updates using binary search. An `ArbitrageListener` then leverages this to implement a real-time arbitrage trading strategy, continuously syncing order books from multiple exchanges, processing live updates with sequence ID validation, and identifying trading opportunities."
https://github.com/HasinthakaPiyumal/AI-Pattern-Mining-Project/tree/main/notebooks/result/ms_repo_callgraph_clusters/crypto_crawler_python/cluster_5.py,EDA,1.6259682845074082,This `CommandQueue` class utilizes Redis Pub/Sub to establish a bidirectional communication channel for entities like puppeteers and agents. It enables registering nodes by subscribing to specific channels and retrieving commands from them.
https://github.com/HasinthakaPiyumal/AI-Pattern-Mining-Project/tree/main/notebooks/result/ms_repo_callgraph_clusters/crypto_crawler_python/cluster_21.py,EDA,2.1739700615477893,"The `MessageQueue` class implements a Redis-backed message queuing system, leveraging Redis list commands (`rpush`, `lpop`, `lpush`) to manage messages for various topics. It supports adding timestamped messages, retrieving them, and specifically handles serialization/deserialization of Python objects using `pickle` for certain message types like 'orders'."
https://github.com/HasinthakaPiyumal/AI-Pattern-Mining-Project/tree/main/notebooks/result/ms_repo_callgraph_clusters/crypto_crawler_python/cluster_43.py,Business Logic,1.0945415811575079,"This code provides WebSocket client implementations for subscribing to real-time order book data from Poloniex and Huobi cryptocurrency exchanges. It manages connections, sends heartbeats, parses exchange-specific messages into order book updates, and dispatches them via a callback, primarily to facilitate arbitrage detection."
https://github.com/HasinthakaPiyumal/AI-Pattern-Mining-Project/tree/main/notebooks/result/ms_repo_callgraph_clusters/crypto_crawler_python/cluster_33.py,Other,1.675206966430205,"This `ArbitrageConfig` class serves as a dedicated configuration object for an arbitrage trading strategy, encapsulating all necessary parameters such as exchange IDs, currency pairs, thresholds, and timeouts. It provides methods to initialize from arguments, generate descriptive string representations, and construct command-line execution strings for an arbitrage script."
https://github.com/HasinthakaPiyumal/AI-Pattern-Mining-Project/tree/main/notebooks/result/ms_repo_callgraph_clusters/crypto_crawler_python/cluster_18.py,Other,1.5508827777581178,"This Python code defines a simple `sleep_for` function that wraps `time.sleep` to pause execution for a specified duration. It serves as a basic utility node, likely within a larger ""Cluster 18"" system, designed to introduce controlled delays in a workflow."
https://github.com/HasinthakaPiyumal/AI-Pattern-Mining-Project/tree/main/notebooks/result/ms_repo_callgraph_clusters/crypto_crawler_python/cluster_7.py,Business Logic,1.330732888645987,"This Python file defines data models and extensive parsing logic for various cryptocurrency exchange data types, including candlesticks, trade history, tickers, and order books, supporting multiple platforms like Poloniex, Kraken, and Binance. It also features an `ArbitrageListener` class that orchestrates real-time order book synchronization, balance management, and the identification of arbitrage opportunities."
https://github.com/HasinthakaPiyumal/AI-Pattern-Mining-Project/tree/main/notebooks/result/ms_repo_callgraph_clusters/crypto_crawler_python/cluster_12.py,Other,1.2829399918504008,"This Python code defines `IteratorFile`, a class that adapts a string-yielding iterator into a file-like object conforming to `io.TextIOBase`. It achieves this by buffering iterator output into an internal `io.StringIO` instance to support standard `read` operations with specified lengths and state management."
https://github.com/HasinthakaPiyumal/AI-Pattern-Mining-Project/tree/main/notebooks/result/ms_repo_callgraph_clusters/crypto_crawler_python/cluster_28.py,Data Model/ Domain design,0.9554955849201944,"This code defines a `Trade` class that standardizes cryptocurrency trade data, featuring numerous class methods to parse and convert raw trade information from various exchange APIs (e.g., Kraken, Binance, Bittrex, Poloniex, Huobi) and database sources into a consistent object representation. Its primary function is to abstract away exchange-specific data formats into a unified `Trade` object for further processing."
https://github.com/HasinthakaPiyumal/AI-Pattern-Mining-Project/tree/main/notebooks/result/ms_repo_callgraph_clusters/crypto_crawler_python/cluster_6.py,Other,1.5764411753669336,"This code provides utility functions for diverse file operations, including appending lists, timestamped logging, and CSV writing. It also features an `IteratorFile` class to adapt string iterators into file-like objects and a `CommonSettings` class for managing and loading application configurations from external files."
https://github.com/HasinthakaPiyumal/AI-Pattern-Mining-Project/tree/main/notebooks/result/ms_repo_callgraph_clusters/crypto_crawler_python/cluster_34.py,Business Logic,1.147391470762039,"This `TradePair` class models a pair of financial deals, calculating the net profit by considering individual deal volumes, prices, and exchange-specific fees. It serves to represent and track paired trading strategies, such as arbitrage, providing a comprehensive overview of the combined trade and its profitability."
https://github.com/HasinthakaPiyumal/AI-Pattern-Mining-Project/tree/main/notebooks/result/ms_repo_callgraph_clusters/crypto_crawler_python/cluster_47.py,EDA,1.8588176893556918,"This Python snippet defines `connect_to_message_queue`, a function that initializes and returns a global `MessageQueue` instance using predefined cache host and port settings. Its primary purpose is to establish and manage a single, globally accessible connection to a message queuing system."
https://github.com/HasinthakaPiyumal/AI-Pattern-Mining-Project/tree/main/notebooks/result/ms_repo_callgraph_clusters/train-ticket_python/cluster_0.py,Business Logic,1.5222822108939915,"This Tornado web handler (`GetVoucherHandler`) manages travel vouchers, serving as an API endpoint to retrieve or create them. It first queries a MySQL database for an existing voucher by order ID; if none is found, it fetches order details from an external order microservice and then persists a new voucher record into the database."
https://github.com/HasinthakaPiyumal/AI-Pattern-Mining-Project/tree/main/notebooks/result/ms_repo_callgraph_clusters/train-ticket_python/cluster_3.py,Other,1.2484230372292175,"This code defines a utility function to discover and collect paths of 'ts-' prefixed directories within the current working directory, likely for build processes. It also includes a `VirtualService` class, designed to programmatically construct Istio `VirtualService` YAML configurations for defining weighted HTTP routing to different service subsets."
https://github.com/HasinthakaPiyumal/AI-Pattern-Mining-Project/tree/main/notebooks/result/ms_repo_callgraph_clusters/train-ticket_python/cluster_2.py,Other,1.1566657032276548,"This code defines a `make_app` function that initializes a Tornado web application. Its primary function is to expose a single `/getVoucher` endpoint, handled by `GetVoucherHandler`, likely for retrieving or processing voucher-related requests."
https://github.com/HasinthakaPiyumal/AI-Pattern-Mining-Project/tree/main/notebooks/result/ms_repo_callgraph_clusters/train-ticket_python/cluster_5.py,Other,1.5057067664087633,"This code defines a Flask API endpoint (`/api/v1/avatar`) that receives a base64-encoded image via a POST request, decodes it into an OpenCV image, and then passes it to an external `check` function for processing. It also includes a utility function to convert a base64 string directly into an OpenCV image and save it to disk."
https://github.com/HasinthakaPiyumal/AI-Pattern-Mining-Project/tree/main/notebooks/result/ms_repo_callgraph_clusters/train-ticket_python/cluster_6.py,Other,1.5510992406335082,"This Python function detects human faces in an input image using an external detector, then iteratively extracts each face by manually copying pixel data, saves each as a separate JPG file, and returns the base64 encoded string of only the *first* detected face."
https://github.com/HasinthakaPiyumal/AI-Pattern-Mining-Project/tree/main/notebooks/result/ms_repo_callgraph_clusters/DeathStarBench_python/cluster_50.py,Business Logic,1.1715372351976037,"This Python code defines a `Client` class that serves as a remote procedure call (RPC) client for a social graph service. It provides methods to manage user follow relationships (get followers/followees, follow/unfollow by ID or username) and insert users, employing a distinct `send_` and `recv_` pattern for each operation, typical of a Thrift client implementation."
https://github.com/HasinthakaPiyumal/AI-Pattern-Mining-Project/tree/main/notebooks/result/ms_repo_callgraph_clusters/DeathStarBench_python/cluster_8.py,Business Logic,1.844525848489369,"This Python file implements an Apache Thrift client for a remote service, providing methods like `WritePlot` and `ReadPlot` to interact with 'plots' using a clear send/receive pattern for RPC message serialization and deserialization. It handles protocol-level communication, argument/result marshalling, and exception handling typical of Thrift-generated clients."
https://github.com/HasinthakaPiyumal/AI-Pattern-Mining-Project/tree/main/notebooks/result/ms_repo_callgraph_clusters/DeathStarBench_python/cluster_37.py,Other,1.513577418320438,"This code defines an Apache Thrift client (`Client` class) specifically for interacting with a remote service's `ComposeText` operation. It implements the standard Thrift request-response pattern, using `send_ComposeText` to serialize and transmit parameters and `recv_ComposeText` to deserialize and process the service's response, including handling potential application exceptions."
https://github.com/HasinthakaPiyumal/AI-Pattern-Mining-Project/tree/main/notebooks/result/ms_repo_callgraph_clusters/DeathStarBench_python/cluster_24.py,Business Logic,1.9350949445483774,"This Python code implements a Thrift client for an RPC service, enabling the management of ""cast information"" through dedicated methods to write new details and retrieve existing records. It adheres to the Thrift protocol by separating the sending and receiving logic for each remote procedure call, handling message serialization and deserialization."
https://github.com/HasinthakaPiyumal/AI-Pattern-Mining-Project/tree/main/notebooks/result/ms_repo_callgraph_clusters/DeathStarBench_python/cluster_9.py,Business Logic,1.5816330938535403,"This Python code defines a Thrift client (`Client` class) responsible for interacting with a remote service to write and read ""plot"" data. It implements remote procedure calls using distinct `send_` and `recv_` methods for each operation, handling message serialization/deserialization and application-level exceptions."
https://github.com/HasinthakaPiyumal/AI-Pattern-Mining-Project/tree/main/notebooks/result/ms_repo_callgraph_clusters/DeathStarBench_python/cluster_14.py,Microservices Security,1.583342879433116,"This Python code defines a Thrift client (`Client` class) for user management, providing methods for user registration, login, uploading user data, composing creators, and retrieving user IDs. Each client-side RPC method follows a `send_MethodName` and `recv_MethodName` pattern to handle message serialization and deserialization over a network protocol."
https://github.com/HasinthakaPiyumal/AI-Pattern-Mining-Project/tree/main/notebooks/result/ms_repo_callgraph_clusters/DeathStarBench_python/cluster_59.py,Business Logic,1.4477675482085388,"This Python code defines a Thrift client (`Client` class) for a user timeline service, providing methods to remotely `WriteUserTimeline` and `ReadUserTimeline`. It implements the client-side RPC logic, handling message serialization, deserialization, and exception handling over a network protocol."
https://github.com/HasinthakaPiyumal/AI-Pattern-Mining-Project/tree/main/notebooks/result/ms_repo_callgraph_clusters/DeathStarBench_python/cluster_29.py,Business Logic,1.5644463598770717,"This Python code defines a `Client` class, likely generated for an Apache Thrift or similar RPC framework, which provides methods to upload various data types like text, ratings, and IDs to a remote service. It employs a distinct `send_` and `recv_` method pair for each RPC call, handling message serialization, network flushing, and response deserialization with built-in exception management."
https://github.com/HasinthakaPiyumal/AI-Pattern-Mining-Project/tree/main/notebooks/result/ms_repo_callgraph_clusters/DeathStarBench_python/cluster_13.py,Other,1.7299294515545618,"This code defines a `ServiceException` class, inheriting from `TException`, to represent custom exceptions within Thrift services. It provides methods for serializing and deserializing `errorCode` and `message` attributes using Thrift protocols, with a notable immutable version included that prevents modification after instantiation."
https://github.com/HasinthakaPiyumal/AI-Pattern-Mining-Project/tree/main/notebooks/result/ms_repo_callgraph_clusters/DeathStarBench_python/cluster_38.py,Business Logic,1.1775199673661993,"This Python code defines a `Client` class that implements an RPC client for a `ComposeMedia` service method. It utilizes a send-receive pattern, serializing request arguments and deserializing responses (including exceptions) over a protocol, strongly resembling a Thrift client implementation."
https://github.com/HasinthakaPiyumal/AI-Pattern-Mining-Project/tree/main/notebooks/result/ms_repo_callgraph_clusters/DeathStarBench_python/cluster_48.py,Business Logic,1.298390007470036,"This Python code defines a `Client` class that acts as a client for a social graph service, providing methods to retrieve followers/followees, follow/unfollow users (by ID or username), and insert new users. It implements these operations using a Thrift-style RPC pattern, with each remote call explicitly separated into `send_` and `recv_` methods for message serialization and deserialization."
https://github.com/HasinthakaPiyumal/AI-Pattern-Mining-Project/tree/main/notebooks/result/ms_repo_callgraph_clusters/DeathStarBench_python/cluster_16.py,Microservices Security,1.55365019573152,"This Python code defines a Thrift client (`Client` class) for user management, implementing methods for user registration, login, and retrieving/uploading user data. It utilizes a distinct `send_` and `recv_` pattern for each remote procedure call, handling message serialization, deserialization, and application-level exception handling."
https://github.com/HasinthakaPiyumal/AI-Pattern-Mining-Project/tree/main/notebooks/result/ms_repo_callgraph_clusters/DeathStarBench_python/cluster_4.py,Business Logic,1.6940406929770266,"This Python file contains Thrift-generated code, defining the data structures and RPC method signatures for a distributed service. It outlines a comprehensive API for managing movie information, user accounts, reviews, social media posts, and user interactions like following and timeline management, including their serialization and deserialization logic."
https://github.com/HasinthakaPiyumal/AI-Pattern-Mining-Project/tree/main/notebooks/result/ms_repo_callgraph_clusters/DeathStarBench_python/cluster_39.py,Business Logic,1.2466503192306848,"This code defines a Thrift client (`Client` class) designed to interact with a remote URL service. It provides methods like `ComposeUrls` and `GetExtendedUrls` to send requests and receive responses, handling message serialization, deserialization, and exceptions via distinct `send_` and `recv_` protocol operations."
https://github.com/HasinthakaPiyumal/AI-Pattern-Mining-Project/tree/main/notebooks/result/ms_repo_callgraph_clusters/DeathStarBench_python/cluster_42.py,Business Logic,1.4657229765957245,"This code defines an Apache Thrift client (`Client` class) for interacting with a remote service that manages ""posts."" It provides methods to `StorePost`, `ReadPost`, and `ReadPosts`, utilizing distinct `send_` and `recv_` pairs for request serialization, response deserialization, and handling Thrift-specific application exceptions."
https://github.com/HasinthakaPiyumal/AI-Pattern-Mining-Project/tree/main/notebooks/result/ms_repo_callgraph_clusters/DeathStarBench_python/cluster_51.py,Business Logic,1.2797313178746,"This Python code defines an Apache Thrift client (`Client` class) for a social graph service, providing methods to manage user relationships such as retrieving followers/followees, following/unfollowing users (by ID or username), and inserting new users. It employs a distinct `send_` and `recv_` method pattern for each remote procedure call, handling message serialization, network communication, and exception handling."
https://github.com/HasinthakaPiyumal/AI-Pattern-Mining-Project/tree/main/notebooks/result/ms_repo_callgraph_clusters/DeathStarBench_python/cluster_46.py,Other,1.8602304720330474,"This code defines an immutable `ServiceException` class, inheriting from `TException`, specifically designed for Apache Thrift. It provides robust serialization and deserialization methods (`read` and `write`) to transmit structured exception data, including an `errorCode` and `message`, across Thrift services."
https://github.com/HasinthakaPiyumal/AI-Pattern-Mining-Project/tree/main/notebooks/result/ms_repo_callgraph_clusters/DeathStarBench_python/cluster_0.py,Business Logic,1.6191847106737256,"This Python code defines a Thrift client, implementing methods like `UploadText`, `UploadRating`, and `UploadUserId` to send various data types to a remote service. It follows the typical Thrift RPC pattern, encapsulating message serialization, transmission, and response handling (including exceptions) within distinct `send_` and `recv_` pairs for each operation."
https://github.com/HasinthakaPiyumal/AI-Pattern-Mining-Project/tree/main/notebooks/result/ms_repo_callgraph_clusters/DeathStarBench_python/cluster_19.py,Business Logic,1.9588087681505795,"This Python code defines a Thrift client for a remote service, implementing various RPC methods to upload and register data such as movie IDs, ratings, text, and user IDs. It utilizes the standard Thrift pattern, with distinct `send_` and `recv_` functions for each operation to handle message serialization, deserialization, and exception handling over a network protocol."
https://github.com/HasinthakaPiyumal/AI-Pattern-Mining-Project/tree/main/notebooks/result/ms_repo_callgraph_clusters/DeathStarBench_python/cluster_35.py,Business Logic,1.294821076028176,"This Python code defines an Apache Thrift client, specifically designed to interact with a remote service for managing user home timelines. It provides methods like `ReadHomeTimeline` and `WriteHomeTimeline`, utilizing distinct `send_` and `recv_` functions for robust message serialization, deserialization, and error handling."
https://github.com/HasinthakaPiyumal/AI-Pattern-Mining-Project/tree/main/notebooks/result/ms_repo_callgraph_clusters/DeathStarBench_python/cluster_26.py,Business Logic,1.8883652711036163,"This code defines a `Client` class that serves as an RPC client for a remote service, specifically enabling the upload and retrieval of user reviews. It implements a Thrift-like protocol, separating message sending and receiving logic for each operation and handling potential application exceptions."
https://github.com/HasinthakaPiyumal/AI-Pattern-Mining-Project/tree/main/notebooks/result/ms_repo_callgraph_clusters/DeathStarBench_python/cluster_36.py,Business Logic,1.3801223510433587,"This Python code defines an Apache Thrift client (`Client` class) for a remote service, enabling operations to `ReadHomeTimeline` and `WriteHomeTimeline`. It employs a distinct `send_` and `recv_` method pattern for each operation to handle message serialization, network transmission, and response deserialization."
https://github.com/HasinthakaPiyumal/AI-Pattern-Mining-Project/tree/main/notebooks/result/ms_repo_callgraph_clusters/DeathStarBench_python/cluster_3.py,Business Logic,1.941266015551254,"This Python file provides a collection of client-side scripts for a microservices architecture, primarily focused on generating synthetic load and interacting with various services (e.g., movie information, user reviews, social graph) using Apache Thrift. It also includes utilities for ingesting external data from APIs like TMDb, analyzing system traces with pandas, and dynamically configuring TLS settings for different backend components."
https://github.com/HasinthakaPiyumal/AI-Pattern-Mining-Project/tree/main/notebooks/result/ms_repo_callgraph_clusters/DeathStarBench_python/cluster_49.py,Business Logic,1.268033928170515,"This Python code defines a Thrift client (`Client` class) for a social graph service, providing methods to manage user relationships such as retrieving followers/followees, following/unfollowing users by ID or username, and inserting new users. It utilizes a distinct `send_` and `recv_` pattern for each remote procedure call, handling message serialization, deserialization, and exception handling over a network protocol."
https://github.com/HasinthakaPiyumal/AI-Pattern-Mining-Project/tree/main/notebooks/result/ms_repo_callgraph_clusters/DeathStarBench_python/cluster_62.py,Other,1.2338496553825338,"This code defines `print_info_resp`, a function that iterates through a dictionary of video information and calls an external `print_info` function for each video ID and its corresponding data. Notably, the `print_info_resp` function is redundantly defined twice with identical content."
https://github.com/HasinthakaPiyumal/AI-Pattern-Mining-Project/tree/main/notebooks/result/ms_repo_callgraph_clusters/DeathStarBench_python/cluster_40.py,Business Logic,1.2673842151302894,"This code defines an Apache Thrift client that facilitates remote procedure calls (RPC) to a service. It provides methods to `ComposeUrls` and `GetExtendedUrls`, utilizing distinct `send_` and `recv_` functions for each call to handle message serialization, deserialization, and exception handling over a network protocol."
https://github.com/HasinthakaPiyumal/AI-Pattern-Mining-Project/tree/main/notebooks/result/ms_repo_callgraph_clusters/DeathStarBench_python/cluster_2.py,Business Logic,1.574720944480307,"This Python file is Thrift-generated code defining data structures and RPC method signatures for a distributed service, likely a social media or movie review platform. It encapsulates the arguments and results for various operations like user authentication, movie and review management, timeline interactions, and media handling, including their serialization and deserialization logic."
https://github.com/HasinthakaPiyumal/AI-Pattern-Mining-Project/tree/main/notebooks/result/ms_repo_callgraph_clusters/DeathStarBench_python/cluster_15.py,Business Logic,1.2212064677152903,"This Python code defines a `Client` class that serves as an Apache Thrift client for user management and creator composition services. It provides methods like `RegisterUser`, `Login`, `UploadUser`, and `ComposeCreator`, each implemented with a `send_` and `recv_` pattern to handle request serialization and response/exception deserialization over a network protocol."
https://github.com/HasinthakaPiyumal/AI-Pattern-Mining-Project/tree/main/notebooks/result/ms_repo_callgraph_clusters/DeathStarBench_python/cluster_25.py,Business Logic,1.706430034614312,"This code defines a Thrift client (`Client` class) for interacting with a remote service to manage ""cast information."" It provides methods to `WriteCastInfo` (create/update cast details) and `ReadCastInfo` (retrieve cast details), utilizing a standard Thrift RPC pattern with distinct `send_` and `recv_` functions for each operation."
https://github.com/HasinthakaPiyumal/AI-Pattern-Mining-Project/tree/main/notebooks/result/ms_repo_callgraph_clusters/DeathStarBench_python/cluster_1.py,Business Logic,1.9348873569240679,"This Python code defines the client and server-side stubs for a distributed RPC service, likely generated by Apache Thrift. It provides a comprehensive set of functionalities for a social media or movie review platform, including user authentication, content management (movies, reviews, plots, cast), and social interactions like posting and managing timelines."
https://github.com/HasinthakaPiyumal/AI-Pattern-Mining-Project/tree/main/notebooks/result/ms_repo_callgraph_clusters/DeathStarBench_python/cluster_41.py,Business Logic,1.6617863304161793,"This Python code defines an Apache Thrift client (`Client` class) designed to interact with a remote service for managing ""posts."" It implements the standard Thrift client pattern, featuring distinct `send_` and `recv_` methods for each remote procedure call (e.g., `StorePost`, `ReadPost`, `ReadPosts`), handling message serialization, deserialization, and application-level exceptions."
https://github.com/HasinthakaPiyumal/AI-Pattern-Mining-Project/tree/main/notebooks/result/ms_repo_callgraph_clusters/DeathStarBench_python/cluster_57.py,Business Logic,1.2325538728949796,"This Python code defines a Thrift client for the 'ComposePost' service, handling the serialization and deserialization of post composition requests and responses using a distinct `send_` and `recv_` pattern for RPC communication. It manages message framing, argument writing, and exception handling for remote post creation."
https://github.com/HasinthakaPiyumal/AI-Pattern-Mining-Project/tree/main/notebooks/result/ms_repo_callgraph_clusters/DeathStarBench_python/cluster_53.py,Business Logic,1.3137756781843297,"This Python code defines a Thrift client (`Client` class) for a social graph service, providing methods to interact with remote procedures. It enables operations such as retrieving followers and followees, following/unfollowing users by ID or username, and inserting new users, utilizing a distinct `send_` and `recv_` method pair for each RPC call."
https://github.com/HasinthakaPiyumal/AI-Pattern-Mining-Project/tree/main/notebooks/result/ms_repo_callgraph_clusters/DeathStarBench_python/cluster_44.py,Other,1.7777356987930255,"This code defines an immutable `ServiceException` class, inheriting from `TException`, to represent custom service errors with an `errorCode` and `message`. It provides robust serialization and deserialization methods (`read`, `write`) for interoperability within the Apache Thrift framework, ensuring consistent error handling across services."
https://github.com/HasinthakaPiyumal/AI-Pattern-Mining-Project/tree/main/notebooks/result/ms_repo_callgraph_clusters/DeathStarBench_python/cluster_45.py,Other,1.6615028591975718,"This code defines an immutable `ServiceException` class, inheriting from `TException`, which encapsulates an error code and message. Its primary functionality involves custom `read` and `write` methods for efficient serialization and deserialization using the Apache Thrift protocol."
https://github.com/HasinthakaPiyumal/AI-Pattern-Mining-Project/tree/main/notebooks/result/ms_repo_callgraph_clusters/DeathStarBench_python/cluster_30.py,Business Logic,1.7653303230798463,"This Python code defines a `Client` class that serves as a client-side interface for an Apache Thrift-like RPC system. It provides methods to upload various data types such as text, ratings, movie IDs, unique IDs, and user IDs, utilizing distinct `send_` and `recv_` functions for each remote operation to handle message serialization and deserialization."
https://github.com/HasinthakaPiyumal/AI-Pattern-Mining-Project/tree/main/notebooks/result/ms_repo_callgraph_clusters/DeathStarBench_python/cluster_5.py,Business Logic,1.5174213593275778,"This Python code defines Apache Thrift-generated data structures and RPC method arguments/results for a distributed social media and movie review application. It specifies the communication contracts for services handling user registration and login, movie information (plots, casts, ratings), user and movie reviews, and social media timeline operations (composing and reading posts, managing followers)."
https://github.com/HasinthakaPiyumal/AI-Pattern-Mining-Project/tree/main/notebooks/result/ms_repo_callgraph_clusters/DeathStarBench_python/cluster_56.py,Microservices Security,1.3845022730552081,"This Python code defines a `Client` class that serves as a client-side interface for user management services, including user registration, login, and retrieving user IDs. It employs a Thrift-like RPC pattern, utilizing distinct `send_` and `recv_` methods for each operation to handle message serialization, network communication, and response deserialization with integrated error handling."
https://github.com/HasinthakaPiyumal/AI-Pattern-Mining-Project/tree/main/notebooks/result/ms_repo_callgraph_clusters/DeathStarBench_python/cluster_20.py,Business Logic,1.9698569004560478,"This Python file implements a Thrift client for interacting with a remote service to manage movie data. It defines RPC methods like `UploadMovieId` and `RegisterMovieId`, utilizing a distinct send-receive pattern for message serialization, deserialization, and robust exception handling."
https://github.com/HasinthakaPiyumal/AI-Pattern-Mining-Project/tree/main/notebooks/result/ms_repo_callgraph_clusters/DeathStarBench_python/cluster_21.py,Business Logic,2.2384215633889477,"This Python file defines an Apache Thrift client for a review service, providing methods to `StoreReview` and `ReadReviews` by handling the serialization, deserialization, and RPC communication protocols. It specifically implements the client-side logic for sending requests and receiving responses, including error handling for service exceptions."
https://github.com/HasinthakaPiyumal/AI-Pattern-Mining-Project/tree/main/notebooks/result/ms_repo_callgraph_clusters/DeathStarBench_python/cluster_55.py,Business Logic,1.625810245003541,"This Python code defines a `Client` class that implements the client-side interface for a remote service, providing methods for user registration, login, and retrieving user-related information. It utilizes a consistent `send_MethodName`/`recv_MethodName` pattern to handle the serialization and deserialization of messages for RPC communication, strongly indicative of an Apache Thrift client implementation."
https://github.com/HasinthakaPiyumal/AI-Pattern-Mining-Project/tree/main/notebooks/result/ms_repo_callgraph_clusters/DeathStarBench_python/cluster_43.py,Business Logic,1.7792009628160708,"This Python code implements an Apache Thrift client, providing methods like `StorePost`, `ReadPost`, and `ReadPosts` to interact with a remote service for managing posts. It handles the underlying Thrift message serialization, deserialization, and exception handling for these RPC calls."
https://github.com/HasinthakaPiyumal/AI-Pattern-Mining-Project/tree/main/notebooks/result/ms_repo_callgraph_clusters/DeathStarBench_python/cluster_33.py,Other,1.4520201540742266,"This Python code defines a `checkDate` function that validates if an input string matches a date format by applying a globally defined regular expression, `dateRegx`. It specifically uses the `re.match` method to check for the pattern at the beginning of the string, returning `True` if a match is found."
https://github.com/HasinthakaPiyumal/AI-Pattern-Mining-Project/tree/main/notebooks/result/ms_repo_callgraph_clusters/DeathStarBench_python/cluster_60.py,Business Logic,1.2694317015905576,"This Python code defines a client-side interface for an RPC service, specifically enabling the composition of user mentions. It utilizes a Thrift-like protocol to serialize and send requests (e.g., `ComposeUserMentions_args`) and deserialize responses, including handling potential service exceptions."
https://github.com/HasinthakaPiyumal/AI-Pattern-Mining-Project/tree/main/notebooks/result/ms_repo_callgraph_clusters/DeathStarBench_python/cluster_52.py,Business Logic,1.2533940993195936,"This Python code defines an Apache Thrift RPC client (`Client` class) for a social graph service. It provides methods to manage user relationships, including retrieving followers/followees, following/unfollowing users (by ID or username), and inserting new users, utilizing distinct `send_` and `recv_` methods for each remote call."
https://github.com/HasinthakaPiyumal/AI-Pattern-Mining-Project/tree/main/notebooks/result/ms_repo_callgraph_clusters/DeathStarBench_python/cluster_18.py,Microservices Security,1.5700370791798453,"This Python code defines a `Client` class that acts as a client-side interface for user management operations, including user registration (with or without a specified ID), login, and uploading user data by ID or username. It implements these functionalities using a distinct `send_` and `recv_` method pattern for each operation, characteristic of an Apache Thrift RPC client."
https://github.com/HasinthakaPiyumal/AI-Pattern-Mining-Project/tree/main/notebooks/result/ms_repo_callgraph_clusters/DeathStarBench_python/cluster_22.py,Business Logic,2.2773304277251283,"This Python code defines an Apache Thrift client for a review service, enabling remote operations to store new reviews and retrieve existing ones. It implements distinct `send_` and `recv_` methods for each RPC call, handling message serialization, deserialization, and exception management according to the Thrift protocol."
https://github.com/HasinthakaPiyumal/AI-Pattern-Mining-Project/tree/main/notebooks/result/ms_repo_callgraph_clusters/DeathStarBench_python/cluster_64.py,Other,1.3825107126770324,"This code repeatedly defines an identical `make_date` function, which retrieves the current date using `datetime.now()` and formats it into a 'YYYY-MM-DD' string. The most notable pattern is the multiple, identical redefinitions of this single function."
https://github.com/HasinthakaPiyumal/AI-Pattern-Mining-Project/tree/main/notebooks/result/ms_repo_callgraph_clusters/DeathStarBench_python/cluster_58.py,Business Logic,1.417584581738791,"This Python file defines a Thrift client for a user timeline service, enabling remote calls to write new posts to a user's timeline and read specific ranges of posts. It employs a distinct `send_` and `recv_` method pattern for handling RPC message serialization, transmission, and response processing, including exception handling."
https://github.com/HasinthakaPiyumal/AI-Pattern-Mining-Project/tree/main/notebooks/result/ms_repo_callgraph_clusters/DeathStarBench_python/cluster_10.py,Business Logic,2.079313762725893,"This Python code defines a Thrift RPC client (`Client` class) for a movie information service. It provides methods like `WriteMovieInfo`, `ReadMovieInfo`, and `UpdateRating` to interact with a remote server, handling message serialization/deserialization and exception management for these operations."
https://github.com/HasinthakaPiyumal/AI-Pattern-Mining-Project/tree/main/notebooks/result/ms_repo_callgraph_clusters/DeathStarBench_python/cluster_7.py,Business Logic,2.0484122175296946,"This code defines a `Client` class that functions as an RPC client for a movie review service, enabling the upload of new reviews and the retrieval of existing ones. It utilizes a distinct `send_` and `recv_` method pattern for each operation, characteristic of client stubs generated by frameworks like Apache Thrift."
https://github.com/HasinthakaPiyumal/AI-Pattern-Mining-Project/tree/main/notebooks/result/ms_repo_callgraph_clusters/DeathStarBench_python/cluster_12.py,Business Logic,2.2245394881894067,"This Python code defines a Thrift client (`Client` class) for a movie information service. It provides methods to remotely write new movie details, read existing movie information, and update movie ratings, utilizing a `send_` and `recv_` pattern for RPC message handling and serialization."
https://github.com/HasinthakaPiyumal/AI-Pattern-Mining-Project/tree/main/notebooks/result/ms_repo_callgraph_clusters/DeathStarBench_python/cluster_28.py,Business Logic,1.8489801772864192,"This Python code defines an Apache Thrift client (`Client` class) designed to interact with a remote service by uploading various data types, including text, ratings, movie IDs, unique IDs, and user IDs. It employs the standard Thrift RPC pattern, separating each remote call into distinct `send_` and `recv_` methods for message serialization, deserialization, and exception handling."
https://github.com/HasinthakaPiyumal/AI-Pattern-Mining-Project/tree/main/notebooks/result/ms_repo_callgraph_clusters/DeathStarBench_python/cluster_27.py,Business Logic,1.8701167733713762,"This Python code defines a `Client` class, likely for an Apache Thrift RPC system, that facilitates remote interaction with a service. Its primary functions are to `UploadUserReview` with specific user and review details and `ReadUserReviews` for a given user within a specified range, using a distinct `send_` and `recv_` pattern for message serialization and deserialization."
https://github.com/HasinthakaPiyumal/AI-Pattern-Mining-Project/tree/main/notebooks/result/ms_repo_callgraph_clusters/DeathStarBench_python/cluster_6.py,Business Logic,2.2158010082356023,"This Python code defines an Apache Thrift client (`Client` class) for a movie review service, providing methods to remotely `UploadMovieReview` and `ReadMovieReviews`. It implements the client-side RPC communication pattern, handling message serialization, request sending, and response reception with integrated exception handling."
https://github.com/HasinthakaPiyumal/AI-Pattern-Mining-Project/tree/main/notebooks/result/ms_repo_callgraph_clusters/DeathStarBench_python/cluster_63.py,Other,1.5412737896880144,"This Python code defines a `MyDaprClient` that connects to the Dapr Runtime via gRPC, configuring the channel with API tokens and custom interceptors. It then conditionally initializes an HTTP client for Dapr method invocations if specified by runtime settings, otherwise relying on the established gRPC stub."
https://github.com/HasinthakaPiyumal/AI-Pattern-Mining-Project/tree/main/notebooks/result/ms_repo_callgraph_clusters/DeathStarBench_python/cluster_34.py,Other,1.6552780210311107,"This Python function `thumbnailId` generates a standardized thumbnail filename by processing a given `video_id`. It extracts the base ID by removing a file extension if present (e.g., `video.mp4` becomes `video`), handling edge cases like `"".mp4""`, and then formats it as `tn-base_id.jpeg`."
https://github.com/HasinthakaPiyumal/AI-Pattern-Mining-Project/tree/main/notebooks/result/ms_repo_callgraph_clusters/DeathStarBench_python/cluster_47.py,Business Logic,1.294894320433129,"This Python code defines a Thrift client for a social network-like service, providing methods to manage user relationships (get followers/followees, follow/unfollow by ID or username) and insert new users through explicit `send_` and `recv_` RPC calls. Each operation follows a distinct request-response pattern, handling message serialization, deserialization, and potential application exceptions."
https://github.com/HasinthakaPiyumal/AI-Pattern-Mining-Project/tree/main/notebooks/result/ms_repo_callgraph_clusters/DeathStarBench_python/cluster_61.py,Business Logic,1.0773375910465466,"This Python code defines a client-side component for an RPC system, primarily implementing the `ComposeUniqueId` method. It uses a `send_` and `recv_` pattern, typical of frameworks like Apache Thrift, to serialize arguments, send requests, and deserialize responses or exceptions from a remote service."
https://github.com/HasinthakaPiyumal/AI-Pattern-Mining-Project/tree/main/notebooks/result/ms_repo_callgraph_clusters/RepoGenesis_python/cluster_8.py,Other,1.4269698199709209,"This Flask application defines a set of RESTful API endpoints, including a health check, an `/echo` endpoint that processes and validates JSON messages, and a `/sum` endpoint that calculates the sum of two integer query parameters. It consistently employs robust input validation and error handling across all routes."
https://github.com/HasinthakaPiyumal/AI-Pattern-Mining-Project/tree/main/notebooks/result/ms_repo_callgraph_clusters/RepoGenesis_python/cluster_14.py,Other,1.3132221737806193,"This code defines multiple `pytest_collection_modifyitems` hooks, which dynamically add pytest markers to test items. It categorizes tests by adding specific markers like `auth`, `upload`, `storage`, `api`, `integration`, and `slow` based on keywords found within the test names or node IDs."
https://github.com/HasinthakaPiyumal/AI-Pattern-Mining-Project/tree/main/notebooks/result/ms_repo_callgraph_clusters/RepoGenesis_python/cluster_13.py,Microservices Test,1.9182184506927926,"This extensive Python file serves as a comprehensive integration test suite, utilizing `pytest` and the `requests` library to validate the functionality, error handling, and performance of numerous distinct API services. It covers a wide range of endpoints including task management, file conversion, user authentication, content management, user interaction tracking, email services, and chat rooms."
https://github.com/HasinthakaPiyumal/AI-Pattern-Mining-Project/tree/main/notebooks/result/ms_repo_callgraph_clusters/RepoGenesis_python/cluster_16.py,Other,1.2755415938640495,"This code defines a `pytest` fixture that provides an `APIClient` class, designed to simplify making HTTP requests (GET, POST, PUT, DELETE) to a specified base URL. The client utilizes `requests.Session` for persistent connections and automatically sets the `Content-Type` header to `application/json` for data payloads."
https://github.com/HasinthakaPiyumal/AI-Pattern-Mining-Project/tree/main/notebooks/result/ms_repo_callgraph_clusters/RepoGenesis_python/cluster_4.py,Microservices Test,1.9229212001817841,"This Python file serves as a comprehensive testing and analysis toolkit, primarily containing numerous Pytest-based integration test suites for diverse API services like user management, file conversion, RBAC, and file storage. It also includes utility functions for static code analysis, such as searching for API implementations, counting tests and lines of code, and parsing repository metadata for evaluation purposes."
https://github.com/HasinthakaPiyumal/AI-Pattern-Mining-Project/tree/main/notebooks/result/ms_repo_callgraph_clusters/RepoGenesis_python/cluster_3.py,Microservices Test,1.6136550639443286,"This Python file contains a comprehensive suite of integration tests for multiple web API endpoints, covering functionalities like user management, authentication, a ""Rock-Paper-Scissors"" game, and a leaderboard system. It leverages `pytest` and the `requests` library to validate CRUD operations, API responses, performance, concurrency, and proper error handling across these distinct services."
https://github.com/HasinthakaPiyumal/AI-Pattern-Mining-Project/tree/main/notebooks/result/ms_repo_callgraph_clusters/RepoGenesis_python/cluster_17.py,Other,1.3304882383618948,"This code file exclusively defines multiple `pytest_configure` hooks, each registering various custom markers for pytest. Its primary purpose is to declare different test categories like 'slow', 'integration', 'unit', 'api', 'auth', 'upload', and 'security', enabling granular test selection and organization within a pytest test suite."
https://github.com/HasinthakaPiyumal/AI-Pattern-Mining-Project/tree/main/notebooks/result/ms_repo_callgraph_clusters/RepoGenesis_python/cluster_2.py,Other,1.3500143635774051,"This code defines `ensure_event_loop`, a utility function that guarantees an `asyncio` event loop is active in the current thread. It robustly checks for a running or existing loop, creating and setting a new one only if no loop is found, to satisfy libraries that expect one."
https://github.com/HasinthakaPiyumal/AI-Pattern-Mining-Project/tree/main/notebooks/result/ms_repo_callgraph_clusters/RepoGenesis_python/cluster_15.py,Other,1.1041110412400958,"This Python file defines a suite of utility functions to automate various development tasks, primarily focused on orchestrating different `pytest` test runs (e.g., unit, integration, smoke, coverage, parallel, specific modules) and also includes functions for code linting with `flake8` and formatting with `black`. Each function constructs and executes a specific command-line instruction via a `run_command` helper."
https://github.com/HasinthakaPiyumal/AI-Pattern-Mining-Project/tree/main/notebooks/result/ms_repo_callgraph_clusters/RepoGenesis_python/cluster_1.py,Microservices Test,1.8603131901617223,"This Python code defines an `RBACServiceTester` class that performs comprehensive integration tests against a Role-Based Access Control (RBAC) API. It systematically makes HTTP requests to create roles, assign permissions, manage user roles, and verify permission checks, logging detailed pass/fail results and providing a summary."
https://github.com/HasinthakaPiyumal/AI-Pattern-Mining-Project/tree/main/notebooks/result/ms_repo_callgraph_clusters/RepoGenesis_python/cluster_5.py,Microservices Test,1.7181790696168988,"This Python file contains a comprehensive suite of `pytest` integration tests for a multi-functional API. It rigorously validates various backend services, including statistics, health, email, file management, leaderboards, game state, and room matching, by asserting API response structures, data integrity, and error handling under diverse conditions."
https://github.com/HasinthakaPiyumal/AI-Pattern-Mining-Project/tree/main/notebooks/result/ms_repo_callgraph_clusters/RepoGenesis_python/cluster_18.py,Other,1.3556848760993572,"This Python function, `validate_uuid`, validates if an input string is a well-formed UUID by attempting to parse it into a `uuid.UUID` object within a try-except block. It returns `True` for valid UUID strings and `False` if a `ValueError` indicates an invalid format."
https://github.com/HasinthakaPiyumal/AI-Pattern-Mining-Project/tree/main/notebooks/result/ms_repo_callgraph_clusters/RepoGenesis_python/cluster_11.py,Microservices Test,1.6585794093722512,"This Python file contains a comprehensive suite of `pytest` integration and end-to-end tests for multiple distinct RESTful APIs, including game, history, likes, favorites, file storage, task management, and user authentication/management services. It thoroughly validates API endpoints, data models, authentication, pagination, and various edge cases, leveraging the `requests` library for HTTP interactions and extensive fixtures for setup and teardown."
https://github.com/HasinthakaPiyumal/AI-Pattern-Mining-Project/tree/main/notebooks/result/ms_repo_callgraph_clusters/RepoGenesis_python/cluster_7.py,Microservices Test,1.5454256496464167,"This Python file comprises an extensive suite of `pytest` integration and performance tests for several API services, covering user authentication, task management, content interaction (history, likes, favorites), system statistics, file conversion, and batch email sending. The tests rigorously validate functionality, error handling, concurrency, and edge cases across these diverse API endpoints."
https://github.com/HasinthakaPiyumal/AI-Pattern-Mining-Project/tree/main/notebooks/result/ms_repo_callgraph_clusters/RepoGenesis_python/cluster_6.py,Microservices Test,1.7804594932753144,"This Python file primarily functions as an extensive suite of integration tests for multiple API services, covering user management, task scheduling, file storage, email, and content interaction features like likes and favorites. It also includes utility functions for generating detailed LaTeX tables from API coverage results."
https://github.com/HasinthakaPiyumal/AI-Pattern-Mining-Project/tree/main/notebooks/result/ms_repo_callgraph_clusters/Chatbot_python/cluster_4.py,Business Logic,1.206669034568426,"This code defines a Streamlit interface for uploading text files and interacting with a chatbot, which then uses a FastAPI backend to process user questions against the uploaded documents via an `answer_question` function. It effectively creates a document-based conversational AI system where users can query their uploaded content."
https://github.com/HasinthakaPiyumal/AI-Pattern-Mining-Project/tree/main/notebooks/result/ms_repo_callgraph_clusters/Chatbot_python/cluster_0.py,Business Logic,1.8038065726876482,"This code defines FastAPI endpoints for a service managing ""collections,"" featuring a function to fetch them from an external chatbot API and another endpoint to retrieve them from a local database via an ORM. The presence of multiple root endpoints suggests it's a compilation of related API definitions from different service contexts (AI, chatbot, document management)."
https://github.com/HasinthakaPiyumal/AI-Pattern-Mining-Project/tree/main/notebooks/result/ms_repo_callgraph_clusters/Chatbot_python/cluster_3.py,Other,1.3136062110073765,"This Python generator function, `stream_response`, simulates a word-by-word text stream by splitting an input string and yielding each word with a small time delay, effectively creating a 'typewriter' or 'streaming' display effect."
https://github.com/HasinthakaPiyumal/AI-Pattern-Mining-Project/tree/main/notebooks/result/ms_repo_callgraph_clusters/Chatbot_python/cluster_2.py,Business Logic,1.4542034993392607,"This Python code defines a FastAPI backend for a Retrieval Augmented Generation (RAG) conversational AI system. It manages user conversation history in Redis, retrieves relevant documents from an external service, and then uses an LLM service (e.g., Gemma) to generate context-aware answers to user questions."
https://github.com/HasinthakaPiyumal/AI-Pattern-Mining-Project/tree/main/notebooks/result/ms_repo_callgraph_clusters/Chatbot_python/cluster_5.py,Business Logic,1.1822064543418893,"This FastAPI application provides endpoints for uploading, saving, and retrieving text documents. It processes uploaded `.txt` files, converts their content into embeddable documents, and stores them in a PostgreSQL vector database (`PGVector`) for efficient semantic retrieval."
https://github.com/HasinthakaPiyumal/AI-Pattern-Mining-Project/tree/main/notebooks/result/ms_repo_callgraph_clusters/Hands-on-Microservices-with-Python_python/cluster_0.py,Business Logic,1.694223801990878,"This Python file defines client classes (`ProductClient`, `OrderClient`, `UserClient`) that serve as an API gateway, making HTTP requests to respective microservices for product, order, and user management. It encapsulates operations like fetching product data, managing shopping carts and checkout, and handling user authentication and creation, often utilizing JSON payloads and API key authorization."
https://github.com/HasinthakaPiyumal/AI-Pattern-Mining-Project/tree/main/notebooks/result/ms_repo_callgraph_clusters/Hands-on-Microservices-with-Python_python/cluster_3.py,Microservices Security,1.2242882261095989,"This Flask route handles user registration, processing form submissions to validate user input, check for existing usernames via a `UserClient`, and create new user accounts. It provides user feedback using flash messages and redirects upon successful registration or re-renders the form with validation errors."
https://github.com/HasinthakaPiyumal/AI-Pattern-Mining-Project/tree/main/notebooks/result/ms_repo_callgraph_clusters/Hands-on-Microservices-with-Python_python/cluster_2.py,Business Logic,1.5825872281311109,"This Flask frontend code defines routes for an e-commerce application, managing product display, user logout, adding items to a shopping cart, and order confirmation. It leverages `ProductClient` and `OrderClient` for backend interactions and uses Flask's session to maintain user and order state."
https://github.com/HasinthakaPiyumal/AI-Pattern-Mining-Project/tree/main/notebooks/result/ms_repo_callgraph_clusters/microservices-demo_python/cluster_0.py,Business Logic,1.4043762326113574,"This Python function, `service_row`, constructs a dashboard `Row` object for a specified service, displaying its title and two panels. These panels are dynamically generated by separate functions to visualize the service's QPS and latency graphs, indicating a modular approach to building monitoring or analytics dashboards."
https://github.com/HasinthakaPiyumal/AI-Pattern-Mining-Project/tree/main/notebooks/result/ms_repo_callgraph_clusters/microservices-demo_python/cluster_1.py,Other,1.434066175166294,"This Python code defines functions to generate Grafana-compatible graph configurations for monitoring service performance. It specifically creates graphs for Queries Per Second (QPS) by status code and request latency (50th, 99th percentiles, and mean) by constructing parameterized Prometheus query language (PromQL) expressions."
